player_id,player_name,team,position,as_of_date,age,age_sq,age_over_30,is_big,is_guard,minutes_l7,minutes_l14,minutes_l30,minutes_spike_7v30,games_l7,games_l14,games_l30,road_games_l14,back_to_backs_l14,avg_rest_days_l14,minutes_trend_slope,season_minutes_total,games_played_season,usage_proxy,team_pace,efficiency_drop,prior_injuries_365d,days_since_last_injury,injury_prone_flag,recurrence_same_area,injured_next_14d,true_risk
1022,Aaron Gordon,DEN,PF,2024-10-26,31,9.61,1.0,1,0,33.38,29.77,29.53,0.13,1,4,10,0,1,0.6,-0.156,75.2,2,0.762,96.72,0.048,1,18,0,0,0,0.5818
1022,Aaron Gordon,DEN,PF,2024-10-28,30,9.0,0.0,1,0,26.55,25.39,26.29,0.01,1,4,11,4,0,1.22,-0.747,149.6,5,0.805,97.29,0.01,1,21,0,1,1,0.5514
1022,Aaron Gordon,DEN,PF,2024-11-03,30,9.0,0.0,1,0,27.47,21.74,14.95,0.838,3,6,13,4,2,1.71,0.815,293.4,12,0.622,98.01,0.212,1,13,0,0,0,0.85
1022,Aaron Gordon,DEN,PF,2024-11-07,30,9.0,0.0,1,0,19.91,18.57,20.76,-0.041,3,5,9,2,2,2.01,-0.086,329.0,14,0.783,97.28,0.016,1,40,0,0,0,0.517
1022,Aaron Gordon,DEN,PF,2024-11-21,29,8.41,0.0,1,0,31.31,25.72,29.07,0.077,1,4,8,0,2,1.13,-0.32,425.2,16,0.764,97.85,0.033,0,394,0,0,0,0.3233
1022,Aaron Gordon,DEN,PF,2024-11-21,30,9.0,0.0,1,0,28.89,27.84,30.25,-0.045,2,6,10,3,2,0.99,0.566,504.3,19,0.745,97.94,0.009,1,20,0,1,1,0.8192
1022,Aaron Gordon,DEN,PF,2024-11-25,29,8.41,0.0,1,0,29.12,25.31,23.67,0.23,1,5,11,0,2,0.79,0.43,383.7,16,0.848,98.4,0.058,0,271,0,0,0,0.4415
1022,Aaron Gordon,DEN,PF,2024-11-27,30,9.0,0.0,1,0,27.9,26.23,34.37,-0.188,3,6,11,4,1,1.61,-0.116,621.2,21,0.7,97.95,0.0,1,73,0,0,0,0.4791
1022,Aaron Gordon,DEN,PF,2024-11-28,31,9.61,1.0,1,0,25.44,23.75,24.28,0.047,2,4,9,3,0,2.24,0.136,520.8,21,0.394,97.63,0.0,2,32,0,1,1,0.5477
1022,Aaron Gordon,DEN,PF,2024-11-29,30,9.0,0.0,1,0,28.55,25.5,25.62,0.114,3,6,13,3,2,1.34,0.328,401.2,17,0.573,98.75,0.154,1,20,0,1,1,0.85
1022,Aaron Gordon,DEN,PF,2024-11-30,29,8.41,0.0,1,0,22.45,21.41,20.77,0.081,3,5,10,2,0,2.23,-0.416,364.8,19,0.806,96.76,0.0,1,67,0,0,1,0.2652
1022,Aaron Gordon,DEN,PF,2024-12-07,29,8.41,0.0,1,0,36.72,33.55,31.55,0.164,3,6,10,1,0,1.9,0.623,637.6,21,0.859,98.1,0.035,0,316,0,0,1,0.2394
1022,Aaron Gordon,DEN,PF,2024-12-10,29,8.41,0.0,1,0,25.13,25.78,33.51,-0.25,2,4,13,3,0,1.15,-0.036,711.9,24,0.416,96.94,0.015,0,310,0,0,0,0.1308
1022,Aaron Gordon,DEN,PF,2024-12-10,31,9.61,1.0,1,0,29.13,27.49,25.63,0.137,2,6,15,5,2,1.87,0.389,686.5,28,0.681,98.0,0.146,1,36,0,0,0,0.8315
1022,Aaron Gordon,DEN,PF,2024-12-13,29,8.41,0.0,1,0,31.36,31.77,24.99,0.255,2,5,12,0,0,2.6,-0.308,823.8,30,0.389,99.27,0.159,0,189,0,0,0,0.1496
1022,Aaron Gordon,DEN,PF,2024-12-15,29,8.41,0.0,1,0,30.7,33.75,30.77,-0.002,3,5,14,4,1,1.62,-0.046,859.1,30,0.62,97.84,0.041,0,252,0,0,0,0.2817
1022,Aaron Gordon,DEN,PF,2024-12-16,31,9.61,1.0,1,0,36.39,33.1,32.99,0.103,3,5,10,4,0,1.51,-0.176,969.3,29,0.79,98.13,0.0,0,332,0,0,0,0.2448
1022,Aaron Gordon,DEN,PF,2024-12-26,30,9.0,0.0,1,0,35.95,33.83,36.47,-0.014,1,4,11,2,1,2.17,0.32,1236.6,36,0.789,97.42,0.012,0,254,0,0,0,0.2452
1022,Aaron Gordon,DEN,PF,2025-01-01,31,9.61,1.0,1,0,30.08,31.88,28.0,0.074,1,5,12,2,0,2.41,0.019,1034.4,35,0.619,98.36,0.0,0,149,0,0,0,0.1576
1022,Aaron Gordon,DEN,PF,2025-01-11,31,9.61,1.0,1,0,40.51,35.82,37.47,0.081,3,7,11,6,1,1.3,-0.339,1577.1,43,0.749,97.16,0.0,0,294,0,0,0,0.4359
1022,Aaron Gordon,DEN,PF,2025-01-20,31,9.61,1.0,1,0,30.38,25.61,30.63,-0.008,3,5,12,1,1,2.21,0.352,1297.3,44,0.761,96.72,0.047,1,76,0,0,0,0.4309
1022,Aaron Gordon,DEN,PF,2025-01-20,29,8.41,0.0,1,0,20.1,22.23,18.63,0.079,1,4,10,3,1,1.58,-0.544,913.9,43,0.923,99.56,0.041,1,84,0,0,0,0.4471
1022,Aaron Gordon,DEN,PF,2025-01-25,31,9.61,1.0,1,0,42.0,40.0,37.03,0.134,2,4,9,0,0,1.78,0.555,1644.4,43,0.877,99.18,0.178,1,69,0,0,0,0.5391
1022,Aaron Gordon,DEN,PF,2025-01-26,29,8.41,0.0,1,0,34.42,33.43,36.44,-0.055,2,5,12,3,0,1.58,0.172,1458.4,43,0.565,98.07,0.0,0,128,0,0,0,0.2361
1022,Aaron Gordon,DEN,PF,2025-02-03,30,9.0,0.0,1,0,25.67,27.56,24.33,0.055,1,5,13,3,1,1.7,0.301,1329.2,47,0.503,97.52,0.025,2,87,0,0,0,0.5716
1022,Aaron Gordon,DEN,PF,2025-02-07,31,9.61,1.0,1,0,24.92,23.4,21.57,0.155,1,5,12,0,2,1.17,0.571,1201.8,53,0.782,97.9,0.024,0,220,0,0,0,0.388
1022,Aaron Gordon,DEN,PF,2025-02-07,31,9.61,1.0,1,0,26.77,26.03,27.43,-0.024,3,7,15,7,1,1.96,-0.34,1306.7,49,0.735,98.44,0.034,3,89,1,0,0,0.8214
1022,Aaron Gordon,DEN,PF,2025-02-07,30,9.0,0.0,1,0,27.14,25.91,24.44,0.11,3,7,16,5,1,1.15,-0.138,1283.0,51,0.72,95.85,0.0,1,77,0,0,1,0.6205
1022,Aaron Gordon,DEN,PF,2025-02-10,31,9.61,1.0,1,0,23.79,24.07,23.84,-0.002,2,4,13,4,0,1.71,-0.678,1434.9,56,0.48,97.65,0.026,0,167,0,0,0,0.1647
1022,Aaron Gordon,DEN,PF,2025-02-11,30,9.0,0.0,1,0,30.49,26.55,23.1,0.32,4,7,15,1,3,1.24,0.191,1210.9,50,0.989,96.65,0.204,1,83,0,1,1,0.85
1022,Aaron Gordon,DEN,PF,2025-02-13,31,9.61,1.0,1,0,28.0,25.76,22.47,0.246,2,6,10,3,2,1.42,-0.142,1371.2,57,0.797,97.73,0.045,1,69,0,0,1,0.7361
1022,Aaron Gordon,DEN,PF,2025-02-15,31,9.61,1.0,1,0,33.54,32.56,28.7,0.169,3,6,11,3,0,1.16,-0.383,1592.8,52,0.718,98.45,0.038,1,36,0,1,0,0.6452
1022,Aaron Gordon,DEN,PF,2025-02-16,31,9.61,1.0,1,0,25.72,23.99,23.36,0.101,3,6,10,4,0,2.57,-0.339,1465.6,56,0.749,97.76,0.049,1,72,0,0,0,0.3346
1022,Aaron Gordon,DEN,PF,2025-02-19,31,9.61,1.0,1,0,25.5,23.17,24.33,0.048,1,4,13,1,1,2.53,-0.084,1470.0,59,0.732,99.37,0.03,1,20,0,0,1,0.4353
1022,Aaron Gordon,DEN,PF,2025-02-23,29,8.41,0.0,1,0,36.26,40.0,37.05,-0.021,2,5,9,3,3,1.32,-0.115,2284.6,59,0.745,98.03,0.026,0,368,0,0,1,0.5405
1022,Aaron Gordon,DEN,PF,2025-03-03,30,9.0,0.0,1,0,34.9,39.55,38.0,-0.081,2,5,13,0,0,2.1,-0.424,2258.0,59,0.469,96.95,0.053,0,350,0,0,0,0.1113
1022,Aaron Gordon,DEN,PF,2025-03-05,29,8.41,0.0,1,0,28.11,28.63,28.35,-0.009,2,5,13,4,1,2.26,-0.35,1770.4,66,0.746,98.93,0.0,0,388,0,0,0,0.2159
1022,Aaron Gordon,DEN,PF,2025-03-07,30,9.0,0.0,1,0,16.85,15.3,20.44,-0.176,1,4,13,4,0,2.27,0.046,1022.0,63,0.774,98.29,0.012,0,253,0,0,0,0.1035
1022,Aaron Gordon,DEN,PF,2025-03-08,31,9.61,1.0,1,0,26.21,23.52,31.25,-0.161,3,5,9,5,0,1.73,-0.407,1760.9,66,0.823,98.46,0.0,0,398,0,0,0,0.168
1022,Aaron Gordon,DEN,PF,2025-03-10,31,9.61,1.0,1,0,39.58,37.35,38.0,0.042,3,6,13,1,0,1.83,0.353,2400.2,66,1.051,98.31,0.0,0,276,0,0,0,0.2152
1022,Aaron Gordon,DEN,PF,2025-03-11,31,9.61,1.0,1,0,41.18,35.88,35.32,0.166,3,6,13,0,0,1.17,0.237,2431.4,63,0.639,98.41,0.008,0,385,0,0,0,0.2346
1022,Aaron Gordon,DEN,PF,2025-03-13,29,8.41,0.0,1,0,29.26,30.63,26.58,0.101,2,5,12,2,0,2.28,-1.071,2072.2,68,0.916,98.31,0.008,0,317,0,0,0,0.1359
1022,Aaron Gordon,DEN,PF,2025-03-16,29,8.41,0.0,1,0,27.69,29.33,32.16,-0.139,2,4,8,2,1,1.83,-0.394,2110.7,70,0.64,97.07,0.041,0,206,0,0,0,0.1899
1022,Aaron Gordon,DEN,PF,2025-03-20,29,8.41,0.0,1,0,38.08,32.25,34.18,0.114,3,5,13,1,3,1.2,0.613,2234.7,68,0.867,97.34,0.102,0,323,0,0,0,0.667
1022,Aaron Gordon,DEN,PF,2025-03-23,29,8.41,0.0,1,0,26.73,26.57,26.15,0.022,3,7,11,4,0,2.0,0.232,2032.7,72,0.531,98.19,0.052,0,293,0,0,0,0.1533
1022,Aaron Gordon,DEN,PF,2025-03-25,29,8.41,0.0,1,0,29.11,31.52,32.64,-0.108,2,4,8,0,0,1.47,-0.54,2333.9,72,0.856,97.89,0.021,0,148,0,0,0,0.1465
1022,Aaron Gordon,DEN,PF,2025-03-25,30,9.0,0.0,1,0,24.43,25.7,27.23,-0.103,3,6,14,0,0,2.0,-0.399,1732.9,72,0.797,99.65,0.0,1,60,0,0,1,0.2491
1022,Aaron Gordon,DEN,PF,2025-03-26,29,8.41,0.0,1,0,25.24,24.18,22.46,0.124,2,5,10,2,0,1.86,0.299,1653.0,70,0.758,99.27,0.045,1,40,0,1,0,0.5294
1022,Aaron Gordon,DEN,PF,2025-03-28,31,9.61,1.0,1,0,32.36,31.03,28.88,0.121,3,6,10,6,0,2.3,0.392,2442.6,71,0.843,99.44,0.005,1,87,0,1,1,0.6234
1022,Aaron Gordon,DEN,PF,2025-03-30,31,9.61,1.0,1,0,26.07,25.52,26.83,-0.028,2,4,8,4,3,1.56,-0.168,1658.6,72,0.739,98.21,0.139,1,18,0,0,0,0.8161
1022,Aaron Gordon,DEN,PF,2025-03-30,29,8.41,0.0,1,0,36.35,29.95,36.34,0.0,2,4,8,0,1,1.83,-0.581,2335.2,72,0.518,97.58,0.033,0,380,0,0,0,0.1884
1022,Aaron Gordon,DEN,PF,2025-03-30,29,8.41,0.0,1,0,37.59,35.74,33.53,0.121,2,5,13,4,0,1.3,-0.01,2448.4,72,0.536,97.98,0.051,1,76,0,0,1,0.5009
1013,Andrew Wiggins,GSW,SF,2024-10-26,31,9.61,1.0,0,0,23.03,24.34,18.76,0.228,3,6,14,5,1,2.56,0.9,-5.4,4,0.585,104.01,0.106,0,289,0,0,0,0.3222
1013,Andrew Wiggins,GSW,SF,2024-11-01,30,9.0,0.0,0,0,32.91,35.99,33.08,-0.005,1,4,10,1,1,1.82,-0.097,329.7,9,0.611,103.58,0.032,0,216,0,0,0,0.1374
1013,Andrew Wiggins,GSW,SF,2024-11-01,30,9.0,0.0,0,0,24.05,21.94,18.44,0.304,1,5,9,0,1,1.7,1.062,190.2,9,0.79,103.17,0.107,1,14,0,0,1,0.6122
1013,Andrew Wiggins,GSW,SF,2024-11-02,30,9.0,0.0,0,0,29.09,29.89,30.26,-0.039,2,5,12,0,1,1.59,-0.424,180.9,6,0.68,101.98,0.014,0,197,0,0,0,0.1137
1013,Andrew Wiggins,GSW,SF,2024-11-03,29,8.41,0.0,0,0,42.0,40.0,34.67,0.211,3,7,11,7,3,1.19,0.156,312.5,8,0.604,102.12,0.131,0,377,0,0,1,0.7161
1013,Andrew Wiggins,GSW,SF,2024-11-06,29,8.41,0.0,0,0,31.33,29.88,29.65,0.057,2,4,11,4,2,0.8,-0.657,346.1,11,0.734,101.98,0.0,1,67,0,0,1,0.5713
1013,Andrew Wiggins,GSW,SF,2024-11-06,31,9.61,1.0,0,0,38.86,36.33,28.89,0.345,4,7,16,6,3,0.9,0.416,297.3,8,0.642,102.96,0.172,0,176,0,0,1,0.8339
1013,Andrew Wiggins,GSW,SF,2024-11-10,30,9.0,0.0,0,0,26.26,23.48,24.53,0.07,2,6,11,5,0,2.19,0.445,425.9,15,0.495,101.89,0.007,0,233,0,0,0,0.1186
1013,Andrew Wiggins,GSW,SF,2024-11-12,30,9.0,0.0,0,0,30.98,24.07,23.47,0.32,2,4,8,0,1,1.6,-0.097,276.8,12,0.795,102.49,0.093,2,50,0,0,1,0.5879
1013,Andrew Wiggins,GSW,SF,2024-11-14,30,9.0,0.0,0,0,36.2,38.04,37.6,-0.037,1,3,10,0,0,1.79,-0.2,380.9,11,0.771,103.81,0.026,0,168,0,0,0,0.1028
1013,Andrew Wiggins,GSW,SF,2024-11-17,29,8.41,0.0,0,0,32.93,32.51,33.23,-0.009,3,7,13,7,0,1.83,-0.284,487.0,14,0.716,104.18,0.0,0,362,0,0,1,0.1695
1013,Andrew Wiggins,GSW,SF,2024-11-24,31,9.61,1.0,0,0,36.46,37.91,38.0,-0.041,2,6,14,0,1,0.91,-0.004,741.9,20,0.655,103.68,0.023,0,396,0,0,0,0.173
1013,Andrew Wiggins,GSW,SF,2024-11-28,31,9.61,1.0,0,0,32.16,30.97,29.35,0.096,1,3,12,3,0,1.5,-0.586,638.0,19,0.787,102.48,0.0,0,238,0,0,0,0.1352
1013,Andrew Wiggins,GSW,SF,2024-11-29,30,9.0,0.0,0,0,30.79,36.71,32.41,-0.05,3,5,9,4,0,2.42,0.167,731.6,21,0.841,102.34,0.027,1,22,0,0,1,0.3031
1013,Andrew Wiggins,GSW,SF,2024-11-29,30,9.0,0.0,0,0,39.03,35.87,36.88,0.058,3,6,12,0,0,2.68,0.568,811.9,19,0.903,103.43,0.026,2,50,0,0,0,0.3716
1013,Andrew Wiggins,GSW,SF,2024-12-01,31,9.61,1.0,0,0,27.58,26.6,26.44,0.043,2,5,10,0,1,2.86,-0.248,654.6,23,0.625,103.66,0.055,0,174,0,0,0,0.1044
1013,Andrew Wiggins,GSW,SF,2024-12-12,31,9.61,1.0,0,0,30.61,33.08,35.73,-0.143,2,6,10,1,1,1.12,0.04,784.8,26,0.645,103.09,0.004,0,398,0,0,0,0.1443
1013,Andrew Wiggins,GSW,SF,2024-12-17,29,8.41,0.0,0,0,34.71,35.26,33.32,0.042,3,6,14,2,1,0.82,0.33,876.9,28,0.67,103.79,0.181,0,137,0,0,1,0.3426
1013,Andrew Wiggins,GSW,SF,2024-12-24,31,9.61,1.0,0,0,25.95,21.48,25.61,0.013,3,6,11,0,1,1.91,-1.001,691.3,34,0.666,103.68,0.045,0,167,0,0,0,0.1283
1013,Andrew Wiggins,GSW,SF,2024-12-24,30,9.0,0.0,0,0,25.07,24.79,29.2,-0.141,2,5,13,3,0,2.31,0.055,913.0,34,0.736,102.06,0.044,1,79,0,0,0,0.1928
1013,Andrew Wiggins,GSW,SF,2024-12-26,29,8.41,0.0,0,0,27.1,25.46,29.28,-0.074,3,5,11,5,0,1.8,0.121,736.6,29,0.613,101.85,0.0,0,251,0,0,0,0.1062
1013,Andrew Wiggins,GSW,SF,2025-01-08,31,9.61,1.0,0,0,29.83,27.38,32.59,-0.085,1,3,8,2,2,1.59,0.202,1144.9,38,0.509,103.21,0.068,0,331,0,0,0,0.2598
1013,Andrew Wiggins,GSW,SF,2025-01-14,30,9.0,0.0,0,0,27.08,25.84,23.32,0.161,3,5,11,2,1,1.51,-0.191,856.2,39,0.741,102.91,0.0,1,46,0,0,0,0.4311
1013,Andrew Wiggins,GSW,SF,2025-01-19,29,8.41,0.0,0,0,23.92,24.82,18.89,0.266,3,6,10,4,0,1.81,-0.078,943.7,43,0.782,103.39,0.0,0,287,0,0,0,0.1455
1013,Andrew Wiggins,GSW,SF,2025-01-20,30,9.0,0.0,0,0,30.29,34.32,29.28,0.034,2,6,13,5,0,2.01,0.301,1284.9,41,0.686,102.73,0.152,0,349,0,0,0,0.1607
1013,Andrew Wiggins,GSW,SF,2025-01-21,30,9.0,0.0,0,0,25.42,28.23,28.69,-0.114,2,6,10,6,1,1.86,0.454,1189.9,42,0.801,102.84,0.062,0,378,0,0,0,0.2308
1013,Andrew Wiggins,GSW,SF,2025-01-22,31,9.61,1.0,0,0,30.57,29.38,30.35,0.007,4,7,15,6,1,1.44,0.823,1252.2,47,0.801,102.64,0.229,2,12,0,0,1,0.8139
1013,Andrew Wiggins,GSW,SF,2025-01-24,29,8.41,0.0,0,0,37.45,37.43,38.0,-0.015,2,5,11,1,1,1.96,0.695,1743.5,46,0.926,103.77,0.063,0,376,0,0,0,0.2222
1013,Andrew Wiggins,GSW,SF,2025-01-25,31,9.61,1.0,0,0,23.84,21.44,22.28,0.07,2,4,9,2,0,2.0,-0.046,977.1,47,0.85,103.84,0.033,0,246,0,0,0,0.0877
1013,Andrew Wiggins,GSW,SF,2025-01-28,29,8.41,0.0,0,0,29.8,28.84,27.12,0.099,2,6,14,0,0,1.91,-0.242,1304.5,46,0.615,103.4,0.051,0,166,0,0,0,0.1077
1013,Andrew Wiggins,GSW,SF,2025-01-29,31,9.61,1.0,0,0,25.66,25.7,25.44,0.009,2,6,14,5,2,1.06,-0.158,1113.9,45,0.458,103.02,0.039,0,130,0,0,0,0.395
1013,Andrew Wiggins,GSW,SF,2025-01-29,29,8.41,0.0,0,0,34.54,34.5,33.13,0.043,1,4,9,4,0,2.24,-0.305,1638.6,49,0.81,103.86,0.014,1,48,0,0,0,0.3194
1013,Andrew Wiggins,GSW,SF,2025-02-07,30,9.0,0.0,0,0,35.54,34.33,31.97,0.112,4,6,15,6,1,1.53,0.688,1667.8,51,0.516,102.26,0.234,0,180,0,0,1,0.4842
1013,Andrew Wiggins,GSW,SF,2025-02-09,30,9.0,0.0,0,0,25.2,23.75,26.29,-0.042,3,7,11,6,1,1.87,-0.353,1178.1,50,0.899,103.37,0.101,1,49,0,1,0,0.5901
1013,Andrew Wiggins,GSW,SF,2025-02-09,29,8.41,0.0,0,0,35.83,35.89,33.02,0.085,3,6,15,5,3,1.22,0.481,1617.7,52,1.053,102.33,0.12,2,43,0,0,1,0.85
1013,Andrew Wiggins,GSW,SF,2025-02-10,31,9.61,1.0,0,0,26.93,29.65,28.82,-0.066,2,5,10,0,2,1.65,0.109,1440.5,54,0.662,103.08,0.019,0,338,0,0,1,0.1882
1013,Andrew Wiggins,GSW,SF,2025-02-14,30,9.0,0.0,0,0,37.04,35.03,28.25,0.311,4,6,11,3,0,1.78,1.002,1623.3,54,0.436,102.72,0.166,2,11,0,0,1,0.7275
1013,Andrew Wiggins,GSW,SF,2025-02-15,29,8.41,0.0,0,0,25.04,28.35,29.47,-0.15,2,5,13,1,1,1.45,0.494,1595.2,59,0.717,103.46,0.09,0,241,0,0,1,0.1696
1013,Andrew Wiggins,GSW,SF,2025-02-17,31,9.61,1.0,0,0,29.05,24.71,26.93,0.079,2,6,14,3,1,2.46,-0.072,1527.2,57,0.683,102.93,0.039,0,201,0,0,0,0.1686
1013,Andrew Wiggins,GSW,SF,2025-02-18,29,8.41,0.0,0,0,33.44,38.01,36.08,-0.073,1,4,13,2,1,1.11,0.773,2188.4,61,0.907,103.17,0.047,1,58,0,0,0,0.5243
1013,Andrew Wiggins,GSW,SF,2025-02-20,30,9.0,0.0,0,0,24.06,24.81,23.6,0.019,2,5,13,5,0,2.24,0.748,1503.3,57,0.732,102.95,0.055,1,66,0,0,1,0.3318
1013,Andrew Wiggins,GSW,SF,2025-02-23,29,8.41,0.0,0,0,25.45,27.9,24.87,0.023,2,6,10,2,3,1.28,0.477,1531.6,61,0.61,101.8,0.101,2,56,0,1,1,0.8301
1013,Andrew Wiggins,GSW,SF,2025-03-02,29,8.41,0.0,0,0,18.98,16.69,14.71,0.29,3,7,14,1,0,1.75,-0.215,1076.6,65,0.598,102.97,0.124,2,22,0,1,1,0.5503
1013,Andrew Wiggins,GSW,SF,2025-03-02,30,9.0,0.0,0,0,26.05,27.85,25.08,0.039,1,4,9,1,0,1.64,-0.021,1804.9,65,0.655,102.64,0.015,0,392,0,0,0,0.0747
1013,Andrew Wiggins,GSW,SF,2025-03-11,29,8.41,0.0,0,0,27.16,28.71,27.29,-0.005,3,5,9,1,1,1.77,0.903,1763.0,69,0.755,103.29,0.106,1,15,0,0,0,0.4887
1013,Andrew Wiggins,GSW,SF,2025-03-12,30,9.0,0.0,0,0,28.8,30.9,29.82,-0.034,2,4,8,4,0,2.44,0.065,2071.3,69,0.803,102.27,0.094,1,88,0,0,0,0.2219
1013,Andrew Wiggins,GSW,SF,2025-03-18,31,9.61,1.0,0,0,29.17,26.46,30.42,-0.041,1,3,10,2,1,1.81,0.445,2042.4,71,0.672,102.55,0.0,0,240,0,0,0,0.1649
1013,Andrew Wiggins,GSW,SF,2025-03-21,30,9.0,0.0,0,0,42.0,37.01,34.56,0.215,4,6,12,3,0,1.93,0.56,2441.9,72,0.586,103.6,0.182,0,377,0,0,1,0.2645
1013,Andrew Wiggins,GSW,SF,2025-03-22,31,9.61,1.0,0,0,24.58,25.22,28.38,-0.134,2,6,13,5,0,1.77,-0.078,1771.2,68,1.012,102.32,0.054,1,34,0,0,0,0.3405
1013,Andrew Wiggins,GSW,SF,2025-03-22,31,9.61,1.0,0,0,28.55,28.31,28.29,0.009,2,5,9,0,0,1.92,0.979,2153.9,72,0.808,102.95,0.109,0,232,0,0,0,0.1189
1013,Andrew Wiggins,GSW,SF,2025-03-23,29,8.41,0.0,0,0,32.23,30.82,34.67,-0.07,2,4,10,3,0,2.14,0.181,2431.3,72,0.721,102.27,0.0,1,11,0,0,0,0.3066
1013,Andrew Wiggins,GSW,SF,2025-03-28,30,9.0,0.0,0,0,38.53,34.68,32.76,0.176,2,6,12,4,2,1.63,0.286,2188.8,71,0.437,103.27,0.092,0,229,0,0,0,0.4529
1001,Anthony Davis,LAL,PF,2024-10-23,32,10.24,2.0,1,0,39.59,37.04,38.0,0.042,2,6,15,5,2,0.71,-0.547,90.5,3,0.472,101.63,0.0,1,62,1,1,1,0.85
1001,Anthony Davis,LAL,PF,2024-10-24,32,10.24,2.0,1,0,37.61,34.42,34.01,0.106,1,4,12,1,0,2.76,0.774,125.2,5,0.683,99.33,0.085,1,43,1,1,1,0.7034
1001,Anthony Davis,LAL,PF,2024-11-07,33,10.89,3.0,1,0,35.9,37.97,34.86,0.03,1,3,10,2,0,2.07,0.708,486.3,14,0.611,100.41,0.123,0,319,1,0,1,0.3393
1001,Anthony Davis,LAL,PF,2024-11-07,33,10.89,3.0,1,0,27.58,23.81,23.48,0.175,4,7,14,7,0,1.58,0.366,189.7,8,0.749,100.77,0.202,3,74,1,1,1,0.85
1001,Anthony Davis,LAL,PF,2024-11-13,32,10.24,2.0,1,0,32.44,35.52,34.2,-0.051,2,6,12,6,0,2.2,0.783,560.5,15,0.3,100.75,0.082,1,59,1,1,1,0.7539
1001,Anthony Davis,LAL,PF,2024-11-15,34,11.56,4.0,1,0,25.98,26.81,26.96,-0.037,2,4,9,3,0,1.85,-0.391,350.7,11,0.633,99.5,0.039,0,173,1,0,1,0.2438
1001,Anthony Davis,LAL,PF,2024-11-20,32,10.24,2.0,1,0,28.36,26.95,28.18,0.006,3,7,13,7,0,2.07,-0.32,385.5,16,0.662,100.57,0.044,2,65,1,1,1,0.7753
1001,Anthony Davis,LAL,PF,2024-11-21,33,10.89,3.0,1,0,26.43,27.31,25.45,0.038,2,6,10,1,0,1.28,0.445,563.7,20,0.878,100.11,0.068,1,13,1,1,1,0.7099
1001,Anthony Davis,LAL,PF,2024-11-24,33,10.89,3.0,1,0,38.86,35.14,29.6,0.313,4,6,15,5,1,0.85,1.106,640.3,19,0.728,100.32,0.163,5,52,1,1,1,0.85
1001,Anthony Davis,LAL,PF,2024-11-24,32,10.24,2.0,1,0,23.41,24.87,20.44,0.145,4,7,11,5,2,0.7,0.438,288.5,14,0.663,101.53,0.192,3,45,1,1,1,0.85
1001,Anthony Davis,LAL,PF,2024-11-25,34,11.56,4.0,1,0,33.24,26.77,29.38,0.131,1,5,9,2,0,1.53,-0.5,634.8,22,0.552,100.09,0.0,0,326,1,0,0,0.3006
1001,Anthony Davis,LAL,PF,2024-11-25,34,11.56,4.0,1,0,34.01,28.01,33.36,0.02,1,4,9,4,1,1.11,0.384,698.8,21,0.485,99.99,0.123,1,28,1,1,1,0.85
1001,Anthony Davis,LAL,PF,2024-11-29,33,10.89,3.0,1,0,30.14,24.64,27.65,0.09,4,7,11,1,0,1.08,0.814,373.1,18,0.718,100.44,0.126,1,88,1,1,1,0.7146
1001,Anthony Davis,LAL,PF,2024-11-29,32,10.24,2.0,1,0,38.45,33.43,34.06,0.129,1,3,8,1,2,1.12,-0.197,816.3,22,0.639,99.48,0.0,0,389,1,0,1,0.5516
1001,Anthony Davis,LAL,PF,2024-11-30,34,11.56,4.0,1,0,31.72,33.45,31.37,0.011,2,4,13,4,1,0.86,0.155,575.6,19,0.853,100.76,0.03,0,154,1,0,1,0.5514
1001,Anthony Davis,LAL,PF,2024-12-07,33,10.89,3.0,1,0,30.24,28.73,25.03,0.208,2,4,10,4,0,1.67,0.641,608.2,23,0.737,100.42,0.0,2,45,1,1,0,0.85
1001,Anthony Davis,LAL,PF,2024-12-15,34,11.56,4.0,1,0,25.57,30.48,26.44,-0.033,2,6,14,1,1,1.6,-0.096,730.1,28,0.589,100.74,0.021,0,398,1,0,0,0.3174
1001,Anthony Davis,LAL,PF,2024-12-23,34,11.56,4.0,1,0,36.65,37.52,37.5,-0.023,2,4,8,2,0,2.15,0.411,1003.4,29,0.769,99.94,0.0,2,85,1,1,1,0.7233
1001,Anthony Davis,LAL,PF,2024-12-25,32,10.24,2.0,1,0,31.41,31.58,34.67,-0.094,3,5,10,4,1,1.59,0.293,1054.8,35,0.357,100.63,0.07,2,68,1,1,1,0.8425
1001,Anthony Davis,LAL,PF,2024-12-26,33,10.89,3.0,1,0,24.93,25.02,24.67,0.01,1,3,8,2,0,1.97,0.352,980.9,36,0.674,100.35,0.0,2,61,1,1,0,0.6688
1001,Anthony Davis,LAL,PF,2024-12-29,32,10.24,2.0,1,0,31.41,31.72,32.81,-0.043,1,4,11,2,2,1.82,-0.342,1195.1,35,0.805,100.78,0.038,3,84,1,1,1,0.85
1001,Anthony Davis,LAL,PF,2025-01-03,32,10.24,2.0,1,0,38.02,40.0,38.0,0.0,1,4,8,3,1,1.51,0.393,1258.8,34,0.688,101.69,0.095,2,77,1,1,1,0.85
1001,Anthony Davis,LAL,PF,2025-01-06,33,10.89,3.0,1,0,21.41,19.1,19.69,0.088,2,4,12,4,0,2.19,0.332,769.6,34,0.61,100.43,0.022,1,86,1,1,1,0.5974
1001,Anthony Davis,LAL,PF,2025-01-07,32,10.24,2.0,1,0,25.9,27.02,25.29,0.024,2,4,10,2,3,0.86,1.064,957.4,35,0.681,99.8,0.028,0,215,1,0,1,0.7014
1001,Anthony Davis,LAL,PF,2025-01-09,32,10.24,2.0,1,0,33.22,36.84,32.48,0.023,1,5,12,0,0,1.82,0.631,1396.9,40,0.821,100.53,0.115,3,14,1,1,1,0.8466
1001,Anthony Davis,LAL,PF,2025-01-14,33,10.89,3.0,1,0,34.19,33.49,32.65,0.047,1,5,13,4,0,1.39,0.732,1467.2,42,0.515,99.18,0.037,2,18,1,1,1,0.85
1001,Anthony Davis,LAL,PF,2025-01-15,32,10.24,2.0,1,0,21.94,24.2,22.43,-0.022,2,6,15,5,2,1.82,0.152,889.0,38,0.688,101.32,0.043,3,50,1,1,1,0.85
1001,Anthony Davis,LAL,PF,2025-01-20,34,11.56,4.0,1,0,25.8,24.56,24.83,0.039,2,4,12,1,1,1.89,0.35,1150.2,41,0.72,99.67,0.096,2,80,1,1,1,0.7826
1001,Anthony Davis,LAL,PF,2025-01-21,34,11.56,4.0,1,0,41.74,35.74,35.02,0.192,2,5,13,5,0,2.16,-0.34,1390.1,41,0.896,99.01,0.121,1,36,1,1,1,0.85
1001,Anthony Davis,LAL,PF,2025-01-24,32,10.24,2.0,1,0,42.0,38.37,32.73,0.283,4,7,15,5,0,1.3,0.388,1584.3,45,0.88,100.3,0.141,3,64,1,1,1,0.85
1001,Anthony Davis,LAL,PF,2025-01-28,33,10.89,3.0,1,0,19.31,20.98,20.27,-0.047,2,4,9,4,1,1.88,-0.177,916.8,48,0.611,99.13,0.004,2,33,1,1,1,0.7748
1001,Anthony Davis,LAL,PF,2025-02-03,32,10.24,2.0,1,0,31.22,31.01,28.92,0.08,1,4,12,3,2,2.12,-0.706,1473.7,50,0.605,100.72,0.011,2,43,1,1,1,0.85
1001,Anthony Davis,LAL,PF,2025-02-13,33,10.89,3.0,1,0,35.63,32.85,32.4,0.1,2,5,14,2,1,1.68,0.862,1791.6,55,0.539,100.43,0.048,3,54,1,1,1,0.85
1001,Anthony Davis,LAL,PF,2025-02-15,34,11.56,4.0,1,0,31.02,29.55,29.61,0.048,1,5,14,3,1,1.61,0.406,1686.1,57,0.627,98.55,0.063,3,50,1,1,1,0.85
1001,Anthony Davis,LAL,PF,2025-02-17,33,10.89,3.0,1,0,31.55,33.75,31.95,-0.012,2,4,12,4,0,1.9,-1.013,1752.3,56,0.693,99.6,0.073,2,51,1,1,1,0.7487
1001,Anthony Davis,LAL,PF,2025-02-20,33,10.89,3.0,1,0,38.69,34.76,29.55,0.309,4,6,15,0,1,2.17,-0.074,1804.5,57,0.7,98.02,0.136,2,21,1,1,1,0.85
1001,Anthony Davis,LAL,PF,2025-02-23,32,10.24,2.0,1,0,29.58,33.58,30.99,-0.046,1,4,8,4,0,1.59,-0.519,1897.7,57,0.722,99.37,0.0,1,74,1,1,1,0.6206
1001,Anthony Davis,LAL,PF,2025-02-25,32,10.24,2.0,1,0,27.1,28.83,28.15,-0.037,3,6,12,5,1,1.74,0.204,1720.5,64,0.845,100.69,0.002,2,12,1,1,1,0.85
1001,Anthony Davis,LAL,PF,2025-03-02,32,10.24,2.0,1,0,27.96,31.64,26.9,0.04,2,5,9,5,0,2.24,0.054,1862.9,66,0.616,98.77,0.05,1,20,1,1,1,0.6821
1001,Anthony Davis,LAL,PF,2025-03-03,34,11.56,4.0,1,0,28.52,31.95,29.41,-0.03,3,7,15,1,0,2.06,0.106,1989.7,64,0.639,99.59,0.0,1,64,1,1,1,0.5785
1001,Anthony Davis,LAL,PF,2025-03-05,33,10.89,3.0,1,0,15.84,13.87,15.26,0.038,1,4,10,2,0,2.18,-0.186,974.8,62,0.699,98.61,0.038,3,12,1,1,0,0.7044
1001,Anthony Davis,LAL,PF,2025-03-06,34,11.56,4.0,1,0,36.9,34.05,34.79,0.061,1,5,10,2,2,1.83,0.378,2256.5,65,0.769,98.64,0.074,1,54,1,1,1,0.85
1001,Anthony Davis,LAL,PF,2025-03-09,32,10.24,2.0,1,0,25.72,21.95,28.07,-0.084,2,5,14,5,1,1.43,-0.099,1458.7,62,0.52,101.19,0.0,0,232,1,0,0,0.4074
1001,Anthony Davis,LAL,PF,2025-03-10,33,10.89,3.0,1,0,38.64,35.12,33.54,0.152,4,6,10,2,2,0.77,0.249,1985.3,63,0.664,100.38,0.115,5,48,1,1,1,0.85
1001,Anthony Davis,LAL,PF,2025-03-13,32,10.24,2.0,1,0,36.21,35.53,31.95,0.134,2,4,10,3,0,1.58,0.139,2063.0,68,0.743,100.49,0.115,4,89,1,1,1,0.85
1001,Anthony Davis,LAL,PF,2025-03-13,32,10.24,2.0,1,0,19.59,19.87,23.22,-0.157,2,4,11,4,2,1.85,0.698,1409.5,71,0.84,100.34,0.032,0,147,1,0,0,0.5906
1001,Anthony Davis,LAL,PF,2025-03-18,34,11.56,4.0,1,0,28.52,30.47,26.75,0.066,1,3,9,3,0,1.77,-0.787,1946.2,69,0.861,99.93,0.0,2,70,1,1,1,0.7267
1001,Anthony Davis,LAL,PF,2025-03-18,34,11.56,4.0,1,0,27.18,30.18,26.9,0.01,3,6,12,1,0,1.39,0.569,1945.3,71,0.456,99.93,0.047,1,73,1,1,1,0.6196
1001,Anthony Davis,LAL,PF,2025-03-19,33,10.89,3.0,1,0,35.12,36.47,32.8,0.071,2,4,13,3,3,1.4,-1.393,2247.0,67,0.608,100.82,0.007,1,59,1,1,1,0.85
1001,Anthony Davis,LAL,PF,2025-03-25,32,10.24,2.0,1,0,26.14,22.97,25.1,0.041,2,6,13,6,0,2.43,0.142,1885.1,71,0.558,100.77,0.011,4,35,1,1,1,0.85
1001,Anthony Davis,LAL,PF,2025-03-27,34,11.56,4.0,1,0,33.36,30.85,31.07,0.074,3,6,11,6,2,1.21,0.398,2139.0,70,0.806,100.46,0.101,2,78,1,1,1,0.85
1001,Anthony Davis,LAL,PF,2025-03-28,34,11.56,4.0,1,0,42.0,36.35,38.0,0.105,2,4,13,3,0,1.85,0.169,2783.9,72,0.711,99.87,0.077,0,161,1,0,0,0.4707
1001,Anthony Davis,LAL,PF,2025-03-30,33,10.89,3.0,1,0,31.02,33.36,33.14,-0.064,1,4,10,4,0,1.84,-0.186,2304.9,72,0.675,100.26,0.022,0,178,1,0,1,0.2888
1036,Anthony Edwards,MIN,SG,2024-10-23,23,5.29,0.0,0,1,23.12,21.22,23.67,-0.023,1,3,8,2,1,2.02,0.252,191.5,7,0.817,99.58,0.117,0,299,0,0,0,0.1221
1036,Anthony Edwards,MIN,SG,2024-10-24,24,5.76,0.0,0,1,31.09,28.32,26.89,0.156,2,4,12,0,3,0.6,-0.007,199.4,3,0.873,99.02,0.0,0,308,0,0,0,0.3454
1036,Anthony Edwards,MIN,SG,2024-10-28,23,5.29,0.0,0,1,36.44,30.81,26.68,0.366,4,7,11,5,0,1.94,0.319,237.8,6,0.991,99.42,0.149,2,52,0,0,0,0.6699
1036,Anthony Edwards,MIN,SG,2024-11-03,24,5.76,0.0,0,1,26.71,27.11,26.69,0.001,2,5,13,3,2,1.28,-0.35,147.5,6,0.835,99.83,0.004,0,120,0,0,0,0.3195
1036,Anthony Edwards,MIN,SG,2024-11-06,25,6.25,0.0,0,1,29.34,30.14,31.79,-0.077,1,5,10,5,0,2.12,0.669,216.7,8,0.842,98.34,0.161,0,196,0,0,0,0.15
1036,Anthony Edwards,MIN,SG,2024-11-07,25,6.25,0.0,0,1,33.35,29.58,26.29,0.268,3,5,13,3,1,1.07,0.883,390.4,14,0.813,100.5,0.151,2,51,0,1,1,0.8461
1036,Anthony Edwards,MIN,SG,2024-11-16,24,5.76,0.0,0,1,32.37,33.5,35.89,-0.098,3,5,13,5,0,2.24,-0.26,660.5,18,0.761,98.67,0.006,2,39,0,0,0,0.3728
1036,Anthony Edwards,MIN,SG,2024-11-17,23,5.29,0.0,0,1,31.13,22.39,22.1,0.409,2,4,12,0,1,1.25,0.465,299.8,14,0.85,100.09,0.255,0,282,0,0,0,0.3352
1036,Anthony Edwards,MIN,SG,2024-11-23,25,6.25,0.0,0,1,29.6,27.85,30.32,-0.024,3,7,16,3,2,1.84,0.044,440.3,14,0.759,99.66,0.0,0,356,0,0,0,0.2602
1036,Anthony Edwards,MIN,SG,2024-11-28,25,6.25,0.0,0,1,23.14,23.75,22.27,0.039,3,6,13,0,0,1.74,1.29,454.8,21,0.696,99.33,0.054,0,380,0,0,0,0.1061
1036,Anthony Edwards,MIN,SG,2024-11-28,25,6.25,0.0,0,1,23.52,23.53,25.77,-0.088,2,5,14,2,0,1.77,-0.266,427.3,18,0.827,99.43,0.0,2,53,0,0,1,0.2687
1036,Anthony Edwards,MIN,SG,2024-11-30,23,5.29,0.0,0,1,32.02,33.07,27.31,0.173,4,7,15,5,2,2.04,0.867,580.9,22,0.97,99.55,0.191,1,12,0,0,1,0.8304
1036,Anthony Edwards,MIN,SG,2024-12-07,24,5.76,0.0,0,1,31.65,28.22,29.35,0.078,2,6,13,6,2,1.6,-0.107,640.9,20,0.741,99.53,0.008,0,260,0,0,1,0.3563
1036,Anthony Edwards,MIN,SG,2024-12-07,23,5.29,0.0,0,1,27.38,29.08,26.52,0.032,2,4,8,1,0,1.8,0.457,728.8,27,1.035,100.96,0.148,0,314,0,0,0,0.1076
1036,Anthony Edwards,MIN,SG,2024-12-08,24,5.76,0.0,0,1,28.87,24.27,24.24,0.191,3,6,14,5,1,0.99,0.365,497.7,22,1.014,99.37,0.127,1,73,0,0,0,0.6073
1036,Anthony Edwards,MIN,SG,2024-12-11,25,6.25,0.0,0,1,32.56,31.88,24.63,0.322,3,5,14,1,1,1.64,0.666,668.9,25,0.818,98.53,0.111,0,361,0,0,0,0.3253
1036,Anthony Edwards,MIN,SG,2024-12-11,24,5.76,0.0,0,1,28.47,32.72,29.47,-0.034,3,7,12,2,0,1.87,-0.361,831.3,27,0.848,99.25,0.01,1,50,0,1,0,0.3
1036,Anthony Edwards,MIN,SG,2024-12-12,25,6.25,0.0,0,1,31.86,35.7,32.54,-0.021,2,4,9,2,0,2.43,0.421,820.4,26,1.139,100.19,0.035,1,50,0,1,0,0.365
1036,Anthony Edwards,MIN,SG,2024-12-15,24,5.76,0.0,0,1,31.5,33.0,30.75,0.024,2,5,13,3,0,1.47,0.49,719.0,25,0.995,99.43,0.073,1,75,0,0,0,0.3374
1036,Anthony Edwards,MIN,SG,2024-12-16,25,6.25,0.0,0,1,18.09,19.58,20.04,-0.097,1,3,11,3,0,1.68,-0.589,569.0,25,0.79,100.18,0.0,0,337,0,0,0,0.0632
1036,Anthony Edwards,MIN,SG,2024-12-17,23,5.29,0.0,0,1,26.77,29.69,27.16,-0.014,1,3,10,2,1,2.12,-0.031,938.9,32,0.789,98.38,0.0,1,76,0,1,1,0.3514
1036,Anthony Edwards,MIN,SG,2024-12-20,25,6.25,0.0,0,1,21.33,18.74,26.59,-0.198,3,5,11,0,0,1.73,-0.015,537.9,26,1.012,99.16,0.0,0,231,0,0,0,0.0502
1036,Anthony Edwards,MIN,SG,2024-12-22,25,6.25,0.0,0,1,24.88,22.39,21.67,0.148,1,3,10,3,1,1.11,0.838,588.6,28,0.695,99.11,0.121,0,285,0,0,0,0.2511
1036,Anthony Edwards,MIN,SG,2024-12-24,24,5.76,0.0,0,1,26.45,24.43,29.36,-0.099,3,7,12,6,2,1.99,0.177,928.2,33,1.223,99.28,0.066,0,196,0,0,0,0.3122
1036,Anthony Edwards,MIN,SG,2024-12-25,25,6.25,0.0,0,1,34.11,33.9,37.77,-0.097,1,5,13,4,1,1.52,-0.775,1184.7,33,0.803,99.73,0.0,1,13,0,0,1,0.4984
1036,Anthony Edwards,MIN,SG,2024-12-27,23,5.29,0.0,0,1,36.98,34.2,37.82,-0.022,1,3,12,2,1,1.7,-0.34,1247.4,35,0.843,99.02,0.029,0,327,0,0,0,0.1592
1036,Anthony Edwards,MIN,SG,2025-01-08,25,6.25,0.0,0,1,26.46,25.15,25.76,0.027,3,6,10,4,0,2.61,-0.403,1097.5,40,0.999,101.18,0.0,0,194,0,0,0,0.0821
1036,Anthony Edwards,MIN,SG,2025-01-08,24,5.76,0.0,0,1,26.45,24.29,27.89,-0.052,2,6,14,0,1,1.41,-0.331,1017.6,40,1.015,99.7,0.058,0,135,0,0,0,0.1695
1036,Anthony Edwards,MIN,SG,2025-01-11,24,5.76,0.0,0,1,23.89,24.69,19.01,0.257,1,4,11,3,0,1.71,-0.505,836.2,36,0.864,99.36,0.0,2,60,0,0,1,0.3807
1036,Anthony Edwards,MIN,SG,2025-01-12,24,5.76,0.0,0,1,41.04,35.91,35.7,0.15,2,4,11,4,1,1.78,0.54,1365.6,39,0.826,98.53,0.089,0,287,0,0,0,0.3337
1036,Anthony Edwards,MIN,SG,2025-01-17,25,6.25,0.0,0,1,25.46,23.6,20.58,0.237,4,7,12,5,2,0.86,0.442,990.9,45,1.082,98.53,0.156,0,368,0,0,1,0.4616
1036,Anthony Edwards,MIN,SG,2025-01-19,25,6.25,0.0,0,1,21.11,17.48,17.62,0.198,1,4,13,0,2,1.84,0.248,909.6,45,0.743,98.91,0.115,1,78,0,0,0,0.4469
1036,Anthony Edwards,MIN,SG,2025-01-20,24,5.76,0.0,0,1,32.07,30.01,27.77,0.155,1,4,11,2,3,1.32,-0.846,1243.2,44,1.042,99.22,0.0,1,76,0,0,1,0.6791
1036,Anthony Edwards,MIN,SG,2025-02-02,25,6.25,0.0,0,1,23.83,21.51,21.68,0.099,2,4,10,4,1,1.47,0.407,1035.2,48,0.909,100.97,0.056,1,30,0,1,1,0.6369
1036,Anthony Edwards,MIN,SG,2025-02-03,24,5.76,0.0,0,1,20.33,21.71,25.17,-0.192,1,4,8,2,1,1.98,-0.373,1174.8,53,0.935,99.69,0.0,1,34,0,0,0,0.2742
1036,Anthony Edwards,MIN,SG,2025-02-11,24,5.76,0.0,0,1,21.98,23.59,21.93,0.002,3,7,12,6,0,2.85,-0.254,1286.5,57,0.807,99.07,0.082,0,183,0,0,0,0.0805
1036,Anthony Edwards,MIN,SG,2025-02-14,25,6.25,0.0,0,1,18.31,17.33,16.5,0.11,2,4,11,0,0,1.37,-0.106,1100.2,59,0.86,99.24,0.0,0,281,0,0,0,0.058
1036,Anthony Edwards,MIN,SG,2025-02-14,24,5.76,0.0,0,1,30.93,30.43,32.28,-0.042,3,7,15,1,1,1.1,-1.28,1637.8,54,0.741,98.46,0.0,1,26,0,1,1,0.5098
1036,Anthony Edwards,MIN,SG,2025-02-18,23,5.29,0.0,0,1,28.66,28.88,25.43,0.127,3,6,15,2,2,1.64,0.176,1376.3,56,0.908,98.09,0.164,2,51,0,0,1,0.7123
1036,Anthony Edwards,MIN,SG,2025-02-20,24,5.76,0.0,0,1,24.07,23.58,26.11,-0.078,3,5,9,3,0,1.91,-0.155,1467.8,57,0.794,100.06,0.049,0,217,0,0,0,0.0739
1036,Anthony Edwards,MIN,SG,2025-02-27,24,5.76,0.0,0,1,18.24,22.7,25.9,-0.296,3,5,13,1,0,1.8,0.494,1326.1,60,1.045,100.38,0.061,0,367,0,0,0,0.0751
1036,Anthony Edwards,MIN,SG,2025-03-15,23,5.29,0.0,0,1,20.6,21.58,17.99,0.145,4,7,13,4,0,1.63,-0.228,1158.0,69,0.78,98.55,0.086,0,226,0,0,1,0.1107
1036,Anthony Edwards,MIN,SG,2025-03-18,23,5.29,0.0,0,1,26.95,26.31,28.7,-0.061,2,5,14,2,0,2.11,-0.123,1759.1,68,0.764,99.39,0.006,0,174,0,0,0,0.0803
1036,Anthony Edwards,MIN,SG,2025-03-18,24,5.76,0.0,0,1,36.65,32.78,33.87,0.082,3,5,12,3,0,1.65,0.8,2528.9,72,0.67,98.01,0.123,1,64,0,0,1,0.4142
1036,Anthony Edwards,MIN,SG,2025-03-19,25,6.25,0.0,0,1,21.42,22.97,23.38,-0.084,2,5,14,0,0,2.53,-0.549,1668.2,70,1.02,99.16,0.042,1,80,0,0,0,0.1209
1036,Anthony Edwards,MIN,SG,2025-03-20,24,5.76,0.0,0,1,31.68,30.65,29.33,0.08,2,6,12,2,0,1.53,0.128,1993.7,69,0.791,101.82,0.057,0,360,0,0,0,0.1216
1036,Anthony Edwards,MIN,SG,2025-03-21,23,5.29,0.0,0,1,21.6,24.46,22.8,-0.053,1,3,11,3,2,1.65,0.36,1488.2,69,0.518,99.38,0.0,2,87,0,0,0,0.4935
1036,Anthony Edwards,MIN,SG,2025-03-22,23,5.29,0.0,0,1,28.42,27.07,25.91,0.097,3,7,15,4,1,2.25,-0.173,2018.1,72,1.046,100.83,0.001,1,12,0,0,1,0.5041
1036,Anthony Edwards,MIN,SG,2025-03-25,23,5.29,0.0,0,1,28.58,27.24,25.24,0.132,3,5,12,0,2,1.16,0.254,1902.0,72,0.913,100.05,0.115,0,124,0,0,1,0.3559
1036,Anthony Edwards,MIN,SG,2025-03-26,23,5.29,0.0,0,1,30.15,29.44,25.33,0.19,4,6,11,5,0,1.68,0.07,1898.7,72,0.938,98.67,0.184,0,291,0,0,0,0.1896
1036,Anthony Edwards,MIN,SG,2025-03-27,25,6.25,0.0,0,1,39.5,37.8,33.5,0.179,3,5,12,4,0,1.92,0.192,2437.1,72,0.84,99.56,0.119,0,165,0,0,0,0.232
1036,Anthony Edwards,MIN,SG,2025-03-29,24,5.76,0.0,0,1,21.61,17.13,20.93,0.033,1,5,11,1,0,2.09,-0.071,1513.1,72,0.735,99.3,0.0,0,309,0,0,0,0.0502
1002,Austin Reaves,LAL,SG,2024-10-22,26,6.76,0.0,0,1,25.72,23.11,17.79,0.446,2,4,10,3,0,1.59,0.324,86.9,1,0.984,99.58,0.099,1,85,0,1,1,0.5712
1002,Austin Reaves,LAL,SG,2024-10-24,26,6.76,0.0,0,1,24.04,24.47,19.26,0.248,1,3,11,0,0,1.11,-0.801,-56.2,1,0.783,100.13,0.037,2,52,0,1,0,0.4502
1002,Austin Reaves,LAL,SG,2024-10-28,27,7.29,0.0,0,1,27.57,32.17,34.77,-0.207,3,7,12,3,1,0.93,-0.06,221.1,9,0.967,100.48,0.0,0,348,0,0,1,0.1521
1002,Austin Reaves,LAL,SG,2024-11-01,26,6.76,0.0,0,1,42.0,39.81,37.95,0.107,2,6,15,3,1,1.43,-0.17,359.4,10,0.834,99.88,0.181,1,73,0,1,0,0.7006
1002,Austin Reaves,LAL,SG,2024-11-03,27,7.29,0.0,0,1,25.33,25.83,24.54,0.032,3,6,11,0,0,2.16,-0.271,290.9,10,0.996,99.76,0.055,0,139,0,0,0,0.078
1002,Austin Reaves,LAL,SG,2024-11-10,28,7.84,0.0,0,1,22.0,25.13,20.84,0.056,3,6,12,5,2,1.32,-0.827,208.9,8,0.843,99.74,0.0,0,357,0,0,0,0.2569
1002,Austin Reaves,LAL,SG,2024-11-11,26,6.76,0.0,0,1,27.18,32.67,29.09,-0.066,1,4,8,3,2,0.96,-0.865,410.0,13,0.8,99.58,0.079,1,27,0,0,1,0.5377
1002,Austin Reaves,LAL,SG,2024-11-11,26,6.76,0.0,0,1,22.44,29.14,28.97,-0.225,3,5,11,2,2,0.62,-0.085,346.2,13,0.645,100.36,0.062,0,122,0,0,1,0.258
1002,Austin Reaves,LAL,SG,2024-11-14,26,6.76,0.0,0,1,35.25,39.11,37.18,-0.052,1,3,11,1,1,1.66,0.099,419.1,13,0.879,100.13,0.023,2,26,0,0,0,0.4966
1002,Austin Reaves,LAL,SG,2024-11-29,28,7.84,0.0,0,1,24.69,23.82,23.52,0.05,2,4,12,3,1,1.18,-0.278,355.0,18,0.655,100.68,0.009,1,19,0,0,0,0.3986
1002,Austin Reaves,LAL,SG,2024-12-03,28,7.84,0.0,0,1,27.61,28.56,29.35,-0.059,1,4,8,4,0,2.03,-0.423,833.7,26,0.699,100.09,0.034,0,232,0,0,0,0.0851
1002,Austin Reaves,LAL,SG,2024-12-04,28,7.84,0.0,0,1,27.62,24.95,25.48,0.084,3,7,16,6,0,2.55,-0.692,557.1,22,0.67,99.37,0.008,1,72,0,0,0,0.2943
1002,Austin Reaves,LAL,SG,2024-12-05,28,7.84,0.0,0,1,33.11,31.96,31.12,0.064,1,4,8,1,0,1.13,0.475,699.4,20,0.811,99.37,0.076,1,60,0,0,0,0.305
1002,Austin Reaves,LAL,SG,2024-12-09,27,7.29,0.0,0,1,17.48,16.92,22.73,-0.231,1,5,9,0,0,2.49,0.318,420.0,24,0.658,99.89,0.001,0,316,0,0,0,0.0383
1002,Austin Reaves,LAL,SG,2024-12-11,28,7.84,0.0,0,1,29.51,25.93,30.9,-0.045,1,5,14,5,1,1.7,-0.191,616.7,22,0.686,100.88,0.0,0,301,0,0,1,0.1934
1002,Austin Reaves,LAL,SG,2024-12-17,26,6.76,0.0,0,1,33.83,34.0,35.36,-0.043,3,6,14,0,0,3.74,-0.556,1059.5,29,0.833,100.18,0.005,0,327,0,0,0,0.0443
1002,Austin Reaves,LAL,SG,2024-12-22,28,7.84,0.0,0,1,34.51,34.67,34.04,0.014,1,3,8,1,0,2.22,-0.235,920.8,28,1.056,101.04,0.109,1,59,0,0,1,0.2378
1002,Austin Reaves,LAL,SG,2024-12-23,27,7.29,0.0,0,1,29.21,33.07,30.18,-0.032,2,5,9,2,1,1.75,0.251,1113.2,35,0.639,100.26,0.028,1,77,0,0,0,0.3184
1002,Austin Reaves,LAL,SG,2024-12-25,27,7.29,0.0,0,1,28.49,23.24,25.57,0.114,2,4,11,0,1,1.05,0.501,798.4,31,0.974,99.0,0.035,1,10,0,0,1,0.4593
1002,Austin Reaves,LAL,SG,2024-12-27,28,7.84,0.0,0,1,32.13,28.54,28.85,0.114,2,6,11,2,1,1.72,-1.316,1052.6,35,0.797,100.2,0.065,0,163,0,0,0,0.2104
1002,Austin Reaves,LAL,SG,2024-12-29,28,7.84,0.0,0,1,36.21,36.52,38.0,-0.047,3,7,13,3,0,2.6,0.11,1329.9,34,0.899,98.96,0.021,0,231,0,0,0,0.0923
1002,Austin Reaves,LAL,SG,2024-12-30,28,7.84,0.0,0,1,31.39,29.31,28.17,0.114,3,7,12,7,0,1.11,0.452,931.5,34,0.775,99.15,0.217,1,45,0,1,1,0.6567
1002,Austin Reaves,LAL,SG,2025-01-03,28,7.84,0.0,0,1,35.9,37.49,36.23,-0.009,1,3,8,3,2,0.9,-0.265,1328.9,36,0.764,100.75,0.018,0,316,0,0,0,0.2824
1002,Austin Reaves,LAL,SG,2025-01-06,28,7.84,0.0,0,1,25.22,24.86,22.41,0.125,2,6,15,2,0,2.29,0.021,957.8,40,0.893,100.51,0.0,1,25,0,0,1,0.2778
1002,Austin Reaves,LAL,SG,2025-01-06,27,7.29,0.0,0,1,30.48,30.72,34.13,-0.107,1,4,10,3,0,1.28,0.002,1168.7,37,0.623,99.81,0.0,1,87,0,0,0,0.2137
1002,Austin Reaves,LAL,SG,2025-01-11,28,7.84,0.0,0,1,25.51,27.28,25.64,-0.005,1,5,11,3,1,1.47,-0.5,921.8,37,0.999,100.87,0.0,1,26,0,0,1,0.396
1002,Austin Reaves,LAL,SG,2025-01-13,28,7.84,0.0,0,1,17.76,15.21,14.12,0.258,2,5,10,1,1,1.6,-0.236,709.1,39,0.88,100.4,0.0,1,80,0,0,0,0.3144
1002,Austin Reaves,LAL,SG,2025-01-14,26,6.76,0.0,0,1,21.4,20.69,20.6,0.039,3,6,13,1,0,1.58,0.267,831.6,43,0.828,99.26,0.155,0,380,0,0,0,0.0846
1002,Austin Reaves,LAL,SG,2025-01-16,28,7.84,0.0,0,1,34.6,32.93,34.34,0.007,1,5,9,5,0,1.65,0.184,1532.5,45,0.909,100.23,0.103,0,380,0,0,0,0.1598
1002,Austin Reaves,LAL,SG,2025-01-20,27,7.29,0.0,0,1,26.67,26.92,24.92,0.07,2,4,12,1,1,1.28,1.059,1007.1,44,0.799,99.29,0.146,1,10,0,0,0,0.5423
1002,Austin Reaves,LAL,SG,2025-01-29,27,7.29,0.0,0,1,35.89,31.62,27.56,0.302,2,6,12,0,0,2.48,0.027,1508.1,51,0.915,99.31,0.081,1,19,0,0,1,0.3416
1002,Austin Reaves,LAL,SG,2025-01-29,26,6.76,0.0,0,1,30.82,31.99,28.34,0.087,2,5,13,4,0,1.9,0.334,1355.7,44,1.049,100.03,0.008,2,63,0,1,1,0.5639
1002,Austin Reaves,LAL,SG,2025-01-30,28,7.84,0.0,0,1,22.52,19.63,19.64,0.147,1,5,11,4,0,1.33,-0.079,1083.7,51,0.775,99.98,0.069,0,374,0,0,1,0.1173
1002,Austin Reaves,LAL,SG,2025-02-09,26,6.76,0.0,0,1,33.84,32.12,28.79,0.176,3,5,13,4,1,2.01,-0.776,1744.1,52,0.883,100.4,0.0,1,51,0,0,1,0.505
1002,Austin Reaves,LAL,SG,2025-02-12,26,6.76,0.0,0,1,23.42,22.75,21.36,0.097,2,6,15,5,1,1.75,0.422,1248.7,51,0.804,100.01,0.083,0,321,0,0,0,0.2529
1002,Austin Reaves,LAL,SG,2025-02-20,27,7.29,0.0,0,1,36.42,35.93,37.27,-0.023,2,6,14,1,1,1.77,-0.356,2167.1,60,0.596,100.57,0.07,0,337,0,0,0,0.1583
1002,Austin Reaves,LAL,SG,2025-02-23,26,6.76,0.0,0,1,28.14,25.81,21.85,0.288,2,6,11,6,0,1.91,-0.182,1585.0,62,1.021,100.07,0.071,0,191,0,0,1,0.2111
1002,Austin Reaves,LAL,SG,2025-02-23,27,7.29,0.0,0,1,30.43,31.65,30.65,-0.007,1,5,9,3,0,1.96,0.157,1911.3,57,0.669,99.54,0.0,0,153,0,0,0,0.1076
1002,Austin Reaves,LAL,SG,2025-02-28,28,7.84,0.0,0,1,30.06,30.97,31.05,-0.032,3,5,14,5,1,1.65,-0.602,1795.0,58,0.704,99.67,0.0,0,248,0,0,1,0.1921
1002,Austin Reaves,LAL,SG,2025-03-03,27,7.29,0.0,0,1,26.77,28.48,27.67,-0.032,3,5,10,3,0,1.51,-0.075,1675.2,60,0.558,100.76,0.05,1,32,0,0,1,0.2593
1002,Austin Reaves,LAL,SG,2025-03-06,26,6.76,0.0,0,1,31.5,32.6,31.41,0.003,1,4,13,0,0,1.72,-0.468,2132.9,65,1.091,99.97,0.0,0,325,0,0,0,0.0766
1002,Austin Reaves,LAL,SG,2025-03-06,28,7.84,0.0,0,1,37.06,38.87,35.91,0.032,1,4,10,0,1,1.15,0.381,2464.1,66,0.606,101.52,0.0,1,44,0,0,1,0.4138
1002,Austin Reaves,LAL,SG,2025-03-07,27,7.29,0.0,0,1,34.21,34.83,33.36,0.026,3,5,10,5,0,2.01,0.079,2142.1,61,0.806,100.04,0.0,1,79,0,0,0,0.2872
1002,Austin Reaves,LAL,SG,2025-03-11,28,7.84,0.0,0,1,30.4,33.4,27.78,0.094,2,5,11,2,1,1.62,0.331,1996.8,67,0.886,99.96,0.065,0,318,0,0,0,0.197
1002,Austin Reaves,LAL,SG,2025-03-13,26,6.76,0.0,0,1,25.81,23.75,25.62,0.007,1,5,12,4,1,1.41,-0.309,1657.4,66,0.952,99.94,0.0,1,57,0,1,1,0.5001
1002,Austin Reaves,LAL,SG,2025-03-14,26,6.76,0.0,0,1,18.49,19.56,12.47,0.483,3,7,15,7,1,2.41,-0.06,1128.6,64,0.848,100.32,0.0,2,21,0,0,0,0.7365
1002,Austin Reaves,LAL,SG,2025-03-16,26,6.76,0.0,0,1,39.97,36.38,32.33,0.236,2,4,10,1,1,1.04,-0.027,2081.0,65,0.901,100.43,0.104,0,346,0,0,0,0.2695
1002,Austin Reaves,LAL,SG,2025-03-18,28,7.84,0.0,0,1,37.42,34.86,35.59,0.051,2,4,13,2,1,1.43,0.318,2500.0,68,0.904,100.18,0.071,0,299,0,0,0,0.2397
1002,Austin Reaves,LAL,SG,2025-03-18,27,7.29,0.0,0,1,39.93,38.54,35.36,0.129,2,5,10,4,0,2.02,0.394,2533.0,67,0.967,99.13,0.049,0,143,0,0,0,0.2407
1002,Austin Reaves,LAL,SG,2025-03-20,28,7.84,0.0,0,1,28.29,29.9,29.91,-0.054,2,4,9,1,1,1.47,-0.897,1834.8,68,0.577,100.19,0.04,0,196,0,0,0,0.1194
1002,Austin Reaves,LAL,SG,2025-03-22,26,6.76,0.0,0,1,29.36,28.9,23.77,0.235,2,6,14,6,1,1.4,0.875,1682.1,72,0.813,99.55,0.212,0,239,0,0,0,0.4691
1002,Austin Reaves,LAL,SG,2025-03-25,28,7.84,0.0,0,1,23.91,23.98,26.1,-0.084,3,6,11,5,1,1.67,-0.074,2001.9,72,0.62,100.24,0.013,1,35,0,0,1,0.3865
1002,Austin Reaves,LAL,SG,2025-03-26,27,7.29,0.0,0,1,26.73,29.99,35.93,-0.256,2,5,9,5,0,1.43,-0.274,2228.3,72,0.622,99.39,0.02,0,247,0,0,0,0.1015
1032,Bam Adebayo,MIA,C,2024-10-23,27,7.29,0.0,1,0,42.0,40.0,34.61,0.214,3,5,9,0,0,2.03,0.206,56.6,1,0.639,95.9,0.189,0,165,0,0,0,0.2763
1032,Bam Adebayo,MIA,C,2024-10-29,29,8.41,0.0,1,0,36.76,31.05,27.48,0.338,4,7,16,2,1,1.54,0.538,152.4,6,0.887,96.57,0.151,0,225,0,0,1,0.5771
1032,Bam Adebayo,MIA,C,2024-10-30,27,7.29,0.0,1,0,30.85,36.54,33.0,-0.065,1,3,8,0,0,2.59,0.544,95.6,3,0.793,97.06,0.056,1,49,0,0,0,0.3013
1032,Bam Adebayo,MIA,C,2024-11-01,27,7.29,0.0,1,0,27.28,31.25,28.79,-0.052,1,4,10,1,0,1.77,-0.634,310.4,11,0.454,96.06,0.005,0,346,0,0,0,0.0988
1032,Bam Adebayo,MIA,C,2024-11-06,28,7.84,0.0,1,0,34.52,28.56,26.36,0.309,2,6,12,3,1,1.83,0.464,302.6,12,0.53,95.75,0.153,0,380,0,0,1,0.4572
1032,Bam Adebayo,MIA,C,2024-11-07,29,8.41,0.0,1,0,19.51,17.26,14.88,0.311,2,4,9,1,1,1.77,-1.121,281.1,12,0.976,96.65,0.0,0,276,0,0,0,0.2427
1032,Bam Adebayo,MIA,C,2024-11-09,28,7.84,0.0,1,0,26.24,22.94,25.38,0.034,1,3,9,0,0,1.02,0.943,379.1,14,0.488,97.8,0.097,1,63,0,1,0,0.5015
1032,Bam Adebayo,MIA,C,2024-11-15,28,7.84,0.0,1,0,22.05,21.68,18.02,0.224,2,5,10,4,0,2.12,0.056,281.0,13,0.86,96.58,0.0,1,50,0,0,1,0.4177
1032,Bam Adebayo,MIA,C,2024-11-16,29,8.41,0.0,1,0,22.24,24.92,23.62,-0.059,1,4,10,2,0,1.73,-0.343,352.5,15,0.746,95.47,0.0,1,58,0,0,0,0.2692
1032,Bam Adebayo,MIA,C,2024-11-20,29,8.41,0.0,1,0,34.41,34.85,34.47,-0.002,3,6,10,1,2,1.79,0.152,535.5,15,0.637,96.5,0.034,0,214,0,0,0,0.326
1032,Bam Adebayo,MIA,C,2024-11-23,28,7.84,0.0,1,0,42.0,40.0,35.73,0.176,2,4,8,3,1,1.52,0.128,509.7,14,0.506,98.09,0.204,0,204,0,0,1,0.4451
1032,Bam Adebayo,MIA,C,2024-11-23,28,7.84,0.0,1,0,26.99,26.08,25.63,0.053,3,6,13,6,1,1.87,-0.089,400.0,14,0.474,95.81,0.0,0,250,0,0,0,0.2818
1032,Bam Adebayo,MIA,C,2024-11-25,29,8.41,0.0,1,0,26.07,19.16,24.28,0.074,2,4,11,0,1,2.45,-0.216,562.4,22,0.571,96.8,0.0,0,357,0,0,1,0.1345
1032,Bam Adebayo,MIA,C,2024-11-27,28,7.84,0.0,1,0,29.64,28.4,24.41,0.214,4,7,12,1,0,2.99,0.114,504.4,18,0.776,95.46,0.13,2,76,0,0,0,0.4101
1032,Bam Adebayo,MIA,C,2024-11-28,29,8.41,0.0,1,0,31.99,33.57,28.82,0.11,1,4,10,2,0,2.29,-1.071,607.3,19,0.629,95.94,0.098,0,248,0,0,0,0.1501
1032,Bam Adebayo,MIA,C,2024-11-29,29,8.41,0.0,1,0,35.58,40.0,38.0,-0.064,1,4,8,2,0,1.94,-0.775,814.9,21,0.876,96.0,0.0,0,345,0,0,0,0.1467
1032,Bam Adebayo,MIA,C,2024-12-03,29,8.41,0.0,1,0,31.85,29.26,30.18,0.055,2,4,10,2,1,1.76,0.027,659.1,19,0.78,98.27,0.056,1,65,0,1,1,0.6241
1032,Bam Adebayo,MIA,C,2024-12-07,29,8.41,0.0,1,0,22.21,19.32,19.36,0.147,3,7,11,4,0,2.57,0.279,504.3,25,0.689,96.04,0.0,1,13,0,0,0,0.4099
1032,Bam Adebayo,MIA,C,2024-12-08,28,7.84,0.0,1,0,29.52,24.07,28.64,0.031,2,5,14,3,0,1.32,-0.213,487.7,23,0.572,96.56,0.022,0,140,0,0,0,0.2229
1032,Bam Adebayo,MIA,C,2024-12-10,27,7.29,0.0,1,0,34.61,31.64,30.66,0.129,3,6,15,0,1,1.29,0.532,991.9,28,0.898,97.69,0.035,0,179,0,0,0,0.3834
1032,Bam Adebayo,MIA,C,2024-12-21,28,7.84,0.0,1,0,23.38,23.14,24.6,-0.05,3,5,14,3,1,2.16,0.458,820.7,33,0.828,97.56,0.032,1,85,0,0,1,0.4582
1032,Bam Adebayo,MIA,C,2024-12-23,27,7.29,0.0,1,0,38.73,37.49,27.1,0.429,2,4,10,2,0,2.27,0.595,1134.8,34,0.85,96.06,0.139,0,286,0,0,0,0.3861
1032,Bam Adebayo,MIA,C,2024-12-23,28,7.84,0.0,1,0,32.14,27.75,29.72,0.081,3,7,13,6,1,0.77,0.744,811.9,29,0.883,96.89,0.106,0,387,0,0,1,0.5034
1032,Bam Adebayo,MIA,C,2024-12-26,27,7.29,0.0,1,0,38.92,38.73,34.44,0.13,3,6,10,2,1,2.02,1.109,1356.9,36,0.747,96.58,0.165,0,345,0,0,1,0.4574
1032,Bam Adebayo,MIA,C,2024-12-30,28,7.84,0.0,1,0,30.55,30.95,28.76,0.062,2,6,13,6,1,1.34,-0.219,920.9,31,0.769,96.57,0.0,2,88,0,1,1,0.7823
1032,Bam Adebayo,MIA,C,2025-01-02,28,7.84,0.0,1,0,34.98,34.03,35.31,-0.009,3,7,11,3,0,1.99,-0.147,1146.9,34,0.872,97.84,0.107,1,20,0,0,1,0.453
1032,Bam Adebayo,MIA,C,2025-01-05,29,8.41,0.0,1,0,39.01,38.02,30.5,0.279,3,7,15,4,1,1.77,0.247,1144.7,35,0.662,97.18,0.12,1,53,0,1,1,0.85
1032,Bam Adebayo,MIA,C,2025-01-09,28,7.84,0.0,1,0,25.37,27.87,26.04,-0.026,3,5,9,0,1,0.6,0.118,989.1,39,0.791,97.21,0.057,0,128,0,0,1,0.2417
1032,Bam Adebayo,MIA,C,2025-01-09,29,8.41,0.0,1,0,26.47,26.7,27.82,-0.048,3,7,11,3,0,1.01,-0.286,1083.2,38,0.743,98.16,0.041,0,233,0,0,0,0.1437
1032,Bam Adebayo,MIA,C,2025-01-09,28,7.84,0.0,1,0,36.86,33.64,35.45,0.04,2,6,14,0,1,2.18,0.433,1444.9,38,1.002,97.29,0.036,1,63,0,1,1,0.6554
1032,Bam Adebayo,MIA,C,2025-01-16,28,7.84,0.0,1,0,34.05,37.01,38.0,-0.104,3,5,10,1,0,2.12,0.468,1694.9,43,0.754,97.72,0.045,0,309,0,0,1,0.1495
1032,Bam Adebayo,MIA,C,2025-01-18,28,7.84,0.0,1,0,28.66,27.25,28.55,0.004,2,4,12,4,0,2.31,-0.392,1062.3,40,0.703,97.61,0.021,0,364,0,0,1,0.1325
1032,Bam Adebayo,MIA,C,2025-01-23,27,7.29,0.0,1,0,37.25,34.6,33.79,0.103,3,7,12,6,1,2.5,1.152,1362.4,42,0.709,97.84,0.244,1,74,0,1,1,0.8478
1032,Bam Adebayo,MIA,C,2025-02-07,27,7.29,0.0,1,0,31.61,34.81,30.07,0.051,2,6,13,2,1,0.78,-0.22,1577.8,49,0.533,97.46,0.041,1,31,0,0,1,0.5546
1032,Bam Adebayo,MIA,C,2025-02-08,27,7.29,0.0,1,0,39.83,35.73,25.91,0.537,2,6,12,2,3,1.14,0.188,1763.8,56,0.516,96.34,0.174,0,358,0,0,1,0.8052
1032,Bam Adebayo,MIA,C,2025-02-08,29,8.41,0.0,1,0,29.22,25.56,30.96,-0.056,2,6,11,2,0,1.5,-0.567,1606.2,52,0.688,97.72,0.054,0,312,0,0,0,0.1395
1032,Bam Adebayo,MIA,C,2025-02-13,28,7.84,0.0,1,0,23.72,23.41,24.89,-0.047,3,7,13,7,0,2.58,0.767,1145.6,52,0.492,96.63,0.162,1,61,0,0,0,0.4772
1032,Bam Adebayo,MIA,C,2025-02-13,28,7.84,0.0,1,0,29.8,28.23,29.86,-0.002,2,6,13,6,1,0.68,-0.628,1590.1,51,0.684,95.83,0.01,0,377,0,0,1,0.3186
1032,Bam Adebayo,MIA,C,2025-02-15,28,7.84,0.0,1,0,29.65,24.56,20.9,0.419,2,6,12,6,3,1.02,0.993,1294.6,53,0.797,97.61,0.217,0,338,0,0,0,0.85
1032,Bam Adebayo,MIA,C,2025-02-16,29,8.41,0.0,1,0,35.85,37.5,34.96,0.025,1,5,12,0,1,2.38,0.102,2002.5,55,0.554,98.14,0.037,0,297,0,0,0,0.1769
1032,Bam Adebayo,MIA,C,2025-02-22,29,8.41,0.0,1,0,35.61,34.6,36.18,-0.016,2,5,12,4,0,2.29,0.614,2017.7,59,0.652,97.03,0.061,1,19,0,1,1,0.6343
1032,Bam Adebayo,MIA,C,2025-02-22,27,7.29,0.0,1,0,30.04,29.59,36.18,-0.17,3,5,11,0,1,1.14,0.078,2147.8,62,0.719,98.08,0.0,2,12,0,1,1,0.69
1032,Bam Adebayo,MIA,C,2025-03-01,29,8.41,0.0,1,0,23.2,25.59,26.9,-0.138,3,6,14,1,2,0.75,-0.648,1660.3,64,0.368,97.28,0.068,0,121,0,0,0,0.364
1032,Bam Adebayo,MIA,C,2025-03-01,28,7.84,0.0,1,0,29.79,30.11,33.53,-0.112,1,4,10,0,1,2.74,-0.034,2048.9,66,0.694,97.5,0.036,3,49,1,0,1,0.6257
1032,Bam Adebayo,MIA,C,2025-03-01,29,8.41,0.0,1,0,25.67,28.41,31.04,-0.173,3,5,11,0,1,1.83,0.885,1578.9,59,0.612,97.05,0.009,0,167,0,0,0,0.2356
1032,Bam Adebayo,MIA,C,2025-03-05,27,7.29,0.0,1,0,32.41,29.37,32.8,-0.012,2,4,12,0,0,2.17,-0.149,1904.7,60,1.031,95.18,0.027,0,359,0,0,0,0.1094
1032,Bam Adebayo,MIA,C,2025-03-09,29,8.41,0.0,1,0,33.07,32.02,36.34,-0.09,1,5,14,5,0,1.49,0.137,2195.0,65,0.644,95.43,0.0,0,313,0,0,0,0.2279
1032,Bam Adebayo,MIA,C,2025-03-14,28,7.84,0.0,1,0,32.47,28.58,29.39,0.105,3,7,13,5,1,1.18,0.682,1960.4,67,0.679,96.39,0.116,0,176,0,0,0,0.5005
1032,Bam Adebayo,MIA,C,2025-03-17,27,7.29,0.0,1,0,27.14,28.22,25.74,0.054,2,6,12,5,0,2.52,0.009,1864.0,67,0.558,96.58,0.062,1,45,0,0,0,0.3691
1032,Bam Adebayo,MIA,C,2025-03-18,29,8.41,0.0,1,0,35.23,36.35,33.0,0.068,2,4,13,4,2,1.77,-1.273,2351.2,67,0.614,96.66,0.0,0,148,0,0,0,0.5066
1032,Bam Adebayo,MIA,C,2025-03-24,28,7.84,0.0,1,0,36.49,33.35,34.2,0.067,3,6,15,1,1,1.52,0.786,2447.2,72,0.71,96.7,0.127,0,150,0,0,0,0.4764
1032,Bam Adebayo,MIA,C,2025-03-26,29,8.41,0.0,1,0,33.84,30.19,30.25,0.119,2,4,9,3,2,1.17,-0.83,2151.1,70,0.5,97.28,0.014,1,59,0,1,1,0.7927
1016,Bradley Beal,PHX,SG,2024-10-23,31,9.61,1.0,0,1,34.48,31.6,29.62,0.164,3,5,12,5,1,0.65,0.251,198.2,7,1.062,98.03,0.107,1,42,0,0,1,0.6414
1016,Bradley Beal,PHX,SG,2024-10-27,33,10.89,3.0,0,1,28.75,27.98,35.37,-0.187,1,3,11,2,1,1.93,-1.334,48.9,4,0.819,98.09,0.0,0,328,0,0,0,0.1309
1016,Bradley Beal,PHX,SG,2024-10-28,31,9.61,1.0,0,1,25.97,26.53,28.5,-0.089,3,5,14,5,0,1.45,0.778,81.3,3,1.128,98.98,0.136,0,218,0,0,0,0.2005
1016,Bradley Beal,PHX,SG,2024-11-05,32,10.24,2.0,0,1,31.12,30.97,29.35,0.06,1,4,11,3,1,1.35,0.206,342.5,12,0.78,99.54,0.092,0,278,0,0,0,0.2183
1016,Bradley Beal,PHX,SG,2024-11-07,31,9.61,1.0,0,1,27.23,23.09,22.94,0.187,1,5,9,3,1,1.91,-0.698,141.0,9,0.989,98.97,0.038,0,278,0,0,0,0.1902
1016,Bradley Beal,PHX,SG,2024-11-11,31,9.61,1.0,0,1,27.83,29.76,28.45,-0.022,3,5,14,0,0,1.78,-0.02,400.1,13,0.86,97.89,0.0,2,70,0,0,0,0.2394
1016,Bradley Beal,PHX,SG,2024-11-15,32,10.24,2.0,0,1,25.76,27.89,25.87,-0.004,1,3,8,3,2,1.49,0.142,337.7,13,0.859,98.5,0.0,0,366,0,0,0,0.2408
1016,Bradley Beal,PHX,SG,2024-11-16,31,9.61,1.0,0,1,34.13,30.54,28.99,0.177,3,7,13,1,1,1.15,1.474,278.7,11,0.668,98.05,0.277,2,63,0,0,0,0.7543
1016,Bradley Beal,PHX,SG,2024-11-21,31,9.61,1.0,0,1,33.96,38.79,34.59,-0.018,2,5,13,3,2,0.7,0.355,683.3,20,0.895,98.42,0.023,0,279,0,0,0,0.3247
1016,Bradley Beal,PHX,SG,2024-11-25,33,10.89,3.0,0,1,21.09,22.7,26.62,-0.208,2,5,13,2,1,1.54,-0.484,520.3,19,0.977,97.7,0.05,0,205,0,0,0,0.1358
1016,Bradley Beal,PHX,SG,2024-11-28,32,10.24,2.0,0,1,27.97,28.26,26.22,0.067,3,5,9,4,1,1.28,0.322,504.0,19,0.765,99.3,0.181,1,58,0,1,1,0.6364
1016,Bradley Beal,PHX,SG,2024-12-01,31,9.61,1.0,0,1,30.65,34.3,29.23,0.049,3,7,13,1,1,1.93,1.005,656.7,19,0.784,99.77,0.098,0,392,0,0,0,0.2203
1016,Bradley Beal,PHX,SG,2024-12-10,31,9.61,1.0,0,1,31.42,31.18,32.73,-0.04,2,5,13,4,0,1.88,0.099,779.1,26,0.875,98.64,0.084,1,65,0,0,0,0.2974
1016,Bradley Beal,PHX,SG,2024-12-13,32,10.24,2.0,0,1,17.64,24.03,22.3,-0.209,2,4,11,3,0,1.9,0.807,593.3,26,0.778,99.04,0.133,1,54,0,0,0,0.2696
1016,Bradley Beal,PHX,SG,2024-12-13,31,9.61,1.0,0,1,27.83,25.8,24.07,0.156,3,5,14,1,0,1.91,-0.355,843.2,30,0.814,98.06,0.006,1,56,0,1,0,0.3598
1016,Bradley Beal,PHX,SG,2024-12-13,31,9.61,1.0,0,1,28.72,27.73,27.52,0.043,2,5,12,1,0,1.98,0.12,675.4,23,0.972,99.77,0.0,1,33,0,0,1,0.2389
1016,Bradley Beal,PHX,SG,2024-12-14,31,9.61,1.0,0,1,28.93,22.53,21.65,0.336,4,7,13,6,2,1.7,-0.39,742.6,29,1.192,99.55,0.139,0,187,0,0,0,0.5513
1016,Bradley Beal,PHX,SG,2024-12-27,32,10.24,2.0,0,1,31.97,32.67,36.12,-0.115,2,6,12,2,0,1.77,-0.551,1167.1,36,0.984,98.39,0.036,0,398,0,0,1,0.0953
1016,Bradley Beal,PHX,SG,2024-12-27,32,10.24,2.0,0,1,28.75,29.15,29.53,-0.026,2,6,11,3,1,1.87,-0.004,1085.0,34,1.052,98.71,0.017,2,62,0,0,0,0.451
1016,Bradley Beal,PHX,SG,2024-12-30,33,10.89,3.0,0,1,34.51,31.95,32.85,0.051,3,5,12,3,2,1.6,-0.212,1268.5,38,1.257,98.04,0.0,0,232,0,0,1,0.3313
1016,Bradley Beal,PHX,SG,2024-12-30,31,9.61,1.0,0,1,34.24,33.66,32.87,0.042,3,5,13,2,2,2.12,-0.173,1139.7,35,0.955,98.02,0.0,1,39,0,0,1,0.5304
1016,Bradley Beal,PHX,SG,2025-01-01,33,10.89,3.0,0,1,24.61,25.61,21.38,0.151,2,4,12,2,1,1.28,0.579,866.6,37,0.87,98.73,0.177,2,15,0,0,1,0.666
1016,Bradley Beal,PHX,SG,2025-01-02,32,10.24,2.0,0,1,30.0,30.38,32.64,-0.081,1,4,8,1,0,2.91,0.332,1161.7,39,0.888,99.01,0.133,0,230,0,0,0,0.0722
1016,Bradley Beal,PHX,SG,2025-01-02,32,10.24,2.0,0,1,40.86,40.0,35.17,0.162,2,4,10,1,1,2.26,0.561,1396.3,39,0.854,99.32,0.171,0,156,0,0,0,0.3269
1016,Bradley Beal,PHX,SG,2025-01-02,32,10.24,2.0,0,1,28.08,29.35,31.2,-0.1,2,6,13,1,1,2.3,-0.552,965.1,38,0.828,98.87,0.035,1,72,0,1,1,0.3735
1016,Bradley Beal,PHX,SG,2025-01-11,33,10.89,3.0,0,1,38.72,37.45,28.9,0.34,4,6,14,4,0,2.42,-0.287,1236.7,40,1.105,99.71,0.13,0,190,0,0,0,0.283
1016,Bradley Beal,PHX,SG,2025-01-12,31,9.61,1.0,0,1,24.12,27.75,30.22,-0.202,3,7,15,6,1,1.87,-0.187,1171.7,43,0.815,97.83,0.0,1,46,0,0,1,0.4413
1016,Bradley Beal,PHX,SG,2025-01-18,31,9.61,1.0,0,1,25.91,26.93,23.33,0.111,3,5,13,0,2,1.59,0.095,1050.9,43,0.974,97.75,0.025,1,50,0,0,0,0.4858
1016,Bradley Beal,PHX,SG,2025-01-20,31,9.61,1.0,0,1,22.41,20.4,18.05,0.242,1,5,14,4,2,1.3,1.327,817.8,41,0.699,100.42,0.16,0,225,0,0,0,0.5487
1016,Bradley Beal,PHX,SG,2025-01-25,33,10.89,3.0,0,1,25.11,23.58,24.99,0.005,1,4,12,0,0,1.89,0.325,1152.3,45,0.937,98.95,0.021,1,60,0,1,0,0.2876
1016,Bradley Beal,PHX,SG,2025-01-27,33,10.89,3.0,0,1,30.11,25.25,24.39,0.235,1,3,12,3,3,0.72,-0.393,1213.6,47,0.766,99.51,0.025,1,25,0,1,1,0.85
1016,Bradley Beal,PHX,SG,2025-01-30,31,9.61,1.0,0,1,22.32,21.4,20.16,0.108,2,4,11,0,0,1.44,0.536,1114.2,49,0.802,98.98,0.089,1,87,0,1,1,0.3157
1016,Bradley Beal,PHX,SG,2025-01-31,32,10.24,2.0,0,1,29.04,29.39,27.36,0.062,1,5,13,3,1,1.52,0.674,1411.7,48,0.88,99.97,0.048,0,286,0,0,0,0.2587
1016,Bradley Beal,PHX,SG,2025-02-03,33,10.89,3.0,0,1,25.73,25.2,26.78,-0.039,2,5,9,5,0,1.07,-0.18,1243.2,47,0.796,100.58,0.002,0,144,0,0,1,0.1577
1016,Bradley Beal,PHX,SG,2025-02-03,33,10.89,3.0,0,1,25.49,27.59,23.36,0.091,1,5,9,0,1,1.9,-0.512,1361.2,53,0.801,97.35,0.106,1,64,0,0,0,0.3084
1016,Bradley Beal,PHX,SG,2025-02-07,31,9.61,1.0,0,1,25.89,30.2,29.39,-0.119,3,7,13,6,0,1.62,-0.444,1554.1,55,1.027,98.41,0.038,1,12,0,0,0,0.3833
1016,Bradley Beal,PHX,SG,2025-02-10,32,10.24,2.0,0,1,25.82,33.63,29.7,-0.131,1,3,8,2,0,1.65,0.034,1759.7,57,0.776,99.03,0.0,0,301,0,0,0,0.0763
1016,Bradley Beal,PHX,SG,2025-02-15,33,10.89,3.0,0,1,27.92,25.05,26.83,0.04,3,7,11,3,1,1.49,-0.175,1650.4,58,0.667,99.14,0.039,0,180,0,0,0,0.1871
1016,Bradley Beal,PHX,SG,2025-02-22,31,9.61,1.0,0,1,22.94,26.5,24.09,-0.048,3,7,11,7,0,1.57,0.397,1323.5,56,0.854,99.04,0.0,1,71,0,0,0,0.3286
1016,Bradley Beal,PHX,SG,2025-03-07,32,10.24,2.0,0,1,20.21,25.94,23.51,-0.14,1,3,8,0,0,2.15,0.514,1417.1,61,0.786,100.74,0.071,1,61,0,0,1,0.1766
1016,Bradley Beal,PHX,SG,2025-03-08,33,10.89,3.0,0,1,24.36,24.88,25.44,-0.042,3,5,10,2,1,0.93,0.656,1595.3,65,0.917,99.13,0.09,2,34,0,0,0,0.5592
1016,Bradley Beal,PHX,SG,2025-03-09,31,9.61,1.0,0,1,28.24,29.16,27.62,0.022,2,6,11,4,0,2.21,0.166,1965.1,66,0.844,99.33,0.004,1,22,0,0,1,0.2896
1016,Bradley Beal,PHX,SG,2025-03-09,32,10.24,2.0,0,1,18.98,22.07,17.27,0.099,3,5,14,3,1,0.85,-0.434,1333.9,66,0.738,99.59,0.025,0,170,0,0,0,0.1842
1016,Bradley Beal,PHX,SG,2025-03-11,32,10.24,2.0,0,1,31.01,28.38,28.99,0.07,3,5,11,2,0,1.98,-0.915,1863.1,68,0.818,98.35,0.0,1,30,0,0,0,0.2725
1016,Bradley Beal,PHX,SG,2025-03-11,33,10.89,3.0,0,1,27.79,23.74,21.57,0.288,3,6,12,6,0,2.27,-0.542,1514.2,65,0.984,99.44,0.159,5,10,1,1,0,0.85
1016,Bradley Beal,PHX,SG,2025-03-12,32,10.24,2.0,0,1,42.0,40.0,36.72,0.144,4,7,12,1,2,1.58,0.643,2316.7,65,1.016,98.87,0.115,3,46,1,0,1,0.85
1016,Bradley Beal,PHX,SG,2025-03-14,33,10.89,3.0,0,1,31.02,32.09,29.11,0.066,2,5,10,0,3,0.89,-0.014,1839.1,64,0.834,99.93,0.012,0,389,0,0,0,0.346
1016,Bradley Beal,PHX,SG,2025-03-14,31,9.61,1.0,0,1,25.43,24.99,28.3,-0.101,2,6,15,4,1,1.25,0.569,1720.2,66,0.996,98.88,0.01,0,361,0,0,0,0.2329
1016,Bradley Beal,PHX,SG,2025-03-17,33,10.89,3.0,0,1,37.45,39.8,37.63,-0.005,1,5,12,3,1,2.1,-0.61,2558.7,70,1.026,99.6,0.093,0,314,0,0,0,0.2043
1016,Bradley Beal,PHX,SG,2025-03-17,33,10.89,3.0,0,1,21.82,23.53,20.02,0.09,3,6,11,6,0,2.51,-0.128,1375.5,67,0.656,99.47,0.029,1,33,0,0,0,0.2909
1016,Bradley Beal,PHX,SG,2025-03-26,33,10.89,3.0,0,1,25.34,25.16,28.56,-0.113,4,6,10,3,1,2.01,0.223,1637.0,72,1.383,98.62,0.153,3,59,1,1,1,0.8034
1016,Bradley Beal,PHX,SG,2025-03-27,31,9.61,1.0,0,1,38.67,33.86,37.25,0.038,2,6,15,3,0,2.13,-0.402,2564.3,71,0.896,98.81,0.03,0,284,0,0,0,0.135
1019,Brook Lopez,MIL,C,2024-10-22,37,13.69,7.0,1,0,36.35,33.68,31.44,0.156,2,6,13,0,0,2.07,-0.894,195.2,4,0.836,100.16,0.02,1,39,0,1,1,0.6292
1019,Brook Lopez,MIL,C,2024-10-23,38,14.44,8.0,1,0,36.41,34.3,31.32,0.162,3,5,12,3,0,1.54,-0.487,36.1,1,0.881,101.93,0.022,0,370,0,0,1,0.3507
1019,Brook Lopez,MIL,C,2024-10-24,37,13.69,7.0,1,0,31.27,32.38,28.93,0.081,3,5,9,0,1,1.29,-0.635,187.2,5,0.752,100.11,0.024,0,240,0,0,0,0.289
1019,Brook Lopez,MIL,C,2024-11-02,36,12.96,6.0,1,0,35.83,34.64,28.94,0.238,3,6,15,5,3,1.2,1.323,204.9,6,0.615,99.94,0.288,0,150,0,0,1,0.85
1019,Brook Lopez,MIL,C,2024-11-05,36,12.96,6.0,1,0,21.79,22.71,19.58,0.113,3,7,15,6,0,2.35,-0.241,259.8,11,0.898,100.96,0.0,0,342,0,0,0,0.2567
1019,Brook Lopez,MIL,C,2024-11-06,38,14.44,8.0,1,0,36.02,32.25,37.62,-0.043,2,6,10,0,0,2.1,-0.197,314.0,8,0.797,100.02,0.088,1,88,0,1,1,0.4936
1019,Brook Lopez,MIL,C,2024-11-08,37,13.69,7.0,1,0,29.87,29.05,29.87,-0.0,2,4,9,3,0,0.67,-0.241,207.7,7,0.605,101.44,0.049,1,44,0,0,0,0.4943
1019,Brook Lopez,MIL,C,2024-11-18,37,13.69,7.0,1,0,33.04,33.11,34.72,-0.048,3,7,12,7,1,1.73,-0.074,648.7,19,0.535,100.17,0.0,0,374,0,0,0,0.4187
1019,Brook Lopez,MIL,C,2024-11-25,36,12.96,6.0,1,0,32.92,33.91,33.16,-0.007,2,5,11,2,0,1.8,1.116,675.3,19,0.543,100.87,0.115,1,35,0,0,0,0.6101
1019,Brook Lopez,MIL,C,2024-11-27,37,13.69,7.0,1,0,26.04,26.93,23.33,0.116,1,4,11,2,1,1.66,-0.026,580.3,20,0.809,100.41,0.087,1,87,0,1,1,0.688
1019,Brook Lopez,MIL,C,2024-11-29,37,13.69,7.0,1,0,34.08,32.09,29.56,0.153,4,7,13,5,2,1.62,0.356,670.8,23,0.557,100.03,0.161,0,192,0,0,0,0.6933
1019,Brook Lopez,MIL,C,2024-11-30,37,13.69,7.0,1,0,29.52,24.39,22.09,0.336,4,7,14,0,3,0.8,0.289,446.5,18,0.864,101.08,0.148,0,338,0,0,1,0.7554
1019,Brook Lopez,MIL,C,2024-12-03,38,14.44,8.0,1,0,23.17,26.21,26.16,-0.114,2,6,14,0,0,2.58,-0.312,553.3,23,0.623,99.88,0.058,0,181,0,0,0,0.1242
1019,Brook Lopez,MIL,C,2024-12-11,36,12.96,6.0,1,0,27.61,28.11,22.37,0.234,2,4,9,2,1,0.97,0.195,626.7,26,0.696,100.87,0.0,1,49,0,1,1,0.7812
1019,Brook Lopez,MIL,C,2024-12-14,36,12.96,6.0,1,0,35.72,30.61,30.44,0.174,4,6,14,0,0,1.57,1.05,823.7,28,0.771,99.37,0.181,1,55,0,1,1,0.7817
1019,Brook Lopez,MIL,C,2024-12-16,36,12.96,6.0,1,0,36.28,31.71,36.78,-0.014,2,4,13,2,0,1.46,-0.754,1069.1,30,0.804,99.91,0.0,0,206,0,0,0,0.2275
1019,Brook Lopez,MIL,C,2024-12-21,37,13.69,7.0,1,0,25.08,22.07,20.3,0.236,1,3,10,1,2,2.02,0.35,605.5,27,0.527,100.38,0.05,1,26,0,0,1,0.7684
1019,Brook Lopez,MIL,C,2024-12-22,37,13.69,7.0,1,0,33.84,30.54,30.86,0.097,1,3,10,2,0,2.7,0.583,1029.1,31,0.72,102.32,0.105,0,236,0,0,1,0.2644
1019,Brook Lopez,MIL,C,2024-12-29,36,12.96,6.0,1,0,33.43,33.91,34.18,-0.022,3,7,15,0,0,2.14,-0.087,1032.7,31,0.582,101.34,0.0,0,243,0,0,0,0.1613
1019,Brook Lopez,MIL,C,2025-01-07,36,12.96,6.0,1,0,39.06,39.32,27.89,0.4,4,7,12,6,1,1.56,0.568,1378.6,41,0.708,100.94,0.21,1,69,0,1,0,0.85
1019,Brook Lopez,MIL,C,2025-01-09,38,14.44,8.0,1,0,28.58,22.57,26.49,0.079,2,5,14,5,0,2.96,-0.322,1040.4,38,0.671,101.1,0.02,0,386,0,0,0,0.2266
1019,Brook Lopez,MIL,C,2025-01-12,36,12.96,6.0,1,0,32.18,26.51,23.23,0.385,4,7,12,5,3,1.85,-0.005,1000.6,37,1.091,101.12,0.134,0,271,0,0,0,0.8233
1019,Brook Lopez,MIL,C,2025-01-13,38,14.44,8.0,1,0,32.91,32.79,36.59,-0.101,3,7,11,5,1,1.52,0.506,1258.7,38,0.822,100.2,0.032,0,379,0,0,0,0.4805
1019,Brook Lopez,MIL,C,2025-01-15,37,13.69,7.0,1,0,32.44,34.36,34.53,-0.06,3,5,12,1,0,2.17,-0.256,1356.2,40,0.717,100.87,0.025,0,203,0,0,1,0.1615
1019,Brook Lopez,MIL,C,2025-01-16,37,13.69,7.0,1,0,38.26,35.78,36.42,0.05,2,5,10,5,0,1.3,-0.929,1733.9,45,0.789,100.27,0.06,0,340,0,0,0,0.3474
1019,Brook Lopez,MIL,C,2025-01-21,36,12.96,6.0,1,0,31.36,26.98,26.11,0.201,2,4,13,0,1,1.6,-0.397,1217.9,41,0.729,101.85,0.046,0,340,0,0,0,0.3556
1019,Brook Lopez,MIL,C,2025-01-23,37,13.69,7.0,1,0,42.0,40.0,37.97,0.106,3,7,15,7,1,0.99,0.011,1765.2,48,0.826,102.13,0.135,0,328,0,0,1,0.6777
1019,Brook Lopez,MIL,C,2025-01-24,37,13.69,7.0,1,0,25.78,22.26,23.94,0.077,3,7,15,0,1,2.14,0.053,1098.4,44,0.635,101.05,0.027,0,287,0,0,0,0.2541
1019,Brook Lopez,MIL,C,2025-01-26,38,14.44,8.0,1,0,31.27,36.12,32.31,-0.032,4,7,12,3,1,1.77,-0.219,1381.2,45,0.749,99.75,0.079,0,269,0,0,0,0.3333
1019,Brook Lopez,MIL,C,2025-01-28,36,12.96,6.0,1,0,25.97,29.22,23.38,0.11,2,6,14,1,0,1.83,-0.333,1279.3,50,0.645,101.68,0.071,0,335,0,0,0,0.1983
1019,Brook Lopez,MIL,C,2025-01-30,36,12.96,6.0,1,0,28.1,23.17,19.79,0.42,2,5,11,1,1,1.9,-0.125,1315.8,52,0.367,99.94,0.0,1,31,0,1,1,0.7821
1019,Brook Lopez,MIL,C,2025-02-02,38,14.44,8.0,1,0,35.84,37.87,38.0,-0.057,3,5,13,2,0,2.41,0.028,1842.5,51,0.927,100.42,0.033,0,257,0,0,1,0.2113
1019,Brook Lopez,MIL,C,2025-02-07,36,12.96,6.0,1,0,34.31,35.01,33.47,0.025,3,6,12,1,0,1.46,0.378,1899.1,56,0.689,100.16,0.026,1,24,0,1,1,0.6515
1019,Brook Lopez,MIL,C,2025-02-08,38,14.44,8.0,1,0,31.09,32.04,27.4,0.135,1,4,11,3,1,2.5,0.11,1580.8,52,0.633,100.93,0.0,0,255,0,0,1,0.3359
1019,Brook Lopez,MIL,C,2025-02-08,36,12.96,6.0,1,0,38.31,34.81,29.73,0.289,4,6,11,5,1,1.97,0.113,1431.6,50,0.705,100.68,0.103,1,17,0,0,1,0.8426
1019,Brook Lopez,MIL,C,2025-02-09,37,13.69,7.0,1,0,19.73,21.21,16.86,0.17,2,4,11,1,0,2.14,0.639,1057.0,54,0.874,100.72,0.127,2,87,0,1,0,0.6565
1019,Brook Lopez,MIL,C,2025-02-12,37,13.69,7.0,1,0,26.58,27.93,23.61,0.126,1,4,11,2,0,1.79,-0.319,1456.2,54,0.715,100.77,0.023,0,197,0,0,0,0.2085
1019,Brook Lopez,MIL,C,2025-02-14,37,13.69,7.0,1,0,33.21,29.65,31.22,0.064,1,4,9,4,0,1.69,-0.624,1650.2,54,0.608,101.57,0.081,0,388,0,0,0,0.2836
1019,Brook Lopez,MIL,C,2025-02-15,36,12.96,6.0,1,0,26.65,27.8,26.31,0.013,2,6,10,5,1,2.7,-0.172,1430.8,52,0.631,101.09,0.072,1,19,0,0,1,0.6017
1019,Brook Lopez,MIL,C,2025-02-15,36,12.96,6.0,1,0,34.16,27.56,26.09,0.309,2,5,10,2,1,1.8,0.461,1441.0,54,0.343,100.37,0.162,0,287,0,0,1,0.503
1019,Brook Lopez,MIL,C,2025-02-22,37,13.69,7.0,1,0,25.57,30.44,24.78,0.032,3,5,14,2,0,1.46,-0.687,1672.5,61,0.731,99.88,0.053,0,195,0,0,0,0.2094
1019,Brook Lopez,MIL,C,2025-02-27,37,13.69,7.0,1,0,20.92,24.08,23.58,-0.113,3,7,15,6,1,1.34,-0.254,1509.4,63,0.782,98.9,0.03,0,140,0,0,0,0.452
1019,Brook Lopez,MIL,C,2025-02-28,36,12.96,6.0,1,0,19.2,21.27,20.93,-0.083,3,7,11,2,1,1.59,0.678,1278.7,65,0.514,101.58,0.051,1,13,0,0,1,0.6169
1019,Brook Lopez,MIL,C,2025-03-07,38,14.44,8.0,1,0,37.2,30.18,35.68,0.042,3,7,13,7,1,1.11,0.592,2392.5,64,0.74,101.41,0.049,0,379,0,0,1,0.6307
1019,Brook Lopez,MIL,C,2025-03-09,38,14.44,8.0,1,0,30.85,29.08,28.42,0.085,4,7,13,0,0,1.76,-0.523,1795.4,69,0.892,101.33,0.161,0,239,0,0,0,0.2338
1019,Brook Lopez,MIL,C,2025-03-13,36,12.96,6.0,1,0,35.68,35.74,32.55,0.096,1,3,9,1,0,1.82,-0.544,2349.9,69,0.667,100.28,0.029,0,126,0,0,0,0.2856
1019,Brook Lopez,MIL,C,2025-03-15,37,13.69,7.0,1,0,31.62,29.55,32.63,-0.031,3,5,9,2,1,2.27,0.301,2028.0,66,0.833,100.07,0.045,0,289,0,0,1,0.297
1019,Brook Lopez,MIL,C,2025-03-18,37,13.69,7.0,1,0,27.25,24.69,25.6,0.064,2,6,12,4,1,1.32,0.242,1740.4,67,0.631,101.07,0.0,0,222,0,0,1,0.3808
1019,Brook Lopez,MIL,C,2025-03-19,37,13.69,7.0,1,0,28.73,25.98,22.88,0.256,3,5,13,3,2,1.45,0.542,1640.8,68,0.828,101.87,0.166,0,141,0,0,1,0.7654
1019,Brook Lopez,MIL,C,2025-03-25,36,12.96,6.0,1,0,30.83,29.99,22.11,0.394,3,7,14,3,3,0.6,0.194,1900.7,70,0.599,101.32,0.158,1,19,0,0,1,0.85
1019,Brook Lopez,MIL,C,2025-03-27,36,12.96,6.0,1,0,31.86,28.23,29.48,0.081,2,4,9,4,0,1.98,-0.17,2187.9,72,0.701,100.68,0.0,1,20,0,1,1,0.6671
1019,Brook Lopez,MIL,C,2025-03-28,38,14.44,8.0,1,0,25.23,25.73,27.76,-0.091,3,5,14,2,1,1.93,0.501,1857.0,72,0.562,100.18,0.072,0,264,0,0,0,0.3245
1003,D'Angelo Russell,LAL,PG,2024-10-22,30,9.0,0.0,0,1,28.65,30.59,29.0,-0.012,3,5,13,2,1,1.34,0.13,147.2,2,0.961,99.25,0.081,1,82,0,0,0,0.3518
1003,D'Angelo Russell,LAL,PG,2024-10-25,29,8.41,0.0,0,1,37.59,35.05,37.99,-0.01,2,6,10,5,3,2.24,-0.749,171.3,6,0.739,99.6,0.035,1,43,0,1,1,0.7997
1003,D'Angelo Russell,LAL,PG,2024-10-27,29,8.41,0.0,0,1,30.4,28.37,30.59,-0.006,3,5,10,3,2,1.18,-0.452,310.2,7,0.842,98.8,0.036,2,56,0,1,0,0.7144
1003,D'Angelo Russell,LAL,PG,2024-10-28,30,9.0,0.0,0,1,38.25,34.86,33.05,0.157,2,6,14,4,2,1.3,0.566,144.7,4,1.074,99.11,0.148,0,275,0,0,0,0.5377
1003,D'Angelo Russell,LAL,PG,2024-10-30,29,8.41,0.0,0,1,19.65,25.83,17.79,0.105,1,4,11,1,0,0.91,-0.186,187.1,7,0.799,98.45,0.0,0,257,0,0,0,0.0652
1003,D'Angelo Russell,LAL,PG,2024-11-04,30,9.0,0.0,0,1,29.59,28.12,25.21,0.174,4,7,13,2,2,1.97,0.773,157.0,7,0.833,100.58,0.174,0,349,0,0,1,0.3953
1003,D'Angelo Russell,LAL,PG,2024-11-07,29,8.41,0.0,0,1,26.14,25.95,28.2,-0.073,3,5,12,2,0,2.52,0.46,245.5,9,1.11,100.01,0.094,0,167,0,0,0,0.098
1003,D'Angelo Russell,LAL,PG,2024-11-08,28,7.84,0.0,0,1,22.69,21.9,22.49,0.009,2,6,12,2,1,1.4,0.917,264.7,12,0.822,100.59,0.274,0,159,0,0,0,0.2631
1003,D'Angelo Russell,LAL,PG,2024-11-09,28,7.84,0.0,0,1,20.64,23.07,24.03,-0.141,2,5,9,3,0,1.74,-0.288,347.4,15,0.659,99.09,0.0,0,180,0,0,0,0.0688
1003,D'Angelo Russell,LAL,PG,2024-11-10,28,7.84,0.0,0,1,27.39,26.06,29.63,-0.076,3,7,16,3,3,1.53,-0.015,215.4,8,0.807,100.45,0.024,0,196,0,0,1,0.4028
1003,D'Angelo Russell,LAL,PG,2024-11-13,29,8.41,0.0,0,1,31.64,33.57,21.44,0.476,2,6,11,0,0,2.3,0.716,358.3,14,0.833,99.92,0.174,0,296,0,0,0,0.2114
1003,D'Angelo Russell,LAL,PG,2024-11-15,29,8.41,0.0,0,1,26.08,25.47,27.01,-0.035,1,5,10,5,0,2.11,-0.246,340.5,16,0.992,100.36,0.04,0,139,0,0,0,0.1314
1003,D'Angelo Russell,LAL,PG,2024-11-19,28,7.84,0.0,0,1,33.35,29.18,29.12,0.145,3,7,11,1,1,1.35,-0.341,477.7,19,0.854,99.66,0.091,1,20,0,0,0,0.4802
1003,D'Angelo Russell,LAL,PG,2024-11-30,28,7.84,0.0,0,1,37.56,39.25,35.99,0.044,3,5,14,4,0,1.64,-0.434,819.4,20,0.991,100.54,0.034,0,189,0,0,1,0.1737
1003,D'Angelo Russell,LAL,PG,2024-12-11,29,8.41,0.0,0,1,25.1,26.32,25.21,-0.004,1,3,8,1,1,2.12,-0.2,797.8,28,0.953,100.25,0.078,1,75,0,0,1,0.2507
1003,D'Angelo Russell,LAL,PG,2024-12-12,29,8.41,0.0,0,1,28.29,27.07,26.01,0.087,3,7,15,1,2,0.62,0.337,713.0,28,0.383,99.23,0.028,1,11,0,1,0,0.7034
1003,D'Angelo Russell,LAL,PG,2024-12-15,30,9.0,0.0,0,1,28.99,28.75,28.29,0.025,3,6,12,5,1,0.95,-0.38,844.9,28,0.798,99.79,0.0,0,278,0,0,1,0.1882
1003,D'Angelo Russell,LAL,PG,2024-12-17,29,8.41,0.0,0,1,42.0,39.59,36.07,0.164,2,5,14,0,1,1.73,-0.84,1017.7,27,0.954,100.71,0.122,0,126,0,0,1,0.3329
1003,D'Angelo Russell,LAL,PG,2024-12-21,29,8.41,0.0,0,1,33.21,32.27,32.13,0.033,4,7,14,2,0,1.79,0.531,873.7,31,0.787,100.64,0.142,1,29,0,0,1,0.3964
1003,D'Angelo Russell,LAL,PG,2024-12-28,28,7.84,0.0,0,1,24.61,18.51,22.25,0.106,3,6,15,6,1,1.39,0.317,711.2,32,0.726,99.93,0.13,1,79,0,1,1,0.6662
1003,D'Angelo Russell,LAL,PG,2025-01-03,30,9.0,0.0,0,1,31.2,26.52,23.96,0.302,2,5,12,3,0,1.63,-0.266,946.0,37,0.873,99.26,0.191,0,380,0,0,0,0.1893
1003,D'Angelo Russell,LAL,PG,2025-01-04,29,8.41,0.0,0,1,25.51,27.44,26.82,-0.049,3,5,13,1,2,2.19,0.643,963.7,35,1.109,100.53,0.053,0,361,0,0,0,0.2293
1003,D'Angelo Russell,LAL,PG,2025-01-05,28,7.84,0.0,0,1,29.68,29.57,27.33,0.086,1,4,10,3,2,1.93,0.506,1120.3,40,0.984,99.85,0.081,1,81,0,0,1,0.5722
1003,D'Angelo Russell,LAL,PG,2025-01-07,29,8.41,0.0,0,1,38.13,32.46,28.86,0.321,2,4,11,2,1,2.42,0.054,1209.0,37,1.067,99.32,0.068,0,164,0,0,0,0.2955
1003,D'Angelo Russell,LAL,PG,2025-01-16,30,9.0,0.0,0,1,36.2,36.65,34.79,0.041,3,7,12,4,1,1.22,0.192,1427.6,45,0.984,100.97,0.109,1,71,0,0,0,0.5223
1003,D'Angelo Russell,LAL,PG,2025-01-20,29,8.41,0.0,0,1,28.5,28.05,27.69,0.029,1,4,10,2,0,1.9,0.066,1276.6,45,0.864,101.26,0.042,1,53,0,0,1,0.2385
1003,D'Angelo Russell,LAL,PG,2025-01-20,28,7.84,0.0,0,1,31.01,33.22,30.12,0.029,3,6,14,1,2,1.68,-0.451,1308.9,42,0.84,101.53,0.061,1,25,0,0,0,0.5592
1003,D'Angelo Russell,LAL,PG,2025-01-22,29,8.41,0.0,0,1,29.74,31.55,36.86,-0.193,2,5,12,0,0,1.16,-0.045,1366.4,41,0.987,99.84,0.042,0,298,0,0,0,0.0736
1003,D'Angelo Russell,LAL,PG,2025-01-25,29,8.41,0.0,0,1,30.67,31.58,26.49,0.157,3,5,13,0,0,1.95,-1.089,1475.5,49,0.725,100.32,0.032,0,182,0,0,0,0.0959
1003,D'Angelo Russell,LAL,PG,2025-01-28,29,8.41,0.0,0,1,30.65,31.15,29.93,0.024,2,5,13,4,3,1.52,0.439,1449.6,46,1.052,100.38,0.051,0,299,0,0,1,0.4992
1003,D'Angelo Russell,LAL,PG,2025-02-03,30,9.0,0.0,0,1,27.93,25.6,24.57,0.137,2,6,10,3,0,2.21,-0.02,1358.6,53,0.874,99.82,0.081,0,248,0,0,0,0.1021
1003,D'Angelo Russell,LAL,PG,2025-02-03,30,9.0,0.0,0,1,39.89,34.36,28.8,0.385,4,6,13,6,0,2.33,0.069,1529.8,49,0.719,100.66,0.14,0,305,0,0,0,0.304
1003,D'Angelo Russell,LAL,PG,2025-02-04,30,9.0,0.0,0,1,34.28,30.37,27.53,0.245,2,5,11,5,2,1.04,0.957,1416.1,51,0.777,100.87,0.232,0,291,0,0,1,0.6151
1003,D'Angelo Russell,LAL,PG,2025-02-05,30,9.0,0.0,0,1,31.26,33.32,31.13,0.004,1,4,10,4,1,2.17,0.393,1673.1,51,1.111,99.87,0.0,1,31,0,1,0,0.5839
1003,D'Angelo Russell,LAL,PG,2025-02-14,30,9.0,0.0,0,1,26.17,31.6,26.06,0.004,3,6,14,3,3,1.21,0.491,1370.2,53,0.832,100.02,0.198,0,382,0,0,0,0.4674
1003,D'Angelo Russell,LAL,PG,2025-02-16,29,8.41,0.0,0,1,18.52,17.59,16.11,0.149,1,3,9,0,2,1.38,0.044,1111.0,58,0.846,100.93,0.0,0,128,0,0,0,0.246
1003,D'Angelo Russell,LAL,PG,2025-02-17,30,9.0,0.0,0,1,28.83,27.67,27.74,0.039,1,4,9,3,0,1.71,0.205,1523.4,55,0.951,99.7,0.067,0,155,0,0,0,0.1382
1003,D'Angelo Russell,LAL,PG,2025-02-20,30,9.0,0.0,0,1,34.78,31.54,33.15,0.049,3,6,13,4,1,1.26,-0.336,1834.8,56,0.687,99.24,0.0,1,53,0,1,0,0.5854
1003,D'Angelo Russell,LAL,PG,2025-02-21,28,7.84,0.0,0,1,29.75,29.0,22.34,0.332,2,4,13,0,0,2.1,0.186,1410.5,55,0.938,99.59,0.111,1,73,0,0,1,0.3147
1003,D'Angelo Russell,LAL,PG,2025-02-22,30,9.0,0.0,0,1,28.72,28.48,27.46,0.046,3,6,14,4,1,1.57,-0.371,1716.1,62,0.908,100.02,0.008,0,317,0,0,0,0.1981
1003,D'Angelo Russell,LAL,PG,2025-02-25,28,7.84,0.0,0,1,26.77,22.01,20.43,0.311,3,5,10,3,0,2.8,1.02,1098.5,58,0.881,99.4,0.144,1,43,0,0,0,0.4385
1003,D'Angelo Russell,LAL,PG,2025-02-27,29,8.41,0.0,0,1,39.65,33.34,26.28,0.509,4,7,11,1,1,1.78,-0.542,1845.9,65,0.916,99.16,0.126,0,183,0,0,1,0.3824
1003,D'Angelo Russell,LAL,PG,2025-03-03,30,9.0,0.0,0,1,27.66,25.25,24.12,0.147,1,3,9,3,0,2.31,-0.652,1642.0,65,0.843,99.45,0.0,0,223,0,0,0,0.0904
1003,D'Angelo Russell,LAL,PG,2025-03-05,30,9.0,0.0,0,1,27.63,29.54,26.23,0.053,2,5,11,3,1,2.06,0.333,1689.8,62,0.854,99.51,0.029,1,47,0,0,0,0.3909
1003,D'Angelo Russell,LAL,PG,2025-03-08,29,8.41,0.0,0,1,28.96,29.8,24.23,0.195,3,6,13,1,1,1.53,0.781,1511.2,65,1.056,98.41,0.131,0,158,0,0,0,0.3231
1003,D'Angelo Russell,LAL,PG,2025-03-08,28,7.84,0.0,0,1,22.08,23.82,22.13,-0.003,1,4,9,4,0,1.6,0.6,1508.9,66,0.993,100.37,0.081,1,78,0,0,1,0.2865
1003,D'Angelo Russell,LAL,PG,2025-03-12,28,7.84,0.0,0,1,31.33,32.1,28.57,0.097,3,7,14,2,2,1.8,-0.218,1923.5,64,0.958,98.92,0.014,0,217,0,0,0,0.2696
1003,D'Angelo Russell,LAL,PG,2025-03-18,30,9.0,0.0,0,1,15.16,14.7,15.76,-0.038,2,4,12,4,1,2.17,-0.409,1033.7,69,1.084,99.76,0.058,1,80,0,0,0,0.25
1003,D'Angelo Russell,LAL,PG,2025-03-18,29,8.41,0.0,0,1,23.93,23.85,27.42,-0.127,2,4,9,3,0,2.29,-0.129,1765.1,72,0.978,99.72,0.0,0,126,0,0,0,0.0947
1003,D'Angelo Russell,LAL,PG,2025-03-19,29,8.41,0.0,0,1,24.55,27.79,24.51,0.002,3,7,16,2,0,2.8,-0.055,1865.2,68,0.752,100.17,0.0,0,199,0,0,0,0.0613
1003,D'Angelo Russell,LAL,PG,2025-03-19,30,9.0,0.0,0,1,26.42,25.86,22.88,0.155,2,4,13,3,3,0.78,-0.479,1837.0,71,1.162,101.0,0.072,0,269,0,0,1,0.4683
1003,D'Angelo Russell,LAL,PG,2025-03-21,28,7.84,0.0,0,1,25.89,26.0,28.25,-0.083,1,3,12,2,1,2.13,-0.676,1956.0,72,0.807,98.24,0.0,1,55,0,0,1,0.2646
1003,D'Angelo Russell,LAL,PG,2025-03-24,30,9.0,0.0,0,1,32.9,30.05,35.36,-0.07,3,7,11,7,2,1.41,-1.022,2432.5,72,0.91,98.74,0.021,0,362,0,0,0,0.361
1018,Damian Lillard,MIL,PG,2024-10-26,34,11.56,4.0,0,1,24.41,24.66,18.8,0.298,3,6,15,4,1,1.52,1.309,18.2,3,0.834,103.19,0.304,1,17,0,1,1,0.85
1018,Damian Lillard,MIL,PG,2024-10-26,36,12.96,6.0,0,1,29.26,35.14,32.97,-0.112,3,5,12,3,1,2.23,-0.39,263.1,6,0.587,101.33,0.061,0,279,0,0,0,0.1665
1018,Damian Lillard,MIL,PG,2024-10-27,34,11.56,4.0,0,1,32.69,29.25,29.82,0.096,1,3,12,1,1,1.18,-0.098,165.2,7,0.804,101.98,0.0,1,71,0,1,1,0.5491
1018,Damian Lillard,MIL,PG,2024-11-01,35,12.25,5.0,0,1,22.97,24.03,21.89,0.049,2,4,8,4,0,2.29,0.831,184.9,8,0.689,101.27,0.129,1,57,0,0,0,0.3707
1018,Damian Lillard,MIL,PG,2024-11-04,35,12.25,5.0,0,1,31.09,29.3,22.71,0.369,4,6,10,5,0,2.37,0.877,150.6,6,0.749,100.8,0.183,1,62,0,1,1,0.735
1018,Damian Lillard,MIL,PG,2024-11-08,34,11.56,4.0,0,1,32.22,31.03,28.92,0.114,1,4,13,0,0,1.74,-0.764,301.4,11,0.988,100.41,0.008,1,20,0,1,0,0.4533
1018,Damian Lillard,MIL,PG,2024-11-09,36,12.96,6.0,0,1,38.53,31.68,30.56,0.261,4,6,10,4,2,1.65,0.061,342.8,13,0.759,101.9,0.164,0,176,0,0,1,0.6016
1018,Damian Lillard,MIL,PG,2024-11-19,36,12.96,6.0,0,1,28.21,29.56,32.4,-0.129,1,4,8,4,2,1.86,0.078,544.7,17,1.032,101.93,0.044,0,122,0,0,0,0.4382
1018,Damian Lillard,MIL,PG,2024-11-20,35,12.25,5.0,0,1,27.3,29.25,29.64,-0.079,3,7,14,0,1,0.76,0.523,466.8,16,1.021,102.32,0.102,0,227,0,0,0,0.2218
1018,Damian Lillard,MIL,PG,2024-11-20,35,12.25,5.0,0,1,29.02,30.79,26.73,0.086,3,7,13,1,1,2.09,0.347,541.8,16,1.025,101.17,0.042,1,75,0,1,1,0.5527
1018,Damian Lillard,MIL,PG,2024-11-23,35,12.25,5.0,0,1,42.0,36.56,33.46,0.255,2,5,13,5,2,1.77,0.2,594.2,18,0.91,101.92,0.127,0,208,0,0,0,0.6332
1018,Damian Lillard,MIL,PG,2024-11-24,34,11.56,4.0,0,1,29.88,25.97,26.05,0.147,3,5,9,4,3,1.43,0.848,296.2,14,0.964,101.1,0.169,1,73,0,0,1,0.85
1018,Damian Lillard,MIL,PG,2024-11-25,36,12.96,6.0,0,1,26.6,25.83,26.11,0.019,2,4,9,4,3,1.17,-0.056,480.6,16,0.761,101.55,0.106,0,328,0,0,0,0.4761
1018,Damian Lillard,MIL,PG,2024-12-01,35,12.25,5.0,0,1,29.47,31.27,31.95,-0.078,1,3,8,0,1,1.93,0.387,601.4,20,0.332,100.23,0.078,1,33,0,1,1,0.4931
1018,Damian Lillard,MIL,PG,2024-12-02,34,11.56,4.0,0,1,13.93,15.48,12.6,0.106,3,5,11,5,1,1.62,-0.141,361.1,23,0.901,101.17,0.065,0,307,0,0,0,0.1881
1018,Damian Lillard,MIL,PG,2024-12-03,35,12.25,5.0,0,1,37.49,37.58,34.38,0.09,3,7,12,7,1,2.22,0.043,844.5,25,0.492,100.85,0.0,0,209,0,0,0,0.3043
1018,Damian Lillard,MIL,PG,2024-12-05,34,11.56,4.0,0,1,24.72,29.66,26.61,-0.071,1,3,8,3,2,1.78,0.028,632.7,25,0.806,101.08,0.084,0,379,0,0,0,0.2555
1018,Damian Lillard,MIL,PG,2024-12-08,34,11.56,4.0,0,1,27.5,29.37,29.38,-0.064,1,3,12,3,0,1.66,-0.337,522.3,21,0.719,100.19,0.01,1,55,0,1,1,0.3726
1018,Damian Lillard,MIL,PG,2024-12-13,35,12.25,5.0,0,1,35.17,30.46,33.37,0.054,1,4,8,1,1,1.48,-0.129,743.1,23,1.188,100.49,0.03,1,86,0,0,1,0.4373
1018,Damian Lillard,MIL,PG,2024-12-13,34,11.56,4.0,0,1,18.83,21.97,23.37,-0.194,1,5,10,1,0,1.89,0.236,694.0,30,0.936,101.08,0.068,0,347,0,0,0,0.0755
1018,Damian Lillard,MIL,PG,2024-12-16,36,12.96,6.0,0,1,41.19,40.0,27.22,0.514,2,6,14,2,0,2.09,0.257,833.4,27,0.967,99.84,0.19,0,159,0,0,0,0.4606
1018,Damian Lillard,MIL,PG,2024-12-18,36,12.96,6.0,0,1,34.32,32.07,26.4,0.3,1,3,11,0,1,1.41,-0.64,937.4,32,0.803,100.05,0.059,0,320,0,0,0,0.2761
1018,Damian Lillard,MIL,PG,2024-12-20,34,11.56,4.0,0,1,30.73,30.87,27.24,0.128,1,4,11,3,1,1.57,-0.034,770.8,27,0.89,100.62,0.101,1,54,0,0,0,0.5225
1018,Damian Lillard,MIL,PG,2024-12-25,35,12.25,5.0,0,1,26.08,28.91,23.87,0.093,1,3,8,1,0,2.51,-0.038,800.6,33,0.871,101.9,0.0,1,36,0,1,1,0.3463
1018,Damian Lillard,MIL,PG,2024-12-26,35,12.25,5.0,0,1,18.52,15.66,19.53,-0.052,2,5,11,3,1,1.77,0.183,578.4,35,0.719,101.16,0.031,2,21,0,0,1,0.494
1018,Damian Lillard,MIL,PG,2024-12-28,34,11.56,4.0,0,1,28.75,31.89,30.82,-0.067,3,7,15,0,0,1.45,0.427,963.1,35,0.814,100.23,0.096,0,197,0,0,0,0.1265
1018,Damian Lillard,MIL,PG,2025-01-02,36,12.96,6.0,0,1,33.43,32.22,30.49,0.096,2,6,15,2,2,1.09,0.774,1077.6,32,0.695,101.41,0.092,0,143,0,0,0,0.5815
1018,Damian Lillard,MIL,PG,2025-01-02,35,12.25,5.0,0,1,35.38,34.79,30.91,0.144,3,7,16,2,2,2.11,0.21,1051.4,33,1.044,101.13,0.145,0,203,0,0,1,0.4646
1018,Damian Lillard,MIL,PG,2025-01-05,36,12.96,6.0,0,1,18.74,20.45,23.16,-0.191,1,4,10,3,0,2.28,-0.168,750.7,37,1.025,100.23,0.0,0,304,0,0,0,0.0764
1018,Damian Lillard,MIL,PG,2025-01-10,36,12.96,6.0,0,1,34.62,32.41,27.14,0.276,2,5,12,1,2,1.21,-0.831,1183.5,40,0.974,99.49,0.166,0,370,0,0,1,0.4536
1018,Damian Lillard,MIL,PG,2025-01-15,36,12.96,6.0,0,1,36.29,36.82,37.58,-0.034,3,6,14,2,1,1.15,-0.625,1402.0,39,0.841,101.08,0.019,1,58,0,1,1,0.6292
1018,Damian Lillard,MIL,PG,2025-01-20,36,12.96,6.0,0,1,23.0,23.28,28.66,-0.197,2,4,11,3,0,1.89,0.822,1244.6,46,0.784,100.68,0.001,0,278,0,0,0,0.1329
1018,Damian Lillard,MIL,PG,2025-01-20,35,12.25,5.0,0,1,10.82,10.37,10.05,0.076,3,5,13,3,1,1.53,-0.314,474.8,41,0.587,102.53,0.049,0,192,0,0,1,0.1498
1018,Damian Lillard,MIL,PG,2025-01-22,36,12.96,6.0,0,1,37.88,31.92,30.03,0.261,2,4,13,1,1,1.61,0.606,1197.8,44,0.84,100.28,0.186,0,361,0,0,1,0.4207
1018,Damian Lillard,MIL,PG,2025-01-23,36,12.96,6.0,0,1,31.38,33.44,30.02,0.045,2,4,9,2,1,2.01,-0.595,1316.1,43,0.813,102.19,0.007,0,124,0,0,1,0.2609
1018,Damian Lillard,MIL,PG,2025-01-23,36,12.96,6.0,0,1,33.34,32.01,35.31,-0.056,3,6,10,3,1,1.59,-0.271,1726.9,48,0.966,101.92,0.008,1,25,0,0,1,0.5367
1018,Damian Lillard,MIL,PG,2025-01-23,36,12.96,6.0,0,1,30.99,31.39,31.85,-0.027,1,4,12,2,1,2.53,-0.495,1474.0,48,1.212,100.23,0.014,0,192,0,0,0,0.1629
1018,Damian Lillard,MIL,PG,2025-01-24,35,12.25,5.0,0,1,13.29,17.49,14.88,-0.107,1,3,11,1,1,1.28,0.446,775.3,47,0.698,100.7,0.051,0,247,0,0,0,0.1236
1018,Damian Lillard,MIL,PG,2025-01-26,34,11.56,4.0,0,1,22.38,22.26,22.45,-0.003,2,4,9,0,0,1.42,0.502,1056.7,46,1.034,101.26,0.054,1,17,0,0,1,0.2999
1018,Damian Lillard,MIL,PG,2025-01-29,34,11.56,4.0,0,1,29.63,29.83,31.25,-0.052,1,3,10,0,0,2.11,-0.819,1394.7,49,0.945,100.48,0.0,0,182,0,0,0,0.0783
1018,Damian Lillard,MIL,PG,2025-02-01,35,12.25,5.0,0,1,29.57,28.95,28.7,0.031,3,6,13,5,3,0.75,-0.348,1305.7,46,0.997,100.44,0.017,0,387,0,0,0,0.5205
1018,Damian Lillard,MIL,PG,2025-02-03,36,12.96,6.0,0,1,30.92,24.8,27.91,0.108,1,3,8,2,1,2.15,-0.389,1438.2,51,0.956,100.8,0.0,0,170,0,0,0,0.2229
1018,Damian Lillard,MIL,PG,2025-02-04,35,12.25,5.0,0,1,33.89,36.38,33.5,0.012,2,5,13,3,0,1.98,0.146,1747.7,52,0.98,100.98,0.0,0,155,0,0,0,0.176
1018,Damian Lillard,MIL,PG,2025-02-07,36,12.96,6.0,0,1,29.0,28.69,35.97,-0.194,1,4,10,0,0,1.88,0.166,1531.7,50,0.753,101.27,0.0,1,32,0,1,0,0.366
1018,Damian Lillard,MIL,PG,2025-02-21,36,12.96,6.0,0,1,29.66,29.66,33.23,-0.107,3,6,14,6,2,1.8,-0.145,1725.4,55,0.608,100.93,0.0,0,283,0,0,1,0.3758
1018,Damian Lillard,MIL,PG,2025-02-22,34,11.56,4.0,0,1,27.2,26.36,20.56,0.323,2,4,13,3,0,1.54,-0.323,1458.9,58,1.076,100.83,0.0,1,34,0,1,1,0.6109
1018,Damian Lillard,MIL,PG,2025-02-25,35,12.25,5.0,0,1,28.91,28.7,33.47,-0.136,3,7,16,6,0,1.65,0.095,1812.7,60,0.83,100.56,0.0,0,286,0,0,1,0.1952
1018,Damian Lillard,MIL,PG,2025-03-14,36,12.96,6.0,0,1,27.16,24.15,29.65,-0.084,3,5,13,3,2,1.38,0.04,1863.6,68,0.905,101.73,0.061,1,58,0,0,1,0.6123
1018,Damian Lillard,MIL,PG,2025-03-18,34,11.56,4.0,0,1,19.54,19.75,19.02,0.027,1,4,11,1,1,1.34,0.307,1303.4,66,0.694,100.7,0.074,0,195,0,0,0,0.1452
1018,Damian Lillard,MIL,PG,2025-03-19,34,11.56,4.0,0,1,40.42,35.33,32.82,0.232,4,7,12,5,1,1.76,0.472,2222.8,72,0.827,101.31,0.198,0,221,0,0,1,0.4893
1018,Damian Lillard,MIL,PG,2025-03-19,34,11.56,4.0,0,1,37.74,37.47,36.78,0.026,3,7,16,6,0,1.65,-1.038,2583.1,67,0.812,100.89,0.067,0,258,0,0,1,0.2502
1018,Damian Lillard,MIL,PG,2025-03-30,35,12.25,5.0,0,1,25.35,22.92,20.02,0.266,1,3,8,1,0,2.95,-0.457,1671.4,72,0.856,100.89,0.0,1,21,0,0,0,0.2859
1038,De'Aaron Fox,SAC,PG,2024-10-23,27,7.29,0.0,0,1,23.84,23.45,27.59,-0.136,1,3,8,2,2,1.68,-0.442,181.3,5,0.903,101.81,0.046,1,57,0,0,0,0.4466
1038,De'Aaron Fox,SAC,PG,2024-10-27,29,8.41,0.0,0,1,33.75,34.29,35.9,-0.06,1,5,13,1,0,1.95,-0.043,157.0,4,0.683,102.17,0.042,0,375,0,0,0,0.0857
1038,De'Aaron Fox,SAC,PG,2024-11-02,28,7.84,0.0,0,1,24.9,25.22,26.59,-0.064,2,6,13,0,2,1.4,-0.398,233.7,9,0.832,102.0,0.0,0,124,0,0,0,0.2468
1038,De'Aaron Fox,SAC,PG,2024-11-03,28,7.84,0.0,0,1,29.63,31.93,31.42,-0.057,2,6,10,3,3,1.91,-0.553,140.0,5,1.114,101.28,0.0,0,176,0,0,0,0.3831
1038,De'Aaron Fox,SAC,PG,2024-11-04,27,7.29,0.0,0,1,35.73,33.27,38.0,-0.06,2,6,15,3,1,1.63,0.012,376.1,11,1.074,101.34,0.0,0,229,0,0,0,0.2235
1038,De'Aaron Fox,SAC,PG,2024-11-06,27,7.29,0.0,0,1,22.89,22.58,24.79,-0.076,2,5,14,4,1,2.72,-0.522,306.3,12,0.934,101.83,0.078,1,51,0,0,0,0.3338
1038,De'Aaron Fox,SAC,PG,2024-11-08,27,7.29,0.0,0,1,18.9,14.93,12.67,0.492,2,4,9,4,1,1.48,-0.482,138.9,9,0.698,103.64,0.091,0,191,0,0,0,0.3325
1038,De'Aaron Fox,SAC,PG,2024-11-14,29,8.41,0.0,0,1,29.75,31.09,30.61,-0.028,2,6,15,6,0,1.56,-0.082,427.6,15,1.007,101.69,0.094,1,12,0,0,1,0.4747
1038,De'Aaron Fox,SAC,PG,2024-11-15,29,8.41,0.0,0,1,15.43,16.3,13.05,0.182,2,5,11,5,2,1.53,0.314,230.8,13,0.727,99.54,0.036,0,154,0,0,1,0.3492
1038,De'Aaron Fox,SAC,PG,2024-11-18,29,8.41,0.0,0,1,30.24,27.91,26.03,0.162,2,4,10,3,2,1.53,0.292,443.2,18,0.64,101.75,0.146,0,131,0,0,0,0.4676
1038,De'Aaron Fox,SAC,PG,2024-11-20,27,7.29,0.0,0,1,33.36,34.22,29.01,0.15,3,5,14,5,0,2.63,0.412,480.0,15,0.701,102.15,0.097,1,24,0,0,1,0.4661
1038,De'Aaron Fox,SAC,PG,2024-11-22,28,7.84,0.0,0,1,20.01,24.07,23.69,-0.155,3,7,15,3,1,1.73,0.038,381.5,18,0.622,102.77,0.051,1,13,0,0,0,0.4051
1038,De'Aaron Fox,SAC,PG,2024-12-12,29,8.41,0.0,0,1,30.47,32.32,30.19,0.009,2,5,12,3,0,2.04,0.043,845.0,26,0.933,102.55,0.0,0,280,0,0,0,0.0965
1038,De'Aaron Fox,SAC,PG,2024-12-13,27,7.29,0.0,0,1,42.0,40.0,38.0,0.105,3,6,11,2,0,2.42,-0.422,936.0,24,0.955,102.34,0.078,0,158,0,0,0,0.1646
1038,De'Aaron Fox,SAC,PG,2024-12-15,28,7.84,0.0,0,1,38.48,34.24,32.66,0.178,1,4,8,1,1,1.37,-0.461,836.7,25,1.002,103.44,0.095,0,223,0,0,0,0.265
1038,De'Aaron Fox,SAC,PG,2024-12-16,28,7.84,0.0,0,1,30.62,29.92,24.13,0.269,3,7,14,2,3,1.33,0.14,689.7,30,0.881,101.1,0.111,1,29,0,0,1,0.8219
1038,De'Aaron Fox,SAC,PG,2024-12-17,27,7.29,0.0,0,1,32.19,31.2,33.45,-0.038,2,6,12,1,1,2.08,-0.464,879.1,27,0.845,102.17,0.034,1,28,0,0,1,0.3536
1038,De'Aaron Fox,SAC,PG,2024-12-25,29,8.41,0.0,0,1,21.29,23.01,23.84,-0.107,1,4,8,0,1,1.84,-0.564,876.7,36,0.896,101.31,0.036,0,263,0,0,0,0.088
1038,De'Aaron Fox,SAC,PG,2024-12-26,27,7.29,0.0,0,1,24.16,25.17,20.45,0.182,3,5,12,1,1,1.92,-0.811,757.5,33,0.917,102.15,0.083,0,217,0,0,0,0.1548
1038,De'Aaron Fox,SAC,PG,2024-12-28,28,7.84,0.0,0,1,29.58,33.58,32.87,-0.1,3,7,11,5,0,1.79,-0.116,1089.4,34,0.711,102.63,0.0,0,343,0,0,0,0.1144
1038,De'Aaron Fox,SAC,PG,2024-12-30,28,7.84,0.0,0,1,35.12,34.02,35.91,-0.022,1,3,8,2,1,1.62,-0.026,1233.3,35,0.975,102.16,0.002,1,11,0,0,0,0.464
1038,De'Aaron Fox,SAC,PG,2025-01-03,29,8.41,0.0,0,1,32.45,29.09,29.7,0.093,3,5,11,4,0,1.62,-0.093,1084.9,35,0.826,102.46,0.044,1,35,0,0,1,0.3842
1038,De'Aaron Fox,SAC,PG,2025-01-04,28,7.84,0.0,0,1,22.13,21.81,23.14,-0.043,3,7,12,3,0,1.99,0.032,838.4,39,0.854,101.59,0.075,0,191,0,0,0,0.0801
1038,De'Aaron Fox,SAC,PG,2025-01-17,29,8.41,0.0,0,1,20.95,22.42,21.65,-0.032,2,5,12,2,2,2.2,0.057,1057.8,45,0.981,102.36,0.036,0,264,0,0,0,0.1714
1038,De'Aaron Fox,SAC,PG,2025-01-18,29,8.41,0.0,0,1,25.19,30.97,26.12,-0.036,3,5,12,3,2,1.96,-0.448,1139.4,40,0.936,100.77,0.045,0,199,0,0,1,0.2087
1038,De'Aaron Fox,SAC,PG,2025-01-19,27,7.29,0.0,0,1,30.76,23.59,27.78,0.107,1,4,13,3,0,2.01,0.293,1137.9,43,0.73,103.05,0.012,1,25,0,1,0,0.4952
1038,De'Aaron Fox,SAC,PG,2025-01-24,27,7.29,0.0,0,1,13.39,16.62,11.33,0.182,1,5,12,1,1,2.49,0.626,744.8,44,1.114,101.9,0.072,0,213,0,0,0,0.1333
1038,De'Aaron Fox,SAC,PG,2025-01-25,27,7.29,0.0,0,1,26.76,28.23,27.51,-0.027,2,4,10,2,0,2.07,0.361,1338.4,48,0.537,102.41,0.012,0,199,0,0,0,0.0795
1038,De'Aaron Fox,SAC,PG,2025-01-30,28,7.84,0.0,0,1,35.77,30.95,32.96,0.085,2,5,14,5,2,1.12,-0.201,1675.9,50,0.555,100.96,0.02,1,47,0,1,1,0.7797
1038,De'Aaron Fox,SAC,PG,2025-01-31,27,7.29,0.0,0,1,27.55,25.72,30.21,-0.088,2,4,9,3,0,1.85,0.479,1237.3,45,0.991,102.19,0.012,0,377,0,0,0,0.1139
1038,De'Aaron Fox,SAC,PG,2025-02-02,28,7.84,0.0,0,1,33.51,26.47,24.27,0.381,3,7,13,0,1,0.95,-0.16,1145.0,46,0.799,101.95,0.214,0,159,0,0,0,0.3549
1038,De'Aaron Fox,SAC,PG,2025-02-03,27,7.29,0.0,0,1,38.19,29.18,25.32,0.508,4,7,12,2,2,1.06,-0.044,1391.3,50,0.794,102.17,0.075,0,207,0,0,1,0.5415
1038,De'Aaron Fox,SAC,PG,2025-02-05,27,7.29,0.0,0,1,33.04,33.32,30.28,0.091,2,5,14,3,0,2.06,0.004,1799.9,51,0.582,101.63,0.027,0,135,0,0,0,0.161
1038,De'Aaron Fox,SAC,PG,2025-02-06,27,7.29,0.0,0,1,35.42,31.76,24.99,0.417,4,7,13,4,0,2.37,-0.417,1323.3,50,0.818,102.33,0.143,0,345,0,0,1,0.2512
1038,De'Aaron Fox,SAC,PG,2025-02-13,27,7.29,0.0,0,1,29.37,29.3,25.86,0.136,1,3,8,2,0,2.17,-0.482,1644.6,58,0.748,100.78,0.0,0,240,0,0,0,0.0887
1038,De'Aaron Fox,SAC,PG,2025-02-16,29,8.41,0.0,0,1,24.79,23.75,28.74,-0.137,3,7,16,0,1,1.6,0.48,1345.7,55,0.73,102.66,0.058,0,288,0,0,0,0.1626
1038,De'Aaron Fox,SAC,PG,2025-02-17,28,7.84,0.0,0,1,23.67,18.64,23.49,0.008,3,7,11,1,0,2.43,-0.029,1257.0,60,0.603,102.96,0.077,2,19,0,0,0,0.2522
1038,De'Aaron Fox,SAC,PG,2025-02-17,27,7.29,0.0,0,1,23.32,25.4,27.54,-0.154,2,4,13,3,0,1.94,0.255,1573.8,59,1.006,101.71,0.031,1,77,0,0,0,0.2301
1038,De'Aaron Fox,SAC,PG,2025-02-19,28,7.84,0.0,0,1,26.33,29.24,26.79,-0.017,2,5,9,3,1,2.07,0.532,1746.2,59,0.994,101.79,0.014,0,294,0,0,0,0.1683
1038,De'Aaron Fox,SAC,PG,2025-02-24,29,8.41,0.0,0,1,42.0,40.0,33.83,0.242,3,6,12,3,1,1.55,0.24,2144.8,60,0.875,101.52,0.117,0,260,0,0,1,0.3713
1038,De'Aaron Fox,SAC,PG,2025-02-25,29,8.41,0.0,0,1,27.16,26.17,26.32,0.032,2,6,14,2,0,2.08,0.616,1645.2,57,0.934,102.43,0.05,0,363,0,0,0,0.1219
1038,De'Aaron Fox,SAC,PG,2025-03-03,27,7.29,0.0,0,1,21.49,20.2,20.6,0.043,3,7,15,1,1,1.55,-0.085,1332.4,66,0.736,102.04,0.0,0,326,0,0,1,0.129
1038,De'Aaron Fox,SAC,PG,2025-03-07,28,7.84,0.0,0,1,28.78,29.33,28.38,0.014,3,7,15,5,2,1.25,-0.695,2004.7,66,0.913,102.08,0.0,1,49,0,1,1,0.7459
1038,De'Aaron Fox,SAC,PG,2025-03-09,29,8.41,0.0,0,1,30.64,28.88,28.19,0.087,2,5,14,1,0,1.57,-0.086,1870.9,64,1.015,101.87,0.08,3,60,1,1,1,0.7069
1038,De'Aaron Fox,SAC,PG,2025-03-10,29,8.41,0.0,0,1,24.11,22.62,19.98,0.207,1,3,12,0,1,1.45,-0.003,1528.2,67,0.859,101.51,0.074,0,210,0,0,0,0.1562
1038,De'Aaron Fox,SAC,PG,2025-03-11,29,8.41,0.0,0,1,34.76,33.69,32.64,0.065,4,6,15,6,2,1.1,0.126,2106.3,67,0.832,101.24,0.203,0,257,0,0,0,0.5021
1038,De'Aaron Fox,SAC,PG,2025-03-12,28,7.84,0.0,0,1,28.95,28.71,28.3,0.023,2,6,11,1,1,1.2,0.099,2082.1,71,0.788,102.18,0.0,0,361,0,0,0,0.1413
1038,De'Aaron Fox,SAC,PG,2025-03-13,29,8.41,0.0,0,1,29.96,29.41,26.35,0.137,2,4,9,0,3,0.97,0.518,1610.0,65,0.961,102.23,0.138,0,199,0,0,0,0.4641
1038,De'Aaron Fox,SAC,PG,2025-03-14,28,7.84,0.0,0,1,29.13,33.62,30.81,-0.054,1,4,10,2,1,2.07,-0.427,2190.0,69,0.748,103.23,0.028,0,328,0,0,0,0.1307
1038,De'Aaron Fox,SAC,PG,2025-03-17,27,7.29,0.0,0,1,23.48,21.64,18.09,0.298,4,7,11,2,2,1.68,-0.187,1285.2,66,0.67,101.37,0.137,0,324,0,0,0,0.3134
1038,De'Aaron Fox,SAC,PG,2025-03-18,28,7.84,0.0,0,1,25.82,25.9,23.19,0.114,3,6,12,4,0,1.24,1.337,1537.8,71,1.104,103.08,0.173,1,34,0,0,1,0.5794
1038,De'Aaron Fox,SAC,PG,2025-03-18,28,7.84,0.0,0,1,35.57,32.08,29.74,0.196,2,6,13,2,2,1.62,0.467,2095.5,70,0.878,101.61,0.095,0,130,0,0,1,0.5306
1010,Derrick White,BOS,SG,2024-11-02,32,10.24,2.0,0,1,24.27,26.98,26.78,-0.094,2,4,13,2,2,1.17,0.059,169.1,7,0.718,98.66,0.1,0,262,0,0,0,0.2261
1010,Derrick White,BOS,SG,2024-11-04,31,9.61,1.0,0,1,20.58,20.54,21.43,-0.04,3,6,11,2,0,1.89,0.421,239.2,12,0.985,98.31,0.07,0,307,0,0,0,0.0791
1010,Derrick White,BOS,SG,2024-11-05,30,9.0,0.0,0,1,31.05,25.98,22.07,0.407,3,7,11,4,1,1.8,0.932,345.6,13,0.786,98.88,0.108,2,14,0,1,1,0.85
1010,Derrick White,BOS,SG,2024-11-05,30,9.0,0.0,0,1,30.81,27.81,29.54,0.043,3,5,12,0,0,2.3,-0.288,213.8,6,0.918,100.21,0.051,0,293,0,0,0,0.0651
1010,Derrick White,BOS,SG,2024-11-08,32,10.24,2.0,0,1,18.21,15.8,18.04,0.01,2,5,14,2,0,2.08,0.094,151.2,8,1.003,99.62,0.024,0,176,0,0,0,0.0791
1010,Derrick White,BOS,SG,2024-11-08,32,10.24,2.0,0,1,21.62,21.57,22.63,-0.045,3,7,15,4,1,1.93,-0.261,333.4,14,0.642,99.39,0.024,2,22,0,0,0,0.4943
1010,Derrick White,BOS,SG,2024-11-09,32,10.24,2.0,0,1,29.25,28.44,28.47,0.027,3,5,13,0,0,2.51,-0.132,460.7,14,0.853,98.9,0.021,0,308,0,0,0,0.0598
1010,Derrick White,BOS,SG,2024-11-09,31,9.61,1.0,0,1,29.54,23.84,25.95,0.139,3,5,14,5,0,1.31,0.928,312.6,14,0.676,99.11,0.096,0,170,0,0,0,0.2837
1010,Derrick White,BOS,SG,2024-11-16,30,9.0,0.0,0,1,23.85,23.08,22.52,0.059,3,6,12,0,1,1.66,0.978,345.1,13,0.994,98.98,0.246,0,391,0,0,0,0.1943
1010,Derrick White,BOS,SG,2024-11-17,31,9.61,1.0,0,1,22.7,22.25,28.24,-0.196,1,4,8,2,2,1.96,0.392,402.3,16,0.783,97.89,0.0,0,254,0,0,0,0.1884
1010,Derrick White,BOS,SG,2024-11-22,30,9.0,0.0,0,1,40.99,37.97,32.02,0.28,4,6,13,6,0,1.66,0.155,502.9,14,0.91,100.44,0.104,1,24,0,1,1,0.7522
1010,Derrick White,BOS,SG,2024-11-22,32,10.24,2.0,0,1,31.42,32.31,32.07,-0.02,4,6,13,2,3,0.76,0.146,642.6,20,0.822,98.56,0.048,0,209,0,0,1,0.3933
1010,Derrick White,BOS,SG,2024-11-22,30,9.0,0.0,0,1,39.83,38.7,34.17,0.166,3,7,11,4,0,1.42,-0.02,671.7,16,0.735,98.19,0.072,0,184,0,0,0,0.1999
1010,Derrick White,BOS,SG,2024-11-22,31,9.61,1.0,0,1,27.58,28.23,26.43,0.043,3,6,11,1,1,0.93,0.246,587.6,21,1.097,99.02,0.057,0,200,0,0,0,0.1602
1010,Derrick White,BOS,SG,2024-11-27,31,9.61,1.0,0,1,31.29,25.17,22.57,0.387,3,6,10,0,0,1.13,-0.216,433.6,18,0.733,98.72,0.164,0,222,0,0,0,0.1631
1010,Derrick White,BOS,SG,2024-11-30,31,9.61,1.0,0,1,25.36,27.49,25.72,-0.014,3,7,12,5,1,1.48,-0.513,512.6,20,0.698,100.51,0.039,0,193,0,0,0,0.1827
1010,Derrick White,BOS,SG,2024-12-01,32,10.24,2.0,0,1,35.86,35.96,36.71,-0.023,2,6,11,0,1,0.91,0.657,729.0,21,0.996,99.0,0.02,0,314,0,0,1,0.1955
1010,Derrick White,BOS,SG,2024-12-02,30,9.0,0.0,0,1,22.54,18.52,17.89,0.26,3,5,9,1,3,1.45,0.054,348.9,21,0.861,99.85,0.162,1,31,0,0,1,0.7228
1010,Derrick White,BOS,SG,2024-12-02,31,9.61,1.0,0,1,30.28,39.13,34.91,-0.133,3,5,10,4,1,0.75,-0.2,775.6,22,0.888,100.39,0.035,2,29,0,0,1,0.562
1010,Derrick White,BOS,SG,2024-12-04,32,10.24,2.0,0,1,34.34,34.13,36.39,-0.056,3,6,10,1,1,1.63,-0.328,775.6,21,0.743,97.4,0.0,0,268,0,0,0,0.1404
1010,Derrick White,BOS,SG,2024-12-11,32,10.24,2.0,0,1,34.19,32.79,29.67,0.152,2,5,11,4,1,2.32,0.156,669.3,22,0.949,98.99,0.018,0,302,0,0,0,0.2295
1010,Derrick White,BOS,SG,2024-12-11,30,9.0,0.0,0,1,28.65,28.36,29.26,-0.021,1,5,14,1,0,1.9,0.162,725.0,24,0.802,97.81,0.027,0,314,0,0,0,0.0774
1010,Derrick White,BOS,SG,2024-12-20,31,9.61,1.0,0,1,34.3,33.56,29.59,0.159,1,3,8,0,3,0.6,-0.443,934.6,29,0.955,99.05,0.06,2,25,0,0,1,0.7911
1010,Derrick White,BOS,SG,2024-12-20,30,9.0,0.0,0,1,33.44,30.61,32.57,0.027,2,4,8,1,0,2.74,0.648,985.9,30,0.627,99.07,0.0,0,240,0,0,0,0.076
1010,Derrick White,BOS,SG,2024-12-24,30,9.0,0.0,0,1,31.98,30.94,33.36,-0.042,3,6,10,3,1,1.46,0.352,850.3,28,0.749,99.02,0.128,1,53,0,0,0,0.4511
1010,Derrick White,BOS,SG,2025-01-06,30,9.0,0.0,0,1,33.28,29.8,31.81,0.046,3,5,9,0,0,2.41,-0.145,1221.8,38,0.81,98.13,0.0,0,364,0,0,0,0.06
1010,Derrick White,BOS,SG,2025-01-09,32,10.24,2.0,0,1,37.63,36.87,37.11,0.014,3,7,16,0,0,1.85,-0.919,1383.2,38,0.887,99.4,0.03,1,53,0,1,1,0.4022
1010,Derrick White,BOS,SG,2025-01-10,32,10.24,2.0,0,1,34.02,35.66,35.99,-0.055,3,6,10,4,0,2.52,-0.645,1432.4,41,0.741,97.4,0.0,1,77,0,0,0,0.2242
1010,Derrick White,BOS,SG,2025-01-16,30,9.0,0.0,0,1,25.49,24.3,21.1,0.208,3,7,13,0,2,1.19,0.762,924.4,41,0.932,98.83,0.156,0,287,0,0,0,0.3461
1010,Derrick White,BOS,SG,2025-01-17,30,9.0,0.0,0,1,26.04,23.72,26.69,-0.024,3,6,13,5,0,1.57,0.993,1007.6,43,0.854,97.4,0.069,1,30,0,0,0,0.4386
1010,Derrick White,BOS,SG,2025-01-18,30,9.0,0.0,0,1,35.05,33.55,32.31,0.085,2,5,13,5,1,1.62,0.003,1447.4,43,0.898,101.14,0.063,1,53,0,0,1,0.554
1010,Derrick White,BOS,SG,2025-01-19,31,9.61,1.0,0,1,26.47,25.82,28.41,-0.068,2,6,12,4,3,1.19,-0.216,1049.1,41,1.116,98.09,0.0,0,231,0,0,0,0.3778
1010,Derrick White,BOS,SG,2025-01-24,32,10.24,2.0,0,1,33.8,32.15,32.49,0.04,1,5,11,0,0,1.72,0.215,1431.4,44,0.834,98.19,0.0,0,322,0,0,0,0.0901
1010,Derrick White,BOS,SG,2025-01-27,31,9.61,1.0,0,1,24.28,24.21,27.82,-0.127,1,3,8,1,1,1.62,-0.055,1255.3,49,0.744,99.38,0.019,0,135,0,0,0,0.1435
1010,Derrick White,BOS,SG,2025-01-30,32,10.24,2.0,0,1,20.98,22.7,19.88,0.055,1,4,9,2,1,1.99,0.592,1068.8,45,0.878,98.5,0.095,0,396,0,0,0,0.1566
1010,Derrick White,BOS,SG,2025-02-02,31,9.61,1.0,0,1,42.0,38.57,35.98,0.167,3,5,14,3,3,0.89,-0.476,1689.9,48,0.83,99.44,0.102,0,229,0,0,0,0.5931
1010,Derrick White,BOS,SG,2025-02-03,31,9.61,1.0,0,1,25.61,22.53,22.58,0.134,2,6,15,1,1,1.65,-0.526,1197.2,54,0.719,99.15,0.082,0,143,0,0,1,0.2148
1010,Derrick White,BOS,SG,2025-02-08,30,9.0,0.0,0,1,23.49,26.84,25.47,-0.078,3,5,11,3,3,1.53,-0.543,1343.7,52,0.981,98.68,0.079,0,274,0,0,1,0.3256
1010,Derrick White,BOS,SG,2025-02-17,31,9.61,1.0,0,1,35.53,34.95,37.47,-0.052,3,7,15,1,1,1.28,-0.13,2020.5,55,0.891,99.87,0.0,0,211,0,0,0,0.1792
1010,Derrick White,BOS,SG,2025-02-22,30,9.0,0.0,0,1,28.45,26.48,29.89,-0.048,2,5,14,5,0,2.03,-0.298,1653.2,58,0.755,99.38,0.0,2,16,0,1,0,0.5286
1010,Derrick White,BOS,SG,2025-02-28,32,10.24,2.0,0,1,22.48,26.43,26.82,-0.162,1,3,8,1,1,1.5,0.889,1499.1,61,0.877,97.92,0.043,0,121,0,0,1,0.2346
1010,Derrick White,BOS,SG,2025-03-01,30,9.0,0.0,0,1,23.92,25.19,21.24,0.126,2,6,10,2,0,1.9,0.112,1158.1,59,0.767,97.67,0.055,0,292,0,0,0,0.0845
1010,Derrick White,BOS,SG,2025-03-02,32,10.24,2.0,0,1,29.78,29.2,26.93,0.106,3,7,11,0,1,1.68,0.367,1650.6,60,1.108,97.14,0.069,0,261,0,0,0,0.1808
1010,Derrick White,BOS,SG,2025-03-03,30,9.0,0.0,0,1,35.7,28.36,25.13,0.42,4,7,12,7,1,1.8,0.983,1679.0,61,0.542,98.96,0.165,0,156,0,0,1,0.621
1010,Derrick White,BOS,SG,2025-03-04,30,9.0,0.0,0,1,29.93,25.96,27.42,0.092,1,4,10,1,0,3.15,-0.135,1707.0,62,1.147,98.21,0.126,0,336,0,0,0,0.0663
1010,Derrick White,BOS,SG,2025-03-06,30,9.0,0.0,0,1,24.37,24.08,18.23,0.337,3,5,9,2,1,1.85,-0.121,1282.9,68,0.75,97.75,0.153,2,33,0,1,0,0.6994
1010,Derrick White,BOS,SG,2025-03-08,31,9.61,1.0,0,1,28.56,30.87,32.13,-0.111,3,6,10,6,1,1.92,0.404,1998.1,65,1.018,98.18,0.124,0,207,0,0,0,0.2463
1010,Derrick White,BOS,SG,2025-03-13,32,10.24,2.0,0,1,29.73,25.66,24.49,0.214,4,7,14,2,0,1.81,0.719,1571.1,66,0.671,99.75,0.15,1,40,0,0,1,0.4738
1010,Derrick White,BOS,SG,2025-03-15,30,9.0,0.0,0,1,27.67,26.86,30.65,-0.097,1,3,10,0,0,1.97,0.527,1970.1,66,0.919,99.54,0.04,0,129,0,0,0,0.1063
1010,Derrick White,BOS,SG,2025-03-19,31,9.61,1.0,0,1,29.05,29.96,32.29,-0.1,2,4,11,4,1,1.69,0.192,1946.6,67,0.739,98.89,0.104,1,47,0,0,0,0.4354
1010,Derrick White,BOS,SG,2025-03-25,31,9.61,1.0,0,1,28.65,30.96,30.42,-0.058,1,4,8,3,0,2.23,0.982,2183.8,70,0.868,99.79,0.076,0,304,0,0,0,0.1299
1010,Derrick White,BOS,SG,2025-03-29,31,9.61,1.0,0,1,28.8,29.94,27.34,0.054,2,6,10,5,1,1.16,-0.276,1914.0,71,0.701,98.46,0.032,0,217,0,0,0,0.1999
1015,Devin Booker,PHX,SG,2024-10-22,28,7.84,0.0,0,1,38.77,33.12,33.64,0.152,4,6,14,6,1,1.93,0.215,-3.6,4,1.041,99.98,0.213,0,396,0,0,0,0.4085
1015,Devin Booker,PHX,SG,2024-10-25,29,8.41,0.0,0,1,26.11,27.57,27.48,-0.05,1,4,12,0,0,2.3,-0.125,6.2,1,0.936,99.3,0.055,0,128,0,0,0,0.0737
1015,Devin Booker,PHX,SG,2024-10-25,28,7.84,0.0,0,1,27.94,23.11,26.73,0.045,2,5,12,2,0,1.6,-0.283,174.4,6,0.85,98.49,0.059,1,59,0,1,0,0.3335
1015,Devin Booker,PHX,SG,2024-11-05,30,9.0,0.0,0,1,36.67,36.89,36.13,0.015,3,6,14,2,0,2.05,-0.057,362.3,9,0.94,98.7,0.105,1,66,0,0,0,0.2772
1015,Devin Booker,PHX,SG,2024-11-05,29,8.41,0.0,0,1,34.42,36.31,38.0,-0.094,1,3,12,3,2,1.42,-0.249,220.7,8,0.954,98.77,0.0,0,377,0,0,0,0.2665
1015,Devin Booker,PHX,SG,2024-11-05,30,9.0,0.0,0,1,36.62,33.67,35.59,0.029,1,5,13,3,0,1.59,-0.979,397.8,12,0.745,99.3,0.022,0,282,0,0,0,0.1213
1015,Devin Booker,PHX,SG,2024-11-06,29,8.41,0.0,0,1,32.44,29.05,31.06,0.044,3,6,15,3,2,0.63,-0.411,308.2,9,0.827,98.52,0.0,1,71,0,1,1,0.6779
1015,Devin Booker,PHX,SG,2024-11-08,28,7.84,0.0,0,1,29.2,27.76,29.16,0.001,1,5,10,0,0,1.41,0.271,217.2,9,0.816,99.75,0.0,0,124,0,0,0,0.1096
1015,Devin Booker,PHX,SG,2024-11-10,28,7.84,0.0,0,1,26.79,26.35,28.01,-0.044,3,5,13,2,0,1.92,-0.228,352.3,14,0.826,99.11,0.089,0,399,0,0,0,0.0767
1015,Devin Booker,PHX,SG,2024-11-12,28,7.84,0.0,0,1,31.88,26.64,27.99,0.139,1,5,11,3,0,1.77,-0.034,425.9,15,0.907,99.2,0.0,2,44,0,1,0,0.5273
1015,Devin Booker,PHX,SG,2024-11-14,29,8.41,0.0,0,1,15.75,16.18,18.75,-0.16,2,4,13,4,0,1.96,-0.264,247.3,15,0.901,98.86,0.0,0,382,0,0,0,0.0635
1015,Devin Booker,PHX,SG,2024-11-21,28,7.84,0.0,0,1,31.55,29.93,25.44,0.24,3,7,15,0,1,2.19,0.281,429.3,13,0.798,99.93,0.066,1,18,0,0,0,0.5023
1015,Devin Booker,PHX,SG,2024-11-23,30,9.0,0.0,0,1,27.64,30.75,26.41,0.046,3,5,13,1,0,2.07,-0.278,524.3,19,0.944,99.17,0.044,2,44,0,0,0,0.2831
1015,Devin Booker,PHX,SG,2024-11-23,30,9.0,0.0,0,1,33.54,29.82,32.03,0.047,3,5,12,3,1,1.31,-0.194,481.4,15,0.621,99.26,0.0,2,81,0,0,1,0.4573
1015,Devin Booker,PHX,SG,2024-11-24,30,9.0,0.0,0,1,29.28,25.1,27.74,0.055,1,3,9,0,3,0.77,-0.272,491.0,16,1.015,99.81,0.0,0,311,0,0,0,0.3045
1015,Devin Booker,PHX,SG,2024-12-12,30,9.0,0.0,0,1,36.65,34.37,33.57,0.092,2,4,11,2,1,2.18,-0.826,818.6,23,0.76,98.8,0.061,0,383,0,0,0,0.1631
1015,Devin Booker,PHX,SG,2024-12-12,29,8.41,0.0,0,1,25.16,24.54,24.13,0.043,3,5,11,1,1,1.36,-0.107,761.2,28,0.792,99.23,0.039,0,229,0,0,0,0.1181
1015,Devin Booker,PHX,SG,2024-12-13,28,7.84,0.0,0,1,21.71,27.3,19.96,0.087,3,6,12,1,0,1.92,0.755,698.8,30,0.874,98.56,0.034,1,66,0,0,0,0.2292
1015,Devin Booker,PHX,SG,2024-12-14,28,7.84,0.0,0,1,33.43,35.28,31.87,0.049,2,4,9,1,1,2.27,0.658,845.2,25,1.098,98.97,0.078,1,10,0,0,0,0.475
1015,Devin Booker,PHX,SG,2024-12-17,28,7.84,0.0,0,1,23.96,22.8,24.59,-0.026,2,4,8,2,1,2.23,-0.178,678.0,31,1.034,99.42,0.098,1,87,0,1,0,0.354
1015,Devin Booker,PHX,SG,2024-12-19,29,8.41,0.0,0,1,30.21,26.77,28.3,0.067,3,6,14,6,3,0.91,0.161,770.2,28,0.805,98.45,0.243,0,121,0,0,1,0.6802
1015,Devin Booker,PHX,SG,2024-12-20,29,8.41,0.0,0,1,14.27,19.56,16.88,-0.155,3,5,14,0,2,1.97,0.387,463.5,28,0.975,101.2,0.042,2,21,0,0,0,0.5075
1015,Devin Booker,PHX,SG,2024-12-28,30,9.0,0.0,0,1,33.22,33.82,33.93,-0.021,1,3,10,0,1,1.82,-0.163,1185.1,36,0.811,99.09,0.009,1,88,0,0,0,0.2506
1015,Devin Booker,PHX,SG,2025-01-03,30,9.0,0.0,0,1,29.02,28.61,29.41,-0.013,2,4,11,0,0,2.42,0.1,1154.4,38,1.177,99.89,0.0,1,65,0,0,0,0.1592
1015,Devin Booker,PHX,SG,2025-01-09,28,7.84,0.0,0,1,21.92,25.5,22.56,-0.028,2,4,10,3,0,1.07,-0.301,883.9,37,0.775,99.78,0.107,1,81,0,0,0,0.2006
1015,Devin Booker,PHX,SG,2025-01-15,30,9.0,0.0,0,1,24.14,28.34,29.15,-0.172,1,3,8,0,0,2.05,0.697,1185.1,40,0.801,98.95,0.034,0,222,0,0,0,0.0668
1015,Devin Booker,PHX,SG,2025-01-21,28,7.84,0.0,0,1,29.93,25.57,25.51,0.173,2,4,13,1,2,1.23,0.617,941.2,41,0.816,97.8,0.167,1,65,0,1,1,0.7473
1015,Devin Booker,PHX,SG,2025-01-25,30,9.0,0.0,0,1,22.27,22.96,23.22,-0.041,2,4,9,2,1,2.78,-0.122,1198.9,50,0.481,98.73,0.012,1,57,0,1,0,0.28
1015,Devin Booker,PHX,SG,2025-01-26,30,9.0,0.0,0,1,38.27,35.71,32.41,0.181,2,4,8,4,0,1.87,-0.06,1633.5,47,0.656,98.35,0.029,0,382,0,0,0,0.1568
1015,Devin Booker,PHX,SG,2025-01-26,30,9.0,0.0,0,1,28.76,25.93,19.76,0.455,4,7,16,7,2,1.94,0.482,1122.9,46,0.919,100.46,0.162,0,312,0,0,1,0.6819
1015,Devin Booker,PHX,SG,2025-01-28,28,7.84,0.0,0,1,32.19,30.41,29.9,0.077,1,5,11,1,2,1.6,0.117,1462.0,50,0.924,98.31,0.006,1,85,0,0,0,0.4668
1015,Devin Booker,PHX,SG,2025-01-30,28,7.84,0.0,0,1,34.84,33.09,32.08,0.086,3,5,10,1,1,1.88,0.226,1449.9,46,1.082,99.23,0.015,0,314,0,0,0,0.1735
1015,Devin Booker,PHX,SG,2025-02-06,28,7.84,0.0,0,1,27.15,27.84,25.78,0.053,2,6,14,3,0,1.62,0.213,1490.7,53,1.174,98.23,0.0,1,59,0,0,1,0.3036
1015,Devin Booker,PHX,SG,2025-02-07,29,8.41,0.0,0,1,40.09,35.16,33.44,0.199,3,7,11,3,2,1.34,0.277,1756.9,53,0.71,99.54,0.112,1,48,0,0,1,0.7296
1015,Devin Booker,PHX,SG,2025-02-09,28,7.84,0.0,0,1,24.1,21.58,21.07,0.144,3,6,11,3,0,2.13,-0.513,1051.7,52,1.026,98.86,0.047,0,124,0,0,0,0.1341
1015,Devin Booker,PHX,SG,2025-02-12,30,9.0,0.0,0,1,26.63,24.8,32.41,-0.178,2,4,10,3,0,2.02,-0.165,1383.8,52,0.683,100.72,0.011,0,338,0,0,0,0.0739
1015,Devin Booker,PHX,SG,2025-02-15,29,8.41,0.0,0,1,38.69,35.81,33.63,0.15,3,6,10,4,1,2.34,-0.232,1853.8,59,0.904,99.95,0.081,1,76,0,0,0,0.475
1015,Devin Booker,PHX,SG,2025-02-17,30,9.0,0.0,0,1,34.29,31.08,28.49,0.203,3,7,14,7,0,2.35,0.514,1660.0,53,0.899,99.43,0.091,0,256,0,0,0,0.2639
1015,Devin Booker,PHX,SG,2025-02-20,28,7.84,0.0,0,1,17.18,24.31,22.57,-0.239,3,5,10,5,0,0.84,-0.27,1236.8,54,0.789,96.88,0.078,0,238,0,0,0,0.0841
1015,Devin Booker,PHX,SG,2025-02-24,28,7.84,0.0,0,1,32.17,32.57,30.56,0.053,3,5,14,2,1,1.38,0.731,1883.3,60,1.076,100.24,0.111,0,322,0,0,0,0.2779
1015,Devin Booker,PHX,SG,2025-02-27,29,8.41,0.0,0,1,29.45,29.12,24.79,0.188,3,7,11,7,1,2.04,0.458,1616.3,60,1.032,98.2,0.03,0,244,0,0,1,0.32
1015,Devin Booker,PHX,SG,2025-02-28,29,8.41,0.0,0,1,35.13,32.42,36.02,-0.025,2,4,8,0,0,1.83,-0.193,2139.5,61,1.073,98.55,0.042,0,314,0,0,0,0.0777
1015,Devin Booker,PHX,SG,2025-02-28,29,8.41,0.0,0,1,29.2,29.45,31.36,-0.069,2,6,13,0,1,1.53,-0.583,1873.4,62,0.866,99.36,0.0,1,29,0,1,0,0.4431
1015,Devin Booker,PHX,SG,2025-03-02,28,7.84,0.0,0,1,28.43,31.0,31.66,-0.102,2,6,10,4,1,1.14,-0.613,1802.1,63,0.863,99.26,0.0,0,258,0,0,0,0.161
1015,Devin Booker,PHX,SG,2025-03-14,30,9.0,0.0,0,1,25.88,23.99,27.48,-0.059,1,5,9,1,0,1.14,-0.082,1777.0,68,0.767,99.34,0.049,1,57,0,0,0,0.1903
1015,Devin Booker,PHX,SG,2025-03-14,30,9.0,0.0,0,1,26.95,24.46,31.12,-0.134,2,6,10,6,0,2.3,-0.001,1742.2,65,0.807,98.65,0.0,1,46,0,0,0,0.2563
1015,Devin Booker,PHX,SG,2025-03-15,28,7.84,0.0,0,1,27.51,29.6,22.7,0.212,1,5,13,0,0,1.72,-0.479,1816.7,65,0.874,97.47,0.047,2,47,0,0,0,0.3428
1015,Devin Booker,PHX,SG,2025-03-16,28,7.84,0.0,0,1,30.35,30.35,33.56,-0.096,3,5,14,0,0,1.89,-0.307,2159.7,68,0.938,99.19,0.0,0,311,0,0,0,0.0688
1015,Devin Booker,PHX,SG,2025-03-18,29,8.41,0.0,0,1,29.4,26.79,22.75,0.293,4,7,15,6,1,1.86,0.89,1585.9,66,0.691,99.19,0.085,1,21,0,0,1,0.7535
1015,Devin Booker,PHX,SG,2025-03-19,28,7.84,0.0,0,1,27.76,31.65,29.71,-0.066,3,6,15,1,0,2.58,-0.111,2124.4,69,0.866,98.25,0.0,0,184,0,0,0,0.0648
1015,Devin Booker,PHX,SG,2025-03-21,29,8.41,0.0,0,1,20.88,14.02,13.74,0.519,2,5,11,1,1,1.54,-0.068,1373.0,72,0.749,98.39,0.0,0,281,0,0,0,0.2189
1015,Devin Booker,PHX,SG,2025-03-22,29,8.41,0.0,0,1,25.61,27.64,32.86,-0.22,3,6,14,6,1,2.04,0.283,1963.7,72,0.805,100.37,0.068,2,59,0,1,1,0.6733
1037,Domantas Sabonis,SAC,C,2024-10-26,29,8.41,0.0,1,0,24.37,24.29,19.48,0.251,1,4,8,3,0,2.35,-0.321,130.5,3,0.592,103.1,0.084,0,291,0,0,1,0.1893
1037,Domantas Sabonis,SAC,C,2024-10-28,31,9.61,1.0,1,0,24.1,26.12,29.76,-0.19,3,6,10,2,0,1.93,0.008,132.6,9,0.754,101.39,0.012,2,69,0,1,0,0.4954
1037,Domantas Sabonis,SAC,C,2024-11-03,30,9.0,0.0,1,0,29.8,24.9,23.85,0.25,1,4,9,1,1,2.05,0.779,278.3,11,0.704,101.9,0.13,0,204,0,0,0,0.3883
1037,Domantas Sabonis,SAC,C,2024-11-08,29,8.41,0.0,1,0,24.02,27.13,27.5,-0.127,1,5,9,5,0,2.62,-0.185,227.2,7,0.691,101.89,0.0,0,209,0,0,0,0.1272
1037,Domantas Sabonis,SAC,C,2024-11-09,30,9.0,0.0,1,0,32.84,32.92,30.7,0.07,2,5,14,1,2,2.01,0.478,346.5,11,0.698,102.49,0.049,1,85,0,1,0,0.7792
1037,Domantas Sabonis,SAC,C,2024-11-10,31,9.61,1.0,1,0,32.8,32.41,30.83,0.064,2,4,13,3,0,2.09,-0.961,463.0,15,0.763,102.76,0.013,0,153,0,0,0,0.2406
1037,Domantas Sabonis,SAC,C,2024-11-23,31,9.61,1.0,1,0,29.67,26.99,32.88,-0.098,1,3,8,1,0,1.91,0.368,477.0,17,0.693,103.23,0.089,0,202,0,0,0,0.1662
1037,Domantas Sabonis,SAC,C,2024-11-25,30,9.0,0.0,1,0,35.51,31.74,34.27,0.036,2,5,12,3,0,1.83,-0.145,700.9,21,0.811,101.76,0.007,0,282,0,0,0,0.1923
1037,Domantas Sabonis,SAC,C,2024-11-27,29,8.41,0.0,1,0,29.15,31.72,35.36,-0.176,2,6,12,2,0,2.11,-0.681,625.1,20,0.829,101.35,0.027,0,294,0,0,0,0.1289
1037,Domantas Sabonis,SAC,C,2024-12-05,30,9.0,0.0,1,0,25.18,26.64,20.9,0.205,2,6,10,4,0,1.8,-0.349,507.8,20,0.416,101.82,0.022,1,26,0,1,1,0.6078
1037,Domantas Sabonis,SAC,C,2024-12-08,30,9.0,0.0,1,0,30.79,34.83,34.52,-0.108,2,5,14,1,1,2.68,-0.324,675.1,21,0.62,103.01,0.0,0,150,0,0,0,0.2245
1037,Domantas Sabonis,SAC,C,2024-12-18,29,8.41,0.0,1,0,37.62,31.57,36.06,0.043,3,7,16,5,1,1.17,0.06,1029.7,31,0.619,101.88,0.025,0,357,0,0,1,0.4448
1037,Domantas Sabonis,SAC,C,2024-12-23,29,8.41,0.0,1,0,24.33,27.39,20.87,0.166,2,4,10,2,1,2.02,-0.3,806.9,34,0.548,101.71,0.0,1,48,0,1,0,0.6136
1037,Domantas Sabonis,SAC,C,2024-12-23,30,9.0,0.0,1,0,28.64,32.26,28.99,-0.012,3,5,10,5,0,1.45,0.502,974.7,33,0.751,102.22,0.0,0,143,0,0,0,0.3048
1037,Domantas Sabonis,SAC,C,2024-12-27,31,9.61,1.0,1,0,36.39,37.74,38.0,-0.042,1,4,9,0,0,2.16,0.02,1249.5,35,0.655,102.77,0.0,0,203,0,0,0,0.1302
1037,Domantas Sabonis,SAC,C,2025-01-04,29,8.41,0.0,1,0,42.0,40.0,35.59,0.18,3,5,12,3,1,1.36,-0.023,1266.9,33,0.766,102.94,0.049,1,32,0,1,0,0.832
1037,Domantas Sabonis,SAC,C,2025-01-08,30,9.0,0.0,1,0,39.02,39.21,34.79,0.122,1,4,11,3,1,1.54,-0.413,1330.1,36,0.633,103.0,0.022,0,280,0,0,1,0.3785
1037,Domantas Sabonis,SAC,C,2025-01-10,31,9.61,1.0,1,0,37.51,35.49,32.93,0.139,2,5,14,3,1,1.99,-1.033,1343.7,38,0.737,101.1,0.0,1,43,0,0,1,0.6661
1037,Domantas Sabonis,SAC,C,2025-01-11,31,9.61,1.0,1,0,31.75,26.82,32.12,-0.012,3,6,14,6,0,1.33,0.043,1212.1,39,0.458,103.08,0.015,0,292,0,0,0,0.2657
1037,Domantas Sabonis,SAC,C,2025-01-12,29,8.41,0.0,1,0,35.97,32.14,30.3,0.187,1,3,12,3,2,1.96,-0.381,1230.4,41,0.637,101.83,0.033,2,20,0,0,1,0.8415
1037,Domantas Sabonis,SAC,C,2025-01-15,29,8.41,0.0,1,0,24.61,30.63,28.09,-0.124,1,5,10,1,2,1.29,0.235,1275.0,45,0.345,101.69,0.085,1,63,0,1,0,0.6907
1037,Domantas Sabonis,SAC,C,2025-01-17,29,8.41,0.0,1,0,39.11,37.18,35.42,0.104,4,6,14,6,3,0.98,1.104,1559.7,45,0.697,101.52,0.189,0,226,0,0,1,0.85
1037,Domantas Sabonis,SAC,C,2025-01-18,31,9.61,1.0,1,0,24.62,29.13,23.81,0.034,2,4,10,4,0,2.48,0.39,1199.9,46,0.542,102.27,0.08,0,221,0,0,0,0.166
1037,Domantas Sabonis,SAC,C,2025-01-20,30,9.0,0.0,1,0,31.83,34.6,32.64,-0.025,1,5,14,4,2,1.4,-0.485,1510.4,43,0.851,102.17,0.0,0,346,0,0,1,0.4603
1037,Domantas Sabonis,SAC,C,2025-01-24,29,8.41,0.0,1,0,35.66,34.85,36.79,-0.031,1,4,9,2,0,2.08,-0.34,1620.5,43,0.798,102.76,0.0,0,239,0,0,0,0.1578
1037,Domantas Sabonis,SAC,C,2025-01-30,30,9.0,0.0,1,0,21.01,17.83,21.24,-0.011,2,4,11,4,0,2.21,0.109,870.9,46,0.852,102.16,0.0,0,294,0,0,1,0.1305
1037,Domantas Sabonis,SAC,C,2025-01-31,30,9.0,0.0,1,0,37.89,37.65,30.54,0.241,2,5,9,0,0,1.34,0.071,1719.0,50,0.836,101.66,0.149,1,87,0,1,1,0.6206
1037,Domantas Sabonis,SAC,C,2025-02-02,31,9.61,1.0,1,0,28.19,29.99,32.16,-0.124,3,7,13,6,1,2.35,-0.384,1550.0,52,0.808,101.04,0.0,3,12,1,0,1,0.8451
1037,Domantas Sabonis,SAC,C,2025-02-03,31,9.61,1.0,1,0,33.39,29.96,32.54,0.026,3,6,13,0,0,1.43,0.738,1564.0,51,0.755,99.82,0.041,1,23,0,0,1,0.4992
1037,Domantas Sabonis,SAC,C,2025-02-04,29,8.41,0.0,1,0,22.11,18.65,22.06,0.002,3,6,10,6,1,1.49,-0.223,1038.6,50,0.94,103.28,0.029,0,276,0,0,0,0.3115
1037,Domantas Sabonis,SAC,C,2025-02-04,31,9.61,1.0,1,0,24.51,27.64,29.49,-0.169,2,5,13,1,0,2.49,-0.405,1397.5,47,0.553,101.42,0.092,0,346,0,0,0,0.0999
1037,Domantas Sabonis,SAC,C,2025-02-10,29,8.41,0.0,1,0,38.4,38.63,35.76,0.074,1,4,8,0,0,1.73,0.43,1887.3,53,0.679,102.16,0.034,0,379,0,0,1,0.2018
1037,Domantas Sabonis,SAC,C,2025-02-10,30,9.0,0.0,1,0,32.82,31.72,32.03,0.025,3,5,10,0,2,1.03,-0.145,1671.0,55,0.433,102.73,0.081,0,236,0,0,0,0.3336
1037,Domantas Sabonis,SAC,C,2025-02-10,29,8.41,0.0,1,0,38.04,37.2,37.52,0.014,2,6,11,0,0,1.36,-0.823,2026.5,56,0.716,102.44,0.028,0,380,0,0,0,0.1635
1037,Domantas Sabonis,SAC,C,2025-02-15,29,8.41,0.0,1,0,23.23,22.5,26.66,-0.129,3,5,11,1,0,1.13,0.006,1478.4,58,0.58,100.18,0.08,0,351,0,0,0,0.1106
1037,Domantas Sabonis,SAC,C,2025-02-16,31,9.61,1.0,1,0,36.64,35.37,38.0,-0.036,1,4,13,0,1,1.31,-0.286,1984.2,55,0.485,100.77,0.0,1,73,0,1,1,0.5906
1037,Domantas Sabonis,SAC,C,2025-02-19,30,9.0,0.0,1,0,32.62,28.72,25.02,0.304,1,4,13,0,1,2.32,-0.019,1586.9,55,0.438,102.26,0.03,1,20,0,1,0,0.7117
1037,Domantas Sabonis,SAC,C,2025-02-20,30,9.0,0.0,1,0,42.0,39.32,35.6,0.18,4,7,13,7,3,2.49,0.129,2136.8,61,0.865,102.99,0.221,0,143,0,0,0,0.8476
1037,Domantas Sabonis,SAC,C,2025-02-26,31,9.61,1.0,1,0,37.01,33.97,34.69,0.067,2,6,10,3,1,0.79,0.387,2143.1,63,0.687,102.16,0.098,0,183,0,0,0,0.4365
1037,Domantas Sabonis,SAC,C,2025-03-03,30,9.0,0.0,1,0,27.15,28.34,25.78,0.053,1,5,14,3,1,1.8,0.645,1577.0,64,0.51,103.32,0.092,0,124,0,0,1,0.454
1037,Domantas Sabonis,SAC,C,2025-03-05,30,9.0,0.0,1,0,25.41,26.83,27.49,-0.075,2,4,12,1,1,1.15,0.122,1822.6,61,0.672,102.22,0.036,0,162,0,0,1,0.2429
1037,Domantas Sabonis,SAC,C,2025-03-05,31,9.61,1.0,1,0,26.39,24.4,23.73,0.112,1,4,12,3,1,1.86,0.088,1586.9,63,0.715,102.4,0.0,1,81,0,0,0,0.5205
1037,Domantas Sabonis,SAC,C,2025-03-09,31,9.61,1.0,1,0,35.5,31.62,28.68,0.238,3,6,14,4,0,2.1,-0.216,1558.9,62,0.735,102.07,0.094,0,372,0,0,0,0.3219
1037,Domantas Sabonis,SAC,C,2025-03-09,31,9.61,1.0,1,0,39.81,36.32,34.26,0.162,1,5,14,5,2,1.46,-0.39,2417.0,65,0.702,101.11,0.064,0,292,0,0,1,0.6392
1037,Domantas Sabonis,SAC,C,2025-03-15,29,8.41,0.0,1,0,28.74,27.14,23.04,0.247,3,5,9,0,0,1.75,-0.176,1936.7,71,0.775,101.96,0.003,0,354,0,0,0,0.1722
1037,Domantas Sabonis,SAC,C,2025-03-16,31,9.61,1.0,1,0,31.0,36.69,34.88,-0.111,2,4,10,2,0,1.95,-0.323,2381.7,69,0.57,102.91,0.0,0,208,0,0,1,0.1424
1037,Domantas Sabonis,SAC,C,2025-03-27,31,9.61,1.0,1,0,17.39,14.31,13.29,0.308,2,6,11,4,1,1.1,0.357,1150.1,72,0.64,102.59,0.1,0,367,0,0,1,0.4054
1037,Domantas Sabonis,SAC,C,2025-03-28,29,8.41,0.0,1,0,26.52,27.03,24.98,0.062,2,5,12,5,1,1.55,-0.807,1923.9,72,0.591,101.78,0.0,1,58,0,0,1,0.5735
1037,Domantas Sabonis,SAC,C,2025-03-28,31,9.61,1.0,1,0,27.08,32.11,30.47,-0.111,2,4,13,1,2,1.38,-0.426,2155.8,72,0.746,101.85,0.0,0,151,0,0,0,0.3877
1037,Domantas Sabonis,SAC,C,2025-03-29,30,9.0,0.0,1,0,25.85,27.27,27.73,-0.068,3,7,12,0,1,1.89,-0.085,2033.2,72,0.577,102.24,0.0,0,165,0,0,0,0.1805
1037,Domantas Sabonis,SAC,C,2025-03-29,31,9.61,1.0,1,0,40.2,37.76,36.71,0.095,3,6,14,5,2,0.78,0.236,2343.9,72,0.742,104.05,0.134,1,30,0,1,1,0.85
1037,Domantas Sabonis,SAC,C,2025-03-29,31,9.61,1.0,1,0,36.93,35.65,29.68,0.244,2,5,10,0,3,0.8,1.062,2231.5,72,0.705,101.39,0.137,0,368,0,0,0,0.7498
1034,Donovan Mitchell,CLE,SG,2024-10-22,28,7.84,0.0,0,1,34.67,37.09,37.37,-0.072,1,3,8,2,0,2.66,0.416,212.5,5,0.984,97.75,0.099,1,18,0,0,1,0.2913
1034,Donovan Mitchell,CLE,SG,2024-10-24,29,8.41,0.0,0,1,28.48,25.63,27.14,0.049,1,4,9,1,2,1.15,0.135,54.0,3,0.858,96.58,0.048,0,339,0,0,1,0.2221
1034,Donovan Mitchell,CLE,SG,2024-10-30,29,8.41,0.0,0,1,37.37,37.67,35.62,0.049,3,7,14,1,1,1.64,-0.161,315.0,10,1.126,99.0,0.02,0,350,0,0,0,0.1881
1034,Donovan Mitchell,CLE,SG,2024-11-07,28,7.84,0.0,0,1,18.46,19.52,22.64,-0.185,1,5,11,3,2,1.54,0.291,139.5,8,0.71,96.47,0.136,1,89,0,0,1,0.4196
1034,Donovan Mitchell,CLE,SG,2024-11-08,28,7.84,0.0,0,1,42.0,39.47,29.84,0.408,2,6,12,4,1,1.9,0.302,293.9,9,1.08,97.36,0.18,1,56,0,0,1,0.7399
1034,Donovan Mitchell,CLE,SG,2024-11-09,28,7.84,0.0,0,1,20.21,15.74,17.85,0.132,1,3,8,3,1,0.69,-0.18,223.0,12,0.775,98.21,0.059,2,66,0,0,1,0.4389
1034,Donovan Mitchell,CLE,SG,2024-11-18,29,8.41,0.0,0,1,31.67,29.01,22.81,0.388,4,7,13,1,0,2.01,0.394,417.6,16,0.732,97.51,0.154,1,52,0,0,1,0.4321
1034,Donovan Mitchell,CLE,SG,2024-11-20,28,7.84,0.0,0,1,25.36,27.47,29.7,-0.146,1,5,12,5,0,1.54,0.097,460.3,16,0.73,95.73,0.045,1,69,0,0,0,0.2606
1034,Donovan Mitchell,CLE,SG,2024-11-23,28,7.84,0.0,0,1,27.35,26.79,25.96,0.054,2,6,13,1,0,1.88,-0.045,391.4,14,1.287,96.08,0.033,0,384,0,0,0,0.0834
1034,Donovan Mitchell,CLE,SG,2024-11-28,29,8.41,0.0,0,1,18.98,15.31,21.65,-0.123,2,5,9,1,0,2.28,0.077,374.0,18,0.913,97.81,0.019,0,364,0,0,0,0.0453
1034,Donovan Mitchell,CLE,SG,2024-12-01,28,7.84,0.0,0,1,25.72,29.48,31.82,-0.192,2,5,14,4,0,2.29,0.137,724.2,24,1.088,96.61,0.0,0,319,0,0,0,0.0914
1034,Donovan Mitchell,CLE,SG,2024-12-02,29,8.41,0.0,0,1,21.03,17.6,20.2,0.041,3,7,15,1,0,1.61,-0.637,532.1,24,0.734,97.15,0.0,0,301,0,0,0,0.0678
1034,Donovan Mitchell,CLE,SG,2024-12-03,29,8.41,0.0,0,1,37.44,37.75,37.27,0.005,2,6,14,1,0,0.92,-0.259,867.9,23,0.836,97.72,0.0,0,140,0,0,0,0.138
1034,Donovan Mitchell,CLE,SG,2024-12-04,30,9.0,0.0,0,1,28.55,29.98,26.01,0.097,2,5,13,0,0,1.33,-0.295,707.9,25,0.896,96.99,0.094,0,167,0,0,0,0.1055
1034,Donovan Mitchell,CLE,SG,2024-12-06,28,7.84,0.0,0,1,26.84,27.06,24.16,0.111,1,4,10,4,0,2.23,0.168,593.4,21,1.252,99.98,0.0,1,77,0,0,0,0.2734
1034,Donovan Mitchell,CLE,SG,2024-12-08,30,9.0,0.0,0,1,20.36,22.73,23.56,-0.136,2,6,14,3,3,0.6,0.201,491.3,21,0.818,98.94,0.068,1,64,0,1,1,0.725
1034,Donovan Mitchell,CLE,SG,2024-12-11,29,8.41,0.0,0,1,38.95,35.43,33.23,0.172,3,5,9,3,0,2.07,0.521,809.1,23,1.102,96.86,0.249,1,86,0,0,1,0.4457
1034,Donovan Mitchell,CLE,SG,2024-12-12,29,8.41,0.0,0,1,33.79,29.93,18.14,0.862,2,5,13,3,2,1.94,0.429,528.3,23,0.86,97.83,0.106,0,219,0,0,1,0.7136
1034,Donovan Mitchell,CLE,SG,2024-12-14,29,8.41,0.0,0,1,27.12,21.54,24.57,0.104,3,7,14,7,1,2.22,0.346,755.1,31,0.806,98.54,0.132,0,343,0,0,0,0.2796
1034,Donovan Mitchell,CLE,SG,2024-12-16,30,9.0,0.0,0,1,21.35,20.82,22.31,-0.043,2,6,14,4,2,1.11,-0.623,706.8,29,1.01,97.77,0.0,1,68,0,0,0,0.483
1034,Donovan Mitchell,CLE,SG,2024-12-16,28,7.84,0.0,0,1,21.26,19.68,19.09,0.114,1,4,10,4,0,1.94,0.366,588.6,28,0.777,97.27,0.103,1,87,0,1,0,0.3586
1034,Donovan Mitchell,CLE,SG,2024-12-21,29,8.41,0.0,0,1,29.83,25.06,27.74,0.075,3,7,13,3,0,2.19,0.444,677.3,28,1.028,96.43,0.108,0,322,0,0,0,0.1296
1034,Donovan Mitchell,CLE,SG,2024-12-24,29,8.41,0.0,0,1,29.83,29.81,23.4,0.275,4,7,16,7,0,2.54,0.289,780.8,33,0.825,96.81,0.193,0,240,0,0,0,0.2679
1034,Donovan Mitchell,CLE,SG,2024-12-24,30,9.0,0.0,0,1,23.08,21.81,21.88,0.055,2,4,13,4,0,1.49,-0.918,761.4,33,1.069,97.61,0.0,1,42,0,0,1,0.2886
1034,Donovan Mitchell,CLE,SG,2024-12-29,28,7.84,0.0,0,1,27.17,26.1,30.18,-0.1,1,4,8,2,1,1.48,-0.081,997.0,37,1.394,98.11,0.034,0,364,0,0,0,0.1486
1034,Donovan Mitchell,CLE,SG,2025-01-02,28,7.84,0.0,0,1,30.97,30.4,33.01,-0.062,3,7,13,0,0,2.18,0.136,1062.1,35,0.968,97.46,0.011,0,235,0,0,0,0.0656
1034,Donovan Mitchell,CLE,SG,2025-01-08,30,9.0,0.0,0,1,30.15,29.38,24.89,0.211,2,4,11,0,2,1.57,0.279,874.3,37,0.745,97.05,0.112,0,379,0,0,1,0.2872
1034,Donovan Mitchell,CLE,SG,2025-01-11,29,8.41,0.0,0,1,36.01,38.11,32.75,0.099,3,6,15,6,1,2.16,-0.252,1381.8,40,0.722,97.04,0.047,1,56,0,0,1,0.5426
1034,Donovan Mitchell,CLE,SG,2025-01-17,29,8.41,0.0,0,1,32.37,31.9,27.29,0.186,2,4,9,3,2,1.01,0.643,1179.2,41,0.823,96.87,0.176,1,30,0,0,1,0.7475
1034,Donovan Mitchell,CLE,SG,2025-01-21,30,9.0,0.0,0,1,30.58,28.8,31.21,-0.02,1,3,8,2,0,1.85,0.165,1473.0,48,0.805,98.25,0.0,0,251,0,0,0,0.081
1034,Donovan Mitchell,CLE,SG,2025-01-23,28,7.84,0.0,0,1,32.15,33.16,31.84,0.01,2,5,12,2,0,0.8,0.194,1479.8,46,0.814,97.85,0.044,1,66,0,0,0,0.2564
1034,Donovan Mitchell,CLE,SG,2025-01-29,29,8.41,0.0,0,1,33.64,37.65,37.46,-0.102,3,7,14,0,0,1.57,0.2,1780.4,47,0.917,97.25,0.042,1,60,0,0,0,0.2469
1034,Donovan Mitchell,CLE,SG,2025-02-04,28,7.84,0.0,0,1,35.68,30.58,31.61,0.129,4,6,15,5,1,1.68,0.022,1360.5,48,0.843,98.45,0.104,1,52,0,0,0,0.5943
1034,Donovan Mitchell,CLE,SG,2025-02-05,29,8.41,0.0,0,1,17.24,20.07,16.78,0.028,3,7,11,5,0,1.81,-0.597,947.8,48,1.256,98.24,0.067,0,305,0,0,0,0.091
1034,Donovan Mitchell,CLE,SG,2025-02-05,30,9.0,0.0,0,1,30.27,30.11,28.56,0.06,3,7,12,6,2,1.85,-1.013,1655.3,55,1.011,98.94,0.01,0,266,0,0,1,0.3212
1034,Donovan Mitchell,CLE,SG,2025-02-06,28,7.84,0.0,0,1,35.12,35.52,29.6,0.187,4,7,13,1,3,1.97,1.125,1427.1,49,0.448,97.18,0.281,1,13,0,0,1,0.8494
1034,Donovan Mitchell,CLE,SG,2025-02-12,29,8.41,0.0,0,1,30.39,32.78,30.18,0.007,3,6,14,3,0,1.36,0.49,1674.2,56,0.912,98.23,0.039,0,217,0,0,1,0.138
1034,Donovan Mitchell,CLE,SG,2025-02-16,28,7.84,0.0,0,1,28.49,27.71,29.68,-0.04,2,5,11,2,1,1.83,0.478,1500.9,56,0.754,97.46,0.028,0,351,0,0,0,0.1457
1034,Donovan Mitchell,CLE,SG,2025-02-19,28,7.84,0.0,0,1,33.93,33.75,32.02,0.06,4,7,13,1,1,2.42,0.18,1813.7,59,0.947,97.93,0.191,0,166,0,0,0,0.1904
1034,Donovan Mitchell,CLE,SG,2025-02-24,28,7.84,0.0,0,1,30.24,30.18,28.69,0.054,2,4,12,1,0,1.06,0.345,1756.5,59,1.092,97.53,0.0,0,225,0,0,0,0.1031
1034,Donovan Mitchell,CLE,SG,2025-02-26,29,8.41,0.0,0,1,24.67,23.81,25.69,-0.04,2,4,13,3,0,1.13,0.199,1624.8,61,0.853,97.65,0.055,1,15,0,0,1,0.3021
1034,Donovan Mitchell,CLE,SG,2025-03-05,29,8.41,0.0,0,1,31.81,32.66,32.53,-0.022,3,6,11,4,1,1.52,-0.116,1794.2,60,1.051,94.64,0.031,1,69,0,1,0,0.5326
1034,Donovan Mitchell,CLE,SG,2025-03-08,29,8.41,0.0,0,1,24.93,25.21,21.16,0.178,3,6,13,2,1,1.62,-0.134,1626.7,67,0.92,96.89,0.004,0,201,0,0,0,0.166
1034,Donovan Mitchell,CLE,SG,2025-03-10,28,7.84,0.0,0,1,33.57,34.1,35.63,-0.058,3,5,11,5,0,0.76,-0.009,2371.4,69,0.757,97.63,0.046,1,19,0,0,0,0.3699
1034,Donovan Mitchell,CLE,SG,2025-03-15,30,9.0,0.0,0,1,29.09,27.74,24.87,0.169,1,5,13,0,1,1.56,-0.339,1797.6,68,0.956,99.25,0.063,1,48,0,1,1,0.5206
1034,Donovan Mitchell,CLE,SG,2025-03-16,30,9.0,0.0,0,1,32.86,31.32,33.79,-0.027,1,5,12,4,3,0.6,-0.255,2098.5,65,1.184,97.42,0.034,0,151,0,0,0,0.496
1034,Donovan Mitchell,CLE,SG,2025-03-18,30,9.0,0.0,0,1,31.34,31.75,26.31,0.191,2,5,14,5,1,1.4,-0.217,2049.6,72,1.202,97.52,0.062,1,32,0,1,1,0.7365
1034,Donovan Mitchell,CLE,SG,2025-03-21,30,9.0,0.0,0,1,38.3,36.46,29.88,0.282,3,7,16,6,2,1.3,-0.196,2185.1,71,0.678,96.84,0.085,1,56,0,0,1,0.8113
1034,Donovan Mitchell,CLE,SG,2025-03-22,28,7.84,0.0,0,1,29.02,29.35,27.81,0.044,1,3,8,3,1,1.91,-0.59,1870.5,68,0.745,97.3,0.056,1,61,0,1,0,0.466
1034,Donovan Mitchell,CLE,SG,2025-03-22,28,7.84,0.0,0,1,25.35,25.24,28.72,-0.117,2,6,12,1,0,1.88,-0.694,1949.8,71,0.751,98.83,0.034,1,24,0,0,0,0.1912
1034,Donovan Mitchell,CLE,SG,2025-03-24,29,8.41,0.0,0,1,26.54,31.1,28.54,-0.07,1,4,11,4,0,1.36,-0.587,2106.6,70,0.976,97.19,0.011,1,13,0,0,0,0.3063
1034,Donovan Mitchell,CLE,SG,2025-03-28,30,9.0,0.0,0,1,34.67,31.7,29.86,0.161,3,7,14,5,0,0.99,-0.0,1980.0,72,0.823,97.1,0.208,0,194,0,0,0,0.2316
1012,Draymond Green,GSW,PF,2024-10-23,35,12.25,5.0,1,0,26.35,26.32,21.67,0.216,2,5,12,0,1,1.44,-0.303,218.0,7,0.774,103.89,0.069,0,137,0,0,0,0.417
1012,Draymond Green,GSW,PF,2024-10-24,36,12.96,6.0,1,0,36.07,39.11,33.7,0.07,3,7,15,6,0,1.72,0.074,228.2,7,0.72,102.29,0.017,0,208,0,0,1,0.3936
1012,Draymond Green,GSW,PF,2024-10-26,34,11.56,4.0,1,0,26.26,27.27,27.35,-0.04,1,4,10,1,1,1.78,-0.545,58.6,3,0.79,102.46,0.06,2,53,0,1,1,0.7048
1012,Draymond Green,GSW,PF,2024-10-30,34,11.56,4.0,1,0,30.33,27.73,32.48,-0.066,2,5,12,5,1,1.33,-0.352,132.9,8,0.854,101.51,0.057,1,34,0,1,1,0.781
1012,Draymond Green,GSW,PF,2024-11-01,36,12.96,6.0,1,0,28.78,30.83,20.21,0.424,4,6,15,3,1,2.0,0.393,104.5,8,0.574,104.18,0.188,0,312,0,0,1,0.6279
1012,Draymond Green,GSW,PF,2024-11-06,35,12.25,5.0,1,0,31.95,32.7,31.49,0.014,3,6,15,2,1,1.75,0.268,374.5,12,0.579,103.05,0.04,0,211,0,0,1,0.3647
1012,Draymond Green,GSW,PF,2024-11-09,35,12.25,5.0,1,0,29.98,28.59,30.44,-0.015,1,3,8,3,0,1.39,-0.147,302.9,12,0.593,102.3,0.026,0,350,0,0,0,0.2053
1012,Draymond Green,GSW,PF,2024-11-12,36,12.96,6.0,1,0,39.12,36.21,29.82,0.312,3,6,12,1,2,1.71,-0.105,379.7,10,0.578,103.32,0.133,1,80,0,0,1,0.8321
1012,Draymond Green,GSW,PF,2024-11-13,36,12.96,6.0,1,0,28.81,27.26,23.41,0.231,3,5,12,2,1,1.69,-0.091,388.0,14,0.712,104.5,0.029,1,82,0,0,1,0.6562
1012,Draymond Green,GSW,PF,2024-11-17,36,12.96,6.0,1,0,42.0,40.0,34.82,0.206,4,6,12,1,1,1.42,0.649,325.3,11,0.433,102.73,0.211,0,396,0,0,1,0.5749
1012,Draymond Green,GSW,PF,2024-11-21,34,11.56,4.0,1,0,33.23,33.69,31.3,0.062,4,7,16,1,1,1.85,0.402,325.5,13,0.664,101.65,0.177,1,18,0,1,1,0.8184
1012,Draymond Green,GSW,PF,2024-11-22,36,12.96,6.0,1,0,24.06,19.41,18.78,0.282,3,6,12,6,1,1.49,0.543,266.3,17,0.883,103.43,0.089,1,67,0,1,1,0.85
1012,Draymond Green,GSW,PF,2024-11-25,36,12.96,6.0,1,0,30.8,29.13,26.45,0.164,4,7,12,6,1,2.22,0.455,462.9,17,0.668,101.36,0.179,0,369,0,0,1,0.5281
1012,Draymond Green,GSW,PF,2024-11-27,35,12.25,5.0,1,0,19.47,24.37,22.97,-0.152,3,5,12,0,1,1.88,-0.164,420.0,18,0.636,103.18,0.015,0,393,0,0,0,0.17
1012,Draymond Green,GSW,PF,2024-11-28,34,11.56,4.0,1,0,28.21,28.6,23.59,0.196,3,6,12,3,0,1.98,-0.003,663.7,23,0.88,102.82,0.0,0,325,0,0,0,0.2414
1012,Draymond Green,GSW,PF,2024-11-30,34,11.56,4.0,1,0,26.86,27.52,27.44,-0.021,3,6,12,6,0,1.88,-0.406,527.9,21,0.685,103.55,0.0,0,198,0,0,0,0.2307
1012,Draymond Green,GSW,PF,2024-12-01,36,12.96,6.0,1,0,28.09,25.61,23.87,0.177,3,7,15,2,0,2.12,0.155,676.8,24,0.849,102.25,0.0,0,212,0,0,0,0.2645
1012,Draymond Green,GSW,PF,2024-12-03,36,12.96,6.0,1,0,27.42,28.39,31.43,-0.128,2,6,15,1,2,1.31,-0.543,619.9,19,0.413,101.76,0.06,0,204,0,0,0,0.4055
1012,Draymond Green,GSW,PF,2024-12-10,34,11.56,4.0,1,0,23.08,25.78,25.4,-0.091,2,5,9,1,0,2.31,-0.329,607.4,27,0.615,103.81,0.0,0,228,0,0,0,0.1104
1012,Draymond Green,GSW,PF,2024-12-10,36,12.96,6.0,1,0,39.92,35.54,33.79,0.181,4,6,15,2,1,1.91,0.9,932.0,29,0.667,102.69,0.201,1,52,0,0,0,0.8496
1012,Draymond Green,GSW,PF,2024-12-10,34,11.56,4.0,1,0,40.57,35.25,34.06,0.191,3,6,10,6,0,1.51,0.016,763.4,25,0.755,103.46,0.119,1,27,0,0,1,0.7702
1012,Draymond Green,GSW,PF,2024-12-11,35,12.25,5.0,1,0,35.57,32.04,28.96,0.228,2,6,12,5,0,1.45,0.621,725.0,24,0.685,103.08,0.208,0,252,0,0,0,0.5228
1012,Draymond Green,GSW,PF,2024-12-14,35,12.25,5.0,1,0,25.65,27.31,27.98,-0.083,2,4,11,1,1,1.94,0.158,775.0,30,0.763,102.76,0.007,1,83,0,1,1,0.5817
1012,Draymond Green,GSW,PF,2024-12-18,34,11.56,4.0,1,0,29.69,31.73,29.74,-0.002,1,3,8,3,0,2.39,-0.149,728.3,25,0.934,104.2,0.0,0,365,0,0,1,0.1755
1012,Draymond Green,GSW,PF,2024-12-18,35,12.25,5.0,1,0,32.05,30.66,31.46,0.019,3,5,12,2,1,1.56,0.005,882.3,29,0.548,102.29,0.053,0,143,0,0,0,0.3758
1012,Draymond Green,GSW,PF,2024-12-23,36,12.96,6.0,1,0,27.61,25.97,23.2,0.19,4,7,13,5,1,2.21,-0.649,644.4,28,0.779,103.95,0.09,1,14,0,1,0,0.8481
1012,Draymond Green,GSW,PF,2025-01-04,35,12.25,5.0,1,0,35.17,28.98,25.61,0.373,3,5,11,3,3,0.76,0.308,1023.2,40,1.019,101.97,0.101,1,79,0,1,1,0.85
1012,Draymond Green,GSW,PF,2025-01-07,36,12.96,6.0,1,0,35.47,32.53,36.43,-0.026,2,5,10,3,1,2.0,-0.513,1374.7,38,0.584,103.4,0.034,1,12,0,0,1,0.674
1012,Draymond Green,GSW,PF,2025-01-11,36,12.96,6.0,1,0,27.65,29.36,27.19,0.017,1,5,9,3,0,2.13,-0.078,1040.9,36,0.694,101.78,0.031,0,369,0,0,1,0.1777
1012,Draymond Green,GSW,PF,2025-01-12,34,11.56,4.0,1,0,37.99,38.1,38.0,-0.0,3,5,9,0,1,2.17,-0.741,1557.9,40,0.65,102.76,0.009,0,321,0,0,1,0.2393
1012,Draymond Green,GSW,PF,2025-01-13,35,12.25,5.0,1,0,26.5,28.13,32.48,-0.184,1,4,9,3,0,2.22,-1.005,1238.7,43,0.55,103.27,0.051,0,159,0,0,0,0.1955
1012,Draymond Green,GSW,PF,2025-01-15,36,12.96,6.0,1,0,18.72,20.04,16.97,0.103,3,5,9,3,1,2.3,0.25,902.3,42,0.785,102.97,0.08,0,306,0,0,1,0.2906
1012,Draymond Green,GSW,PF,2025-01-19,35,12.25,5.0,1,0,35.42,35.77,36.23,-0.022,2,6,11,6,0,1.17,0.069,1597.3,45,0.609,103.4,0.04,0,217,0,0,0,0.3272
1012,Draymond Green,GSW,PF,2025-01-20,34,11.56,4.0,1,0,28.94,24.95,24.9,0.162,3,6,12,3,0,1.45,-0.118,997.4,40,0.722,103.29,0.037,0,351,0,0,0,0.2646
1012,Draymond Green,GSW,PF,2025-01-24,35,12.25,5.0,1,0,34.67,33.09,31.98,0.084,2,6,13,5,3,1.57,-0.006,1567.9,46,0.798,102.85,0.008,0,139,0,0,1,0.7845
1012,Draymond Green,GSW,PF,2025-01-25,34,11.56,4.0,1,0,28.05,32.1,28.45,-0.014,3,7,16,4,1,1.64,-0.599,1281.8,43,0.534,101.59,0.0,0,253,0,0,1,0.3377
1012,Draymond Green,GSW,PF,2025-02-07,36,12.96,6.0,1,0,28.59,24.65,28.93,-0.011,2,5,14,4,2,1.97,-0.867,1336.1,49,0.739,103.94,0.04,0,349,0,0,0,0.4916
1012,Draymond Green,GSW,PF,2025-02-12,34,11.56,4.0,1,0,20.35,22.21,19.89,0.023,3,6,12,5,0,2.21,-0.308,1152.3,52,0.725,103.95,0.014,1,42,0,0,1,0.4225
1012,Draymond Green,GSW,PF,2025-02-14,36,12.96,6.0,1,0,25.56,29.37,27.11,-0.057,2,6,15,3,0,0.85,-0.151,1725.3,59,0.78,104.25,0.018,0,258,0,0,1,0.2425
1012,Draymond Green,GSW,PF,2025-03-03,36,12.96,6.0,1,0,24.97,29.66,30.46,-0.18,3,6,15,6,1,2.31,0.371,1618.9,59,0.931,103.11,0.044,1,70,0,0,0,0.6905
1012,Draymond Green,GSW,PF,2025-03-07,34,11.56,4.0,1,0,41.35,38.97,38.0,0.088,2,4,11,2,1,1.67,0.132,2573.3,67,0.3,103.15,0.079,0,191,0,0,0,0.4087
1012,Draymond Green,GSW,PF,2025-03-11,36,12.96,6.0,1,0,38.84,40.0,36.23,0.072,4,7,11,0,1,1.5,-0.259,2335.1,69,0.804,104.12,0.119,0,337,0,0,0,0.3899
1012,Draymond Green,GSW,PF,2025-03-11,35,12.25,5.0,1,0,32.05,33.5,31.63,0.013,1,5,9,1,2,1.0,0.793,2089.5,69,0.434,102.21,0.146,0,242,0,0,1,0.5192
1012,Draymond Green,GSW,PF,2025-03-14,35,12.25,5.0,1,0,29.61,30.44,32.84,-0.098,2,5,12,5,1,1.96,-0.935,1870.5,65,0.735,102.97,0.041,0,152,0,0,0,0.4078
1012,Draymond Green,GSW,PF,2025-03-15,34,11.56,4.0,1,0,35.66,32.49,34.9,0.022,2,4,12,3,2,0.78,-0.149,1970.4,67,0.775,103.68,0.135,0,203,0,0,0,0.5377
1012,Draymond Green,GSW,PF,2025-03-20,36,12.96,6.0,1,0,39.49,38.16,36.98,0.068,1,5,14,5,1,1.59,-1.003,2686.1,72,0.781,102.43,0.0,0,369,0,0,0,0.5125
1012,Draymond Green,GSW,PF,2025-03-22,36,12.96,6.0,1,0,24.41,28.85,28.96,-0.157,1,4,8,1,1,1.9,-1.01,1972.4,72,0.667,104.19,0.046,0,372,0,0,0,0.2354
1012,Draymond Green,GSW,PF,2025-03-22,36,12.96,6.0,1,0,36.48,37.13,30.66,0.19,3,7,11,5,0,2.27,0.922,2218.9,72,0.72,103.13,0.163,1,22,0,0,1,0.7892
1012,Draymond Green,GSW,PF,2025-03-24,36,12.96,6.0,1,0,36.35,36.15,34.86,0.043,3,7,14,6,1,1.88,-0.648,2545.6,72,0.496,103.21,0.028,0,308,0,0,1,0.4757
1012,Draymond Green,GSW,PF,2025-03-25,36,12.96,6.0,1,0,28.99,34.5,32.94,-0.12,3,5,11,2,0,2.03,-0.237,2105.3,71,1.025,103.93,0.028,0,256,0,0,0,0.1933
1012,Draymond Green,GSW,PF,2025-03-26,35,12.25,5.0,1,0,33.47,32.83,38.0,-0.119,3,7,12,1,1,2.14,-0.218,2441.2,72,0.731,104.24,0.0,0,158,0,0,0,0.3071
1012,Draymond Green,GSW,PF,2025-03-29,36,12.96,6.0,1,0,27.52,28.0,26.81,0.027,1,5,10,1,0,2.47,-0.039,1893.5,71,0.992,103.27,0.009,0,388,0,0,0,0.1493
1017,Giannis Antetokounmpo,MIL,PF,2024-10-24,30,9.0,0.0,1,0,19.82,19.82,24.83,-0.202,3,5,9,4,1,1.61,-0.117,37.2,1,0.674,101.5,0.0,1,32,0,0,1,0.4938
1017,Giannis Antetokounmpo,MIL,PF,2024-10-31,30,9.0,0.0,1,0,32.11,33.58,29.71,0.081,1,3,8,2,0,2.04,0.749,143.1,6,0.638,101.71,0.1,1,49,0,1,0,0.6206
1017,Giannis Antetokounmpo,MIL,PF,2024-11-01,30,9.0,0.0,1,0,35.67,32.57,28.55,0.249,4,7,15,1,1,1.55,0.465,124.4,4,0.825,100.91,0.228,0,212,0,0,0,0.5055
1017,Giannis Antetokounmpo,MIL,PF,2024-11-04,30,9.0,0.0,1,0,42.0,40.0,38.0,0.105,3,5,11,0,2,1.09,0.107,280.3,9,0.392,101.73,0.099,3,10,1,0,0,0.85
1017,Giannis Antetokounmpo,MIL,PF,2024-11-06,31,9.61,1.0,1,0,27.76,29.02,26.61,0.044,3,7,14,2,2,1.67,0.612,288.5,11,0.756,100.5,0.07,0,384,0,0,0,0.4603
1017,Giannis Antetokounmpo,MIL,PF,2024-11-07,32,10.24,2.0,1,0,33.59,35.79,38.0,-0.116,1,4,11,2,1,1.29,-0.977,152.4,7,0.537,103.05,0.005,3,76,1,1,1,0.85
1017,Giannis Antetokounmpo,MIL,PF,2024-11-09,30,9.0,0.0,1,0,33.7,30.87,28.91,0.166,4,7,12,7,1,1.89,0.202,237.2,8,1.018,101.22,0.105,1,33,0,1,1,0.85
1017,Giannis Antetokounmpo,MIL,PF,2024-11-12,32,10.24,2.0,1,0,26.86,25.29,22.6,0.188,3,7,11,2,1,1.79,0.44,125.6,9,0.746,101.06,0.072,0,280,0,0,0,0.3491
1017,Giannis Antetokounmpo,MIL,PF,2024-11-16,30,9.0,0.0,1,0,21.61,23.64,22.8,-0.052,1,5,12,4,1,1.76,-0.096,383.7,18,0.72,100.86,0.0,1,45,0,0,1,0.4756
1017,Giannis Antetokounmpo,MIL,PF,2024-11-19,30,9.0,0.0,1,0,35.56,30.86,36.14,-0.016,1,3,8,0,1,1.45,0.006,533.9,15,0.559,102.47,0.034,1,24,0,0,1,0.5307
1017,Giannis Antetokounmpo,MIL,PF,2024-11-23,32,10.24,2.0,1,0,26.89,23.31,24.05,0.118,1,5,9,3,0,1.8,0.507,477.9,19,0.694,101.98,0.058,0,245,0,0,1,0.2395
1017,Giannis Antetokounmpo,MIL,PF,2024-11-24,32,10.24,2.0,1,0,30.7,29.99,23.29,0.318,4,7,14,1,0,1.69,1.039,516.3,17,0.556,99.56,0.205,0,248,0,0,0,0.3945
1017,Giannis Antetokounmpo,MIL,PF,2024-11-25,30,9.0,0.0,1,0,30.05,32.27,34.43,-0.127,1,4,10,0,0,2.22,-0.799,673.6,22,0.819,100.78,0.015,0,386,0,0,0,0.1001
1017,Giannis Antetokounmpo,MIL,PF,2024-11-26,30,9.0,0.0,1,0,25.62,25.84,21.87,0.172,3,5,14,3,0,1.8,-0.007,343.1,15,0.695,101.8,0.0,1,31,0,0,0,0.4794
1017,Giannis Antetokounmpo,MIL,PF,2024-11-27,30,9.0,0.0,1,0,37.36,36.77,30.22,0.236,4,7,14,7,0,1.28,0.78,690.7,20,0.579,101.04,0.21,0,225,0,0,1,0.5608
1017,Giannis Antetokounmpo,MIL,PF,2024-11-27,30,9.0,0.0,1,0,20.27,18.57,17.58,0.153,2,4,10,2,0,2.03,-0.082,287.4,18,0.738,100.57,0.003,0,178,0,0,0,0.1387
1017,Giannis Antetokounmpo,MIL,PF,2024-11-30,30,9.0,0.0,1,0,28.88,33.31,30.69,-0.059,2,6,11,3,1,1.14,-0.451,736.9,24,0.807,100.75,0.0,0,265,0,0,1,0.2472
1017,Giannis Antetokounmpo,MIL,PF,2024-12-02,30,9.0,0.0,1,0,32.98,28.92,28.2,0.169,3,5,12,0,1,2.37,0.388,602.6,20,0.746,101.56,0.164,0,194,0,0,0,0.2976
1017,Giannis Antetokounmpo,MIL,PF,2024-12-13,31,9.61,1.0,1,0,21.48,23.52,27.33,-0.214,1,3,8,1,0,1.5,0.245,652.9,26,0.686,103.05,0.009,1,30,0,0,0,0.3567
1017,Giannis Antetokounmpo,MIL,PF,2024-12-20,30,9.0,0.0,1,0,40.87,37.68,33.9,0.206,3,5,14,2,0,1.98,0.659,874.5,28,0.708,102.79,0.239,0,251,0,0,1,0.4067
1017,Giannis Antetokounmpo,MIL,PF,2024-12-22,30,9.0,0.0,1,0,31.86,31.01,32.4,-0.017,3,6,14,6,1,0.68,-0.337,965.5,29,0.573,101.36,0.015,0,287,0,0,0,0.3616
1017,Giannis Antetokounmpo,MIL,PF,2024-12-28,31,9.61,1.0,1,0,23.95,25.5,27.76,-0.137,1,5,11,2,1,0.75,0.531,822.2,32,0.739,101.04,0.024,3,47,1,1,0,0.85
1017,Giannis Antetokounmpo,MIL,PF,2024-12-31,32,10.24,2.0,1,0,38.07,32.43,28.87,0.319,4,7,16,6,2,1.0,1.306,1175.2,35,0.695,100.81,0.224,1,29,0,1,1,0.85
1017,Giannis Antetokounmpo,MIL,PF,2025-01-01,30,9.0,0.0,1,0,20.83,24.24,24.27,-0.142,1,3,11,1,0,1.6,-0.172,947.8,39,0.851,100.5,0.038,1,49,0,1,0,0.3921
1017,Giannis Antetokounmpo,MIL,PF,2025-01-06,32,10.24,2.0,1,0,32.57,34.86,33.55,-0.029,2,4,9,1,0,1.76,0.612,1264.6,36,0.706,101.08,0.069,2,46,0,1,0,0.6682
1017,Giannis Antetokounmpo,MIL,PF,2025-01-06,31,9.61,1.0,1,0,36.26,34.58,35.72,0.015,3,6,15,2,1,2.18,-0.216,1207.9,35,0.562,102.05,0.062,2,46,0,0,1,0.6678
1017,Giannis Antetokounmpo,MIL,PF,2025-01-08,32,10.24,2.0,1,0,38.56,38.74,37.56,0.027,1,4,8,0,1,1.56,0.037,1285.6,36,0.633,102.61,0.035,2,19,0,0,1,0.6909
1017,Giannis Antetokounmpo,MIL,PF,2025-01-09,31,9.61,1.0,1,0,33.94,33.44,33.75,0.006,3,7,13,5,1,2.03,-0.636,1278.6,38,0.826,99.58,0.016,0,206,0,0,1,0.3136
1017,Giannis Antetokounmpo,MIL,PF,2025-01-10,32,10.24,2.0,1,0,33.23,35.49,34.99,-0.05,1,4,11,4,1,1.17,-0.497,1498.1,43,0.727,102.17,0.018,2,81,0,0,1,0.6706
1017,Giannis Antetokounmpo,MIL,PF,2025-01-11,32,10.24,2.0,1,0,41.85,40.0,34.91,0.199,4,6,12,3,0,1.82,0.01,1414.9,39,0.823,100.93,0.1,1,25,0,0,1,0.649
1017,Giannis Antetokounmpo,MIL,PF,2025-01-12,31,9.61,1.0,1,0,38.59,35.22,38.0,0.015,2,4,10,3,0,1.66,-0.538,1358.6,37,0.72,101.53,0.072,1,64,0,0,1,0.4721
1017,Giannis Antetokounmpo,MIL,PF,2025-01-13,30,9.0,0.0,1,0,28.82,26.94,29.46,-0.022,2,6,14,3,0,1.51,-0.074,1160.3,42,0.603,99.81,0.024,1,70,0,0,0,0.3713
1017,Giannis Antetokounmpo,MIL,PF,2025-01-19,32,10.24,2.0,1,0,32.64,32.81,29.91,0.091,2,5,10,4,1,1.94,-0.546,1334.1,40,0.703,101.8,0.026,1,64,0,0,1,0.6068
1017,Giannis Antetokounmpo,MIL,PF,2025-01-27,31,9.61,1.0,1,0,33.64,36.15,34.26,-0.018,3,7,13,3,2,1.43,-0.424,1771.5,51,0.435,101.44,0.053,0,258,0,0,0,0.4187
1017,Giannis Antetokounmpo,MIL,PF,2025-02-09,32,10.24,2.0,1,0,29.26,26.35,29.69,-0.014,3,5,14,5,0,0.97,-0.054,1499.3,56,0.916,100.64,0.0,0,160,0,0,0,0.28
1017,Giannis Antetokounmpo,MIL,PF,2025-02-15,32,10.24,2.0,1,0,31.7,29.84,30.6,0.036,2,5,9,0,0,1.93,0.012,1702.6,56,0.654,101.07,0.013,0,366,0,0,0,0.1286
1017,Giannis Antetokounmpo,MIL,PF,2025-02-16,30,9.0,0.0,1,0,35.51,36.99,28.04,0.266,3,5,10,3,1,1.86,0.165,1828.6,59,0.74,101.29,0.193,0,247,0,0,1,0.4535
1017,Giannis Antetokounmpo,MIL,PF,2025-02-18,30,9.0,0.0,1,0,25.24,27.06,21.5,0.174,2,6,11,2,1,2.15,0.456,1605.4,57,0.779,99.8,0.045,0,258,0,0,0,0.2726
1017,Giannis Antetokounmpo,MIL,PF,2025-02-18,32,10.24,2.0,1,0,37.2,35.91,28.79,0.292,3,7,12,7,3,1.75,0.238,1841.5,57,0.539,100.46,0.178,0,323,0,0,1,0.8261
1017,Giannis Antetokounmpo,MIL,PF,2025-02-21,32,10.24,2.0,1,0,32.3,33.44,33.24,-0.029,1,4,12,2,0,1.18,-0.823,2035.5,61,0.745,101.62,0.0,0,376,0,0,0,0.1737
1017,Giannis Antetokounmpo,MIL,PF,2025-02-24,30,9.0,0.0,1,0,37.18,34.44,38.0,-0.021,3,6,13,5,1,1.39,1.043,2331.6,62,0.529,101.71,0.099,2,10,0,0,0,0.85
1017,Giannis Antetokounmpo,MIL,PF,2025-02-27,31,9.61,1.0,1,0,36.28,37.31,38.0,-0.045,3,5,9,1,0,2.47,0.287,2274.9,60,0.79,101.86,0.0,0,271,0,0,0,0.1485
1017,Giannis Antetokounmpo,MIL,PF,2025-03-01,31,9.61,1.0,1,0,35.61,33.09,31.99,0.113,1,5,10,4,1,1.24,0.101,1932.1,60,0.84,100.74,0.069,3,89,1,0,1,0.85
1017,Giannis Antetokounmpo,MIL,PF,2025-03-02,31,9.61,1.0,1,0,21.03,23.07,18.72,0.123,2,5,13,2,1,1.8,-0.619,1248.9,62,0.748,99.79,0.015,0,347,0,0,0,0.2201
1017,Giannis Antetokounmpo,MIL,PF,2025-03-03,32,10.24,2.0,1,0,27.07,27.36,26.86,0.008,3,7,12,5,1,1.56,-0.753,1578.5,62,0.793,100.08,0.032,0,287,0,0,0,0.3031
1017,Giannis Antetokounmpo,MIL,PF,2025-03-07,31,9.61,1.0,1,0,31.5,28.23,28.48,0.106,3,6,15,2,1,1.87,0.042,1961.7,67,0.893,101.83,0.059,0,155,0,0,1,0.3956
1017,Giannis Antetokounmpo,MIL,PF,2025-03-08,30,9.0,0.0,1,0,28.01,34.39,29.17,-0.039,2,5,10,1,0,1.9,-0.082,1894.4,63,0.453,102.4,0.052,0,222,0,0,0,0.1147
1017,Giannis Antetokounmpo,MIL,PF,2025-03-17,31,9.61,1.0,1,0,41.16,35.67,32.42,0.27,4,7,14,2,0,1.4,0.694,2232.5,67,0.424,99.81,0.202,0,129,0,0,1,0.5312
1017,Giannis Antetokounmpo,MIL,PF,2025-03-18,32,10.24,2.0,1,0,34.91,32.95,35.67,-0.021,1,5,11,5,0,2.25,0.915,2555.8,72,0.559,102.24,0.071,1,87,0,1,1,0.6568
1017,Giannis Antetokounmpo,MIL,PF,2025-03-24,32,10.24,2.0,1,0,26.28,28.25,26.46,-0.007,2,4,12,2,0,0.86,0.294,1844.1,72,0.825,102.12,0.065,0,309,0,0,0,0.1839
1017,Giannis Antetokounmpo,MIL,PF,2025-03-25,32,10.24,2.0,1,0,27.48,24.33,25.84,0.064,3,6,15,0,0,2.62,0.491,1828.1,72,0.997,100.8,0.004,0,347,0,0,1,0.1529
1017,Giannis Antetokounmpo,MIL,PF,2025-03-29,31,9.61,1.0,1,0,26.78,26.27,28.46,-0.059,2,6,15,5,0,1.96,-0.126,1897.8,72,0.77,101.15,0.0,0,199,0,0,0,0.1983
1027,Ja Morant,MEM,PG,2024-10-24,25,6.25,0.0,0,1,33.31,33.0,30.35,0.097,2,6,14,1,0,1.94,0.082,134.2,3,1.092,101.69,0.097,1,66,1,1,1,0.5375
1027,Ja Morant,MEM,PG,2024-10-27,26,6.76,0.0,0,1,30.87,29.18,30.85,0.001,1,3,8,1,1,1.78,0.212,300.3,8,0.917,101.25,0.0,2,55,1,1,1,0.6652
1027,Ja Morant,MEM,PG,2024-11-04,25,6.25,0.0,0,1,32.2,36.69,34.57,-0.069,1,5,9,3,0,1.71,-0.353,239.7,8,0.873,102.21,0.024,1,61,1,1,0,0.4941
1027,Ja Morant,MEM,PG,2024-11-05,26,6.76,0.0,0,1,25.21,24.36,27.16,-0.072,1,4,9,1,0,1.95,0.061,247.7,9,0.924,100.37,0.174,2,36,1,1,0,0.5221
1027,Ja Morant,MEM,PG,2024-11-07,25,6.25,0.0,0,1,21.76,21.04,17.56,0.239,3,6,11,4,2,1.3,-0.625,230.0,10,0.955,101.49,0.0,2,54,1,1,0,0.85
1027,Ja Morant,MEM,PG,2024-11-10,26,6.76,0.0,0,1,24.65,22.66,24.51,0.005,1,3,9,3,1,2.1,-0.231,264.1,10,0.681,101.76,0.0,6,12,1,1,1,0.85
1027,Ja Morant,MEM,PG,2024-11-13,26,6.76,0.0,0,1,29.52,31.34,25.84,0.142,1,5,11,0,0,2.8,0.371,362.9,13,0.807,100.34,0.081,2,57,1,1,0,0.5051
1027,Ja Morant,MEM,PG,2024-11-17,25,6.25,0.0,0,1,30.87,26.01,21.74,0.42,2,4,13,2,1,2.28,-0.793,320.2,15,0.788,102.85,0.091,1,83,1,1,1,0.7375
1027,Ja Morant,MEM,PG,2024-11-17,25,6.25,0.0,0,1,30.62,28.24,28.47,0.076,2,5,10,5,0,2.5,-0.93,489.2,17,0.846,100.75,0.0,5,22,1,1,1,0.8462
1027,Ja Morant,MEM,PG,2024-11-27,25,6.25,0.0,0,1,25.75,24.76,25.82,-0.003,2,5,14,1,0,1.3,-1.515,377.9,16,0.793,100.76,0.055,2,24,1,1,1,0.5623
1027,Ja Morant,MEM,PG,2024-11-27,25,6.25,0.0,0,1,22.24,22.28,18.97,0.173,2,5,14,3,1,2.04,0.633,354.9,21,0.956,101.77,0.123,1,79,1,1,1,0.7108
1027,Ja Morant,MEM,PG,2024-11-30,26,6.76,0.0,0,1,36.86,37.09,33.39,0.104,2,5,11,5,1,1.86,-0.026,929.7,23,0.738,100.92,0.045,2,63,1,1,1,0.7979
1027,Ja Morant,MEM,PG,2024-12-02,25,6.25,0.0,0,1,34.19,36.05,33.16,0.031,1,5,10,4,1,1.18,-0.922,790.5,24,0.66,101.49,0.065,1,77,1,1,1,0.6685
1027,Ja Morant,MEM,PG,2024-12-03,25,6.25,0.0,0,1,28.0,28.52,22.99,0.218,3,5,13,4,0,2.34,-0.775,613.6,23,0.875,101.53,0.039,0,311,1,0,0,0.1977
1027,Ja Morant,MEM,PG,2024-12-04,26,6.76,0.0,0,1,19.81,22.42,21.75,-0.09,2,4,12,0,0,2.81,0.208,465.4,23,1.016,102.73,0.0,3,81,1,1,0,0.4149
1027,Ja Morant,MEM,PG,2024-12-10,26,6.76,0.0,0,1,33.27,25.44,34.73,-0.042,2,4,10,2,2,1.46,0.03,831.4,26,0.902,100.95,0.02,0,138,1,0,0,0.4306
1027,Ja Morant,MEM,PG,2024-12-12,27,7.29,0.0,0,1,25.52,27.22,27.75,-0.08,2,5,13,4,0,2.02,-0.308,718.0,24,1.149,100.75,0.043,2,37,1,1,1,0.5984
1027,Ja Morant,MEM,PG,2024-12-20,27,7.29,0.0,0,1,30.29,27.82,28.16,0.076,1,5,13,4,1,1.3,0.595,840.5,27,0.776,100.76,0.092,2,55,1,1,1,0.8264
1027,Ja Morant,MEM,PG,2024-12-22,27,7.29,0.0,0,1,29.48,27.55,22.58,0.305,1,3,8,0,0,0.66,-0.081,781.8,28,0.881,102.22,0.026,2,37,1,1,0,0.673
1027,Ja Morant,MEM,PG,2024-12-25,26,6.76,0.0,0,1,23.98,26.54,25.4,-0.056,1,5,13,3,1,0.91,0.051,772.4,35,0.77,100.78,0.087,1,52,1,1,0,0.6093
1027,Ja Morant,MEM,PG,2024-12-25,25,6.25,0.0,0,1,26.82,23.92,21.63,0.24,4,7,14,0,1,2.52,0.851,611.8,29,0.881,101.98,0.232,0,233,1,0,0,0.3399
1027,Ja Morant,MEM,PG,2024-12-29,26,6.76,0.0,0,1,26.11,28.18,29.12,-0.103,1,5,9,2,0,2.32,-0.048,983.7,36,0.817,101.7,0.001,2,79,1,1,0,0.4212
1027,Ja Morant,MEM,PG,2025-01-03,26,6.76,0.0,0,1,23.5,23.93,27.98,-0.16,1,4,11,4,0,1.49,-0.292,724.4,33,0.717,101.48,0.0,1,67,1,1,1,0.4372
1027,Ja Morant,MEM,PG,2025-01-05,25,6.25,0.0,0,1,39.17,37.25,37.04,0.058,2,6,11,4,0,2.42,0.166,1386.1,36,0.974,100.95,0.05,1,39,1,1,0,0.6027
1027,Ja Morant,MEM,PG,2025-01-07,26,6.76,0.0,0,1,30.09,29.8,28.21,0.067,3,7,13,1,1,2.16,0.664,857.0,35,0.836,102.39,0.178,1,54,1,1,1,0.6902
1027,Ja Morant,MEM,PG,2025-01-15,26,6.76,0.0,0,1,28.97,33.46,38.0,-0.238,1,5,9,1,0,2.21,-0.87,1432.6,42,1.089,101.15,0.083,5,25,1,1,1,0.782
1027,Ja Morant,MEM,PG,2025-01-23,26,6.76,0.0,0,1,28.31,20.15,19.72,0.436,4,7,16,1,0,2.23,0.361,937.1,47,0.79,101.11,0.208,3,63,1,1,1,0.8346
1027,Ja Morant,MEM,PG,2025-01-26,26,6.76,0.0,0,1,25.9,27.15,26.82,-0.035,1,3,8,1,2,1.64,-0.141,1307.2,46,1.05,100.18,0.046,1,50,1,1,1,0.6709
1027,Ja Morant,MEM,PG,2025-01-26,27,7.29,0.0,0,1,42.0,36.78,35.25,0.192,2,5,12,2,0,1.77,-0.467,1907.6,49,1.0,101.11,0.0,1,58,1,1,1,0.626
1027,Ja Morant,MEM,PG,2025-01-27,27,7.29,0.0,0,1,32.23,33.01,36.62,-0.12,2,5,13,1,0,2.53,-0.186,1677.5,49,0.337,102.51,0.0,1,53,1,1,1,0.3545
1027,Ja Morant,MEM,PG,2025-02-02,27,7.29,0.0,0,1,31.95,27.89,28.44,0.123,3,5,11,4,1,1.72,0.216,1490.1,50,1.002,102.56,0.109,1,45,1,1,1,0.7724
1027,Ja Morant,MEM,PG,2025-02-05,27,7.29,0.0,0,1,30.6,31.72,33.68,-0.091,2,6,14,4,3,0.62,-0.514,1746.5,53,1.193,101.86,0.046,1,79,1,1,1,0.85
1027,Ja Morant,MEM,PG,2025-02-07,27,7.29,0.0,0,1,26.22,24.19,24.45,0.072,3,6,14,6,0,1.58,-0.588,1438.0,56,0.88,102.53,0.062,1,79,1,1,1,0.6006
1027,Ja Morant,MEM,PG,2025-02-10,26,6.76,0.0,0,1,29.33,30.86,25.81,0.137,3,6,11,6,0,1.11,0.12,1503.4,56,0.591,102.45,0.0,0,218,1,0,0,0.2491
1027,Ja Morant,MEM,PG,2025-02-11,25,6.25,0.0,0,1,32.72,28.35,24.93,0.312,4,7,13,4,1,1.71,-0.24,1459.1,55,0.59,101.43,0.131,2,82,1,1,1,0.8338
1027,Ja Morant,MEM,PG,2025-02-12,27,7.29,0.0,0,1,30.33,25.46,27.63,0.097,3,7,15,0,0,1.8,-0.202,1627.3,58,0.947,102.19,0.008,0,270,1,0,0,0.1493
1027,Ja Morant,MEM,PG,2025-02-14,26,6.76,0.0,0,1,27.62,28.07,26.17,0.055,1,4,9,0,2,1.03,0.049,1637.7,56,0.8,101.9,0.0,2,68,1,1,1,0.741
1027,Ja Morant,MEM,PG,2025-02-17,26,6.76,0.0,0,1,31.79,27.23,28.7,0.108,2,6,10,5,0,1.58,-0.406,1641.0,59,0.799,100.27,0.024,3,29,1,1,1,0.7851
1027,Ja Morant,MEM,PG,2025-02-18,26,6.76,0.0,0,1,33.66,34.41,32.82,0.025,1,3,9,0,3,1.51,0.341,1836.4,54,0.734,102.7,0.0,3,37,1,1,1,0.85
1027,Ja Morant,MEM,PG,2025-02-22,27,7.29,0.0,0,1,25.84,26.02,27.39,-0.057,2,6,11,5,1,0.95,-0.241,1553.3,58,0.672,101.83,0.066,2,55,1,1,1,0.7332
1027,Ja Morant,MEM,PG,2025-02-23,27,7.29,0.0,0,1,33.05,31.91,29.34,0.126,1,5,9,2,0,2.71,0.8,1754.2,56,0.646,101.68,0.052,2,44,1,1,1,0.6525
1027,Ja Morant,MEM,PG,2025-02-26,27,7.29,0.0,0,1,26.77,26.48,24.87,0.076,1,5,12,5,0,1.58,0.617,1730.8,64,0.675,100.9,0.061,5,48,1,1,1,0.85
1027,Ja Morant,MEM,PG,2025-02-27,27,7.29,0.0,0,1,21.77,23.42,24.69,-0.118,2,6,14,3,1,1.41,-0.577,1457.2,62,0.932,101.8,0.002,1,42,1,1,1,0.6129
1027,Ja Morant,MEM,PG,2025-03-01,27,7.29,0.0,0,1,26.63,23.3,25.82,0.031,3,5,12,3,0,2.12,-0.566,1641.1,62,0.965,102.85,0.051,2,59,1,1,1,0.5504
1027,Ja Morant,MEM,PG,2025-03-01,25,6.25,0.0,0,1,24.27,19.94,20.54,0.181,1,5,14,3,0,2.42,0.193,1170.5,60,0.934,101.73,0.074,2,83,1,1,0,0.595
1027,Ja Morant,MEM,PG,2025-03-04,26,6.76,0.0,0,1,34.55,38.55,35.72,-0.033,2,5,14,2,0,1.96,0.036,2262.6,63,0.709,101.14,0.041,1,47,1,1,1,0.4979
1027,Ja Morant,MEM,PG,2025-03-05,27,7.29,0.0,0,1,27.77,22.55,28.62,-0.03,3,6,11,5,1,1.14,-0.795,1801.5,67,0.817,102.45,0.047,1,72,1,1,1,0.6563
1027,Ja Morant,MEM,PG,2025-03-11,25,6.25,0.0,0,1,31.78,29.39,30.16,0.054,1,5,11,3,1,1.24,0.071,2145.3,70,0.83,102.2,0.06,0,319,1,0,0,0.2898
1027,Ja Morant,MEM,PG,2025-03-22,25,6.25,0.0,0,1,26.9,23.89,28.12,-0.043,1,4,11,3,0,1.49,-0.482,1828.0,69,0.766,102.47,0.057,1,33,1,1,0,0.5101
1027,Ja Morant,MEM,PG,2025-03-24,27,7.29,0.0,0,1,25.51,23.8,20.9,0.221,2,5,12,1,1,2.16,-0.086,1629.8,69,0.826,103.18,0.0,0,329,1,0,1,0.2179
1027,Ja Morant,MEM,PG,2025-03-24,27,7.29,0.0,0,1,22.92,24.76,17.51,0.309,1,3,12,0,2,0.85,-0.952,1610.5,69,0.791,102.18,0.022,3,24,1,1,1,0.85
1027,Ja Morant,MEM,PG,2025-03-24,26,6.76,0.0,0,1,33.2,34.25,32.13,0.033,3,6,13,1,0,1.46,-0.32,2363.2,70,0.77,101.45,0.045,1,39,1,1,0,0.5106
1047,Jalen Brunson,NYK,PG,2024-11-02,28,7.84,0.0,0,1,33.4,32.74,34.61,-0.035,2,5,13,0,0,1.65,-0.357,123.0,5,0.576,98.08,0.092,0,287,0,0,0,0.0756
1047,Jalen Brunson,NYK,PG,2024-11-07,28,7.84,0.0,0,1,32.64,28.04,28.72,0.136,3,7,12,0,0,1.82,-0.527,396.0,13,0.99,97.81,0.038,0,366,0,0,0,0.0908
1047,Jalen Brunson,NYK,PG,2024-11-08,27,7.29,0.0,0,1,32.06,30.41,32.35,-0.009,3,7,11,5,0,2.64,-0.217,334.6,12,0.943,96.91,0.0,0,263,0,0,0,0.0899
1047,Jalen Brunson,NYK,PG,2024-11-09,28,7.84,0.0,0,1,30.52,30.82,31.19,-0.022,3,5,9,2,1,2.22,-0.139,411.4,15,0.724,97.13,0.0,2,66,0,1,1,0.4725
1047,Jalen Brunson,NYK,PG,2024-11-11,29,8.41,0.0,0,1,27.95,29.16,31.97,-0.126,1,5,10,1,1,1.26,-0.55,330.6,10,0.737,96.77,0.028,0,340,0,0,1,0.1147
1047,Jalen Brunson,NYK,PG,2024-11-13,29,8.41,0.0,0,1,42.0,39.63,35.48,0.184,2,4,8,3,3,0.93,1.045,365.3,11,0.612,96.89,0.135,0,272,0,0,1,0.6718
1047,Jalen Brunson,NYK,PG,2024-11-13,29,8.41,0.0,0,1,23.75,25.66,23.99,-0.01,1,5,10,3,1,1.41,-0.509,189.1,9,0.925,97.52,0.001,0,143,0,0,0,0.1684
1047,Jalen Brunson,NYK,PG,2024-11-15,29,8.41,0.0,0,1,26.05,24.8,29.1,-0.105,2,5,14,2,0,1.24,-0.773,434.0,15,0.762,98.59,0.045,0,285,0,0,0,0.0841
1047,Jalen Brunson,NYK,PG,2024-11-17,27,7.29,0.0,0,1,22.31,23.87,20.29,0.1,1,3,10,1,1,1.98,-0.123,378.0,18,1.048,96.68,0.0,0,185,0,0,0,0.1159
1047,Jalen Brunson,NYK,PG,2024-11-30,27,7.29,0.0,0,1,35.52,33.89,35.94,-0.012,1,3,8,0,3,2.0,-0.156,649.4,20,0.861,97.5,0.038,0,270,0,0,0,0.2825
1047,Jalen Brunson,NYK,PG,2024-11-30,28,7.84,0.0,0,1,31.67,27.96,29.01,0.092,2,5,12,2,0,1.92,0.25,598.7,22,0.868,97.18,0.06,2,70,0,0,0,0.3471
1047,Jalen Brunson,NYK,PG,2024-12-05,29,8.41,0.0,0,1,24.06,22.84,31.15,-0.227,3,5,13,0,0,2.11,-0.761,663.7,25,0.509,97.26,0.005,0,221,0,0,0,0.0445
1047,Jalen Brunson,NYK,PG,2024-12-05,29,8.41,0.0,0,1,30.08,26.73,31.42,-0.043,3,6,15,0,0,1.75,-0.358,839.7,26,0.746,97.41,0.062,2,77,0,1,1,0.3613
1047,Jalen Brunson,NYK,PG,2024-12-06,29,8.41,0.0,0,1,29.59,33.0,32.38,-0.086,1,5,13,2,1,0.97,-0.028,790.0,26,0.959,98.2,0.014,0,390,0,0,0,0.1468
1047,Jalen Brunson,NYK,PG,2024-12-11,28,7.84,0.0,0,1,22.4,17.56,19.81,0.131,2,6,15,0,1,1.67,-0.362,457.9,24,0.858,96.48,0.039,0,189,0,0,0,0.1366
1047,Jalen Brunson,NYK,PG,2024-12-11,29,8.41,0.0,0,1,21.56,25.69,25.08,-0.141,3,5,11,3,0,2.26,-0.737,724.4,29,0.928,98.32,0.061,1,57,0,0,0,0.1761
1047,Jalen Brunson,NYK,PG,2024-12-15,29,8.41,0.0,0,1,29.44,35.11,29.12,0.011,2,6,14,3,0,2.1,0.129,837.8,26,1.064,98.61,0.037,0,327,0,0,0,0.1012
1047,Jalen Brunson,NYK,PG,2024-12-16,29,8.41,0.0,0,1,24.18,26.55,24.52,-0.014,2,4,8,2,0,2.39,-0.973,771.4,30,0.69,97.78,0.072,1,13,0,1,0,0.2821
1047,Jalen Brunson,NYK,PG,2024-12-21,28,7.84,0.0,0,1,29.68,27.03,33.21,-0.106,2,4,11,3,1,2.12,0.353,767.8,27,0.823,97.25,0.044,1,80,0,0,0,0.3349
1047,Jalen Brunson,NYK,PG,2024-12-28,29,8.41,0.0,0,1,24.42,21.13,17.7,0.38,3,6,15,2,0,1.54,0.109,662.7,35,0.744,95.91,0.143,0,244,0,0,0,0.1863
1047,Jalen Brunson,NYK,PG,2024-12-30,27,7.29,0.0,0,1,25.56,24.34,24.62,0.038,3,6,11,5,0,2.15,-0.196,798.3,32,0.811,98.28,0.055,0,208,0,0,0,0.0936
1047,Jalen Brunson,NYK,PG,2025-01-02,27,7.29,0.0,0,1,24.2,21.26,25.77,-0.061,3,7,16,0,0,2.29,0.522,846.9,35,0.98,98.52,0.083,2,71,0,1,0,0.3818
1047,Jalen Brunson,NYK,PG,2025-01-09,27,7.29,0.0,0,1,32.89,31.23,28.77,0.143,3,6,15,2,0,2.91,-0.32,1094.2,38,0.674,98.3,0.165,0,388,0,0,1,0.1027
1047,Jalen Brunson,NYK,PG,2025-01-17,27,7.29,0.0,0,1,35.67,37.47,35.58,0.003,2,4,11,4,0,1.98,-0.947,1516.3,42,0.847,97.61,0.025,0,207,0,0,0,0.1086
1047,Jalen Brunson,NYK,PG,2025-01-21,29,8.41,0.0,0,1,36.72,36.41,30.78,0.193,2,4,11,3,1,1.78,0.182,1400.1,43,0.842,97.92,0.136,1,42,0,0,1,0.5656
1047,Jalen Brunson,NYK,PG,2025-01-30,29,8.41,0.0,0,1,27.38,28.87,23.4,0.17,3,7,13,4,2,1.12,0.172,1275.0,49,0.982,98.12,0.007,0,277,0,0,1,0.3508
1047,Jalen Brunson,NYK,PG,2025-02-01,27,7.29,0.0,0,1,27.48,27.69,29.54,-0.07,3,6,13,5,1,1.81,-0.592,1418.2,51,0.69,96.89,0.014,0,367,0,0,0,0.1614
1047,Jalen Brunson,NYK,PG,2025-02-03,28,7.84,0.0,0,1,27.66,28.61,25.56,0.082,1,4,12,2,0,1.83,-0.312,1320.0,48,0.919,97.66,0.053,0,276,0,0,0,0.0877
1047,Jalen Brunson,NYK,PG,2025-02-04,28,7.84,0.0,0,1,24.05,22.47,23.6,0.019,2,4,8,2,0,1.62,-0.505,1149.5,50,0.935,96.94,0.121,1,16,0,0,0,0.26
1047,Jalen Brunson,NYK,PG,2025-02-05,28,7.84,0.0,0,1,20.02,22.6,21.07,-0.05,2,6,12,4,1,1.76,-0.434,1198.1,52,0.601,97.49,0.0,2,20,0,1,1,0.5397
1047,Jalen Brunson,NYK,PG,2025-02-08,28,7.84,0.0,0,1,29.25,27.36,27.03,0.082,2,5,9,5,1,1.13,-0.477,1407.1,49,1.01,98.1,0.063,0,383,0,0,0,0.225
1047,Jalen Brunson,NYK,PG,2025-02-08,27,7.29,0.0,0,1,42.0,39.68,38.0,0.105,3,7,16,6,1,1.56,0.233,2163.1,56,0.91,96.96,0.132,0,158,0,0,1,0.4872
1047,Jalen Brunson,NYK,PG,2025-02-09,28,7.84,0.0,0,1,27.22,27.34,24.63,0.105,3,7,16,3,3,0.6,0.552,1201.5,53,0.813,96.82,0.185,1,13,0,0,1,0.8324
1047,Jalen Brunson,NYK,PG,2025-02-09,27,7.29,0.0,0,1,19.83,14.77,13.62,0.455,3,6,10,1,1,2.14,-0.203,826.9,51,0.621,96.79,0.162,0,384,0,0,0,0.1849
1047,Jalen Brunson,NYK,PG,2025-02-11,29,8.41,0.0,0,1,27.88,30.11,28.93,-0.036,1,5,14,4,0,1.62,-0.364,1484.1,51,0.697,97.64,0.0,1,89,0,0,0,0.2305
1047,Jalen Brunson,NYK,PG,2025-02-12,28,7.84,0.0,0,1,33.6,36.8,35.45,-0.052,3,5,10,4,0,2.28,-0.275,1763.9,51,0.973,97.48,0.028,0,165,0,0,0,0.1152
1047,Jalen Brunson,NYK,PG,2025-02-22,27,7.29,0.0,0,1,35.27,32.17,33.66,0.048,3,5,10,3,1,1.66,0.028,2069.5,58,0.923,96.52,0.03,0,265,0,0,0,0.1898
1047,Jalen Brunson,NYK,PG,2025-02-25,29,8.41,0.0,0,1,34.5,32.86,37.65,-0.084,1,4,9,0,2,1.98,0.379,2170.0,61,0.658,97.92,0.067,0,352,0,0,0,0.2059
1047,Jalen Brunson,NYK,PG,2025-02-25,27,7.29,0.0,0,1,27.04,31.49,26.51,0.02,1,4,10,0,1,1.67,0.083,2047.6,64,0.799,96.52,0.0,0,303,0,0,0,0.1019
1047,Jalen Brunson,NYK,PG,2025-02-25,27,7.29,0.0,0,1,17.22,20.2,14.03,0.228,2,4,12,0,1,2.56,0.017,894.8,64,0.766,98.31,0.175,0,314,0,0,1,0.0985
1047,Jalen Brunson,NYK,PG,2025-02-26,27,7.29,0.0,0,1,23.03,22.83,26.62,-0.135,1,4,12,3,1,1.89,-0.656,1383.9,60,0.815,96.85,0.025,0,325,0,0,0,0.1124
1047,Jalen Brunson,NYK,PG,2025-02-26,29,8.41,0.0,0,1,27.53,31.08,24.52,0.123,2,4,12,1,2,1.52,-0.027,1710.8,63,0.876,96.09,0.0,0,332,0,0,1,0.2218
1047,Jalen Brunson,NYK,PG,2025-03-08,29,8.41,0.0,0,1,28.36,24.76,23.01,0.232,2,6,13,2,3,1.42,0.858,1433.7,64,0.795,96.95,0.191,0,348,0,0,1,0.5842
1047,Jalen Brunson,NYK,PG,2025-03-08,27,7.29,0.0,0,1,30.07,32.49,34.49,-0.128,3,7,13,5,0,1.73,0.062,2239.8,69,0.929,97.69,0.045,1,26,0,0,1,0.351
1047,Jalen Brunson,NYK,PG,2025-03-09,28,7.84,0.0,0,1,27.1,24.47,21.71,0.248,3,7,13,0,0,2.11,0.27,1412.1,66,0.889,96.94,0.179,2,64,0,1,0,0.4935
1047,Jalen Brunson,NYK,PG,2025-03-18,27,7.29,0.0,0,1,16.23,13.2,13.34,0.217,3,6,14,5,0,1.17,0.871,1023.9,71,0.876,98.0,0.119,0,290,0,0,0,0.2046
1047,Jalen Brunson,NYK,PG,2025-03-19,28,7.84,0.0,0,1,26.8,26.2,25.1,0.068,2,5,9,2,1,1.41,0.157,1537.5,68,0.826,96.98,0.122,0,379,0,0,0,0.1658
1047,Jalen Brunson,NYK,PG,2025-03-19,27,7.29,0.0,0,1,14.45,14.45,20.04,-0.279,3,5,9,4,1,1.54,-0.216,1138.7,70,0.775,96.66,0.0,0,254,0,0,0,0.1046
1047,Jalen Brunson,NYK,PG,2025-03-20,27,7.29,0.0,0,1,27.54,26.59,27.5,0.002,3,5,14,3,1,2.62,0.125,1782.7,71,0.819,97.01,0.028,1,34,0,0,0,0.3382
1047,Jalen Brunson,NYK,PG,2025-03-21,28,7.84,0.0,0,1,23.11,23.85,22.34,0.034,3,5,12,1,0,2.79,-0.093,1594.6,70,0.886,95.92,0.042,1,43,0,0,0,0.1431
1047,Jalen Brunson,NYK,PG,2025-03-24,29,8.41,0.0,0,1,37.37,37.61,38.0,-0.017,1,4,11,4,1,0.67,0.243,2511.0,70,0.832,98.03,0.0,0,387,0,0,0,0.2205
1047,Jalen Brunson,NYK,PG,2025-03-30,28,7.84,0.0,0,1,28.37,29.43,26.65,0.064,3,6,10,2,1,1.82,-0.408,1810.1,72,0.936,97.76,0.035,0,154,0,0,0,0.173
1021,Jamal Murray,DEN,PG,2024-10-30,28,7.84,0.0,0,1,29.89,29.47,28.67,0.043,1,4,9,1,0,1.75,-0.305,162.3,6,0.799,99.46,0.06,0,276,0,0,0,0.0792
1021,Jamal Murray,DEN,PG,2024-11-02,29,8.41,0.0,0,1,27.89,31.24,27.32,0.021,3,7,13,2,2,1.63,0.398,245.2,8,0.738,97.14,0.031,0,342,0,0,0,0.2476
1021,Jamal Murray,DEN,PG,2024-11-02,29,8.41,0.0,0,1,18.27,16.29,13.28,0.376,3,6,11,0,1,1.61,-0.426,89.8,5,1.093,98.74,0.084,0,335,0,0,0,0.1694
1021,Jamal Murray,DEN,PG,2024-11-05,27,7.29,0.0,0,1,37.9,35.1,32.6,0.163,2,4,10,4,1,1.79,0.099,356.0,10,0.941,98.55,0.104,0,277,0,0,1,0.281
1021,Jamal Murray,DEN,PG,2024-11-10,28,7.84,0.0,0,1,27.4,28.52,28.37,-0.034,2,6,14,3,1,1.87,-0.269,367.6,15,0.861,98.07,0.027,1,19,0,1,0,0.523
1021,Jamal Murray,DEN,PG,2024-11-11,29,8.41,0.0,0,1,25.01,25.97,21.13,0.184,1,5,13,0,0,2.56,0.055,266.1,12,1.21,98.87,0.033,1,17,0,0,0,0.2393
1021,Jamal Murray,DEN,PG,2024-11-13,27,7.29,0.0,0,1,31.55,34.39,32.43,-0.027,2,4,9,0,0,2.44,-0.272,309.7,9,1.236,97.4,0.0,0,322,0,0,1,0.0584
1021,Jamal Murray,DEN,PG,2024-11-27,28,7.84,0.0,0,1,27.5,24.48,20.95,0.312,4,6,13,2,2,2.16,0.98,389.7,19,0.748,97.67,0.241,0,312,0,0,0,0.4534
1021,Jamal Murray,DEN,PG,2024-11-29,29,8.41,0.0,0,1,21.12,19.74,19.19,0.101,2,5,13,0,2,2.14,-0.411,432.0,18,0.818,99.63,0.0,1,37,0,0,0,0.3819
1021,Jamal Murray,DEN,PG,2024-12-01,28,7.84,0.0,0,1,24.73,24.68,28.17,-0.122,3,5,9,0,2,2.18,0.023,567.1,23,0.953,97.97,0.0,0,335,0,0,0,0.1315
1021,Jamal Murray,DEN,PG,2024-12-03,27,7.29,0.0,0,1,32.57,35.67,31.82,0.024,2,4,9,2,1,1.7,0.889,676.4,25,0.874,96.76,0.147,2,63,0,0,1,0.5839
1021,Jamal Murray,DEN,PG,2024-12-09,27,7.29,0.0,0,1,36.02,32.97,32.61,0.104,1,4,9,2,0,2.48,-0.944,823.0,24,0.819,98.03,0.0,2,11,0,0,0,0.371
1021,Jamal Murray,DEN,PG,2024-12-11,27,7.29,0.0,0,1,41.82,39.38,38.0,0.101,3,7,14,3,2,0.6,-0.16,827.3,22,1.289,99.37,0.0,2,56,0,0,1,0.7708
1021,Jamal Murray,DEN,PG,2024-12-12,27,7.29,0.0,0,1,35.66,34.73,34.83,0.024,3,6,14,2,0,2.27,-0.284,893.2,25,1.037,99.38,0.0,0,185,0,0,0,0.1044
1021,Jamal Murray,DEN,PG,2024-12-15,27,7.29,0.0,0,1,23.58,23.01,24.03,-0.019,2,6,11,0,0,1.76,-0.108,693.0,28,0.813,97.0,0.123,3,61,1,1,0,0.5117
1021,Jamal Murray,DEN,PG,2024-12-18,28,7.84,0.0,0,1,32.67,33.39,32.19,0.015,1,3,8,3,0,1.82,-0.569,1107.7,31,0.824,97.44,0.0,0,318,0,0,0,0.0927
1021,Jamal Murray,DEN,PG,2024-12-28,28,7.84,0.0,0,1,31.21,35.38,33.13,-0.058,1,3,10,3,0,1.81,-0.678,1296.2,37,1.003,98.7,0.091,0,281,0,0,0,0.0998
1021,Jamal Murray,DEN,PG,2025-01-08,29,8.41,0.0,0,1,27.25,27.48,27.42,-0.006,3,7,16,4,2,1.54,0.072,890.1,36,0.601,97.7,0.0,1,53,0,0,1,0.5554
1021,Jamal Murray,DEN,PG,2025-01-08,27,7.29,0.0,0,1,29.48,28.23,31.32,-0.059,2,4,8,3,0,1.11,0.845,1108.6,38,0.878,96.88,0.103,0,226,0,0,1,0.147
1021,Jamal Murray,DEN,PG,2025-01-09,27,7.29,0.0,0,1,28.53,31.83,26.19,0.089,3,7,15,5,2,1.08,-0.741,1242.7,42,0.889,97.45,0.0,0,148,0,0,1,0.4169
1021,Jamal Murray,DEN,PG,2025-01-11,27,7.29,0.0,0,1,31.7,33.57,27.3,0.161,3,7,13,2,1,1.85,0.681,898.5,36,0.839,97.84,0.198,1,89,0,0,0,0.5039
1021,Jamal Murray,DEN,PG,2025-01-16,27,7.29,0.0,0,1,27.78,28.83,24.69,0.125,1,3,9,3,0,0.91,0.178,1148.8,45,0.683,97.76,0.0,0,298,0,0,1,0.1124
1021,Jamal Murray,DEN,PG,2025-01-17,27,7.29,0.0,0,1,25.73,29.01,29.41,-0.125,1,4,10,3,2,1.13,-0.636,1133.7,41,0.91,97.14,0.059,0,232,0,0,0,0.2246
1021,Jamal Murray,DEN,PG,2025-01-18,27,7.29,0.0,0,1,29.62,27.12,29.62,0.0,3,6,15,1,1,1.28,-0.276,1175.7,41,0.681,97.1,0.0,1,22,0,0,0,0.3779
1021,Jamal Murray,DEN,PG,2025-01-18,28,7.84,0.0,0,1,20.87,25.48,23.17,-0.099,1,4,9,0,0,2.21,-0.465,932.8,42,0.651,98.16,0.0,1,89,0,0,0,0.0967
1021,Jamal Murray,DEN,PG,2025-01-22,28,7.84,0.0,0,1,25.45,25.87,26.74,-0.048,3,7,15,1,2,1.36,-0.045,1025.8,41,0.913,99.6,0.0,1,27,0,0,0,0.496
1021,Jamal Murray,DEN,PG,2025-01-27,27,7.29,0.0,0,1,30.68,30.22,22.56,0.36,3,7,12,5,0,1.82,0.105,1338.8,45,0.965,98.04,0.0,1,17,0,1,1,0.6387
1021,Jamal Murray,DEN,PG,2025-01-28,29,8.41,0.0,0,1,31.73,29.08,27.12,0.17,4,7,15,4,1,1.34,0.052,1109.7,47,0.885,95.91,0.133,0,191,0,0,1,0.3085
1021,Jamal Murray,DEN,PG,2025-01-30,28,7.84,0.0,0,1,21.98,27.14,26.88,-0.182,1,3,9,1,0,1.43,0.058,1111.7,47,0.942,97.86,0.0,0,236,0,0,0,0.0615
1021,Jamal Murray,DEN,PG,2025-01-31,29,8.41,0.0,0,1,24.8,23.06,21.74,0.141,2,6,13,0,1,1.6,-0.194,1076.8,47,0.903,99.53,0.039,0,382,0,0,0,0.1333
1021,Jamal Murray,DEN,PG,2025-01-31,27,7.29,0.0,0,1,37.41,36.96,27.67,0.352,4,7,16,2,0,2.38,-0.308,1456.4,48,0.829,96.92,0.052,0,364,0,0,0,0.1891
1021,Jamal Murray,DEN,PG,2025-02-01,29,8.41,0.0,0,1,25.85,29.52,28.72,-0.1,2,6,14,4,0,2.35,0.562,1262.8,48,0.573,98.2,0.041,0,331,0,0,0,0.0992
1021,Jamal Murray,DEN,PG,2025-02-04,27,7.29,0.0,0,1,34.03,26.28,23.82,0.429,4,6,11,5,0,2.24,0.222,1297.1,47,1.049,97.94,0.192,1,71,0,1,0,0.663
1021,Jamal Murray,DEN,PG,2025-02-08,28,7.84,0.0,0,1,20.24,26.3,21.86,-0.074,2,6,14,3,0,2.97,-0.229,1269.9,55,0.7,97.74,0.0,1,55,0,0,0,0.1399
1021,Jamal Murray,DEN,PG,2025-02-08,27,7.29,0.0,0,1,25.09,26.68,23.26,0.079,3,5,10,5,0,2.49,0.309,1292.1,55,0.893,97.73,0.132,1,33,0,1,0,0.4374
1021,Jamal Murray,DEN,PG,2025-02-17,28,7.84,0.0,0,1,22.78,20.54,19.61,0.162,3,6,12,5,2,1.06,0.038,1281.1,56,0.877,97.94,0.0,0,297,0,0,0,0.3047
1021,Jamal Murray,DEN,PG,2025-02-17,29,8.41,0.0,0,1,33.96,33.76,35.62,-0.047,3,7,12,0,0,2.18,0.349,1940.4,58,0.9,97.97,0.0,0,206,0,0,0,0.0727
1021,Jamal Murray,DEN,PG,2025-02-20,29,8.41,0.0,0,1,30.08,31.7,27.82,0.081,1,4,12,3,3,0.85,-0.377,1665.1,61,1.062,98.32,0.0,1,57,0,0,1,0.6815
1021,Jamal Murray,DEN,PG,2025-03-02,27,7.29,0.0,0,1,30.08,28.35,25.3,0.189,1,5,14,2,2,0.97,0.95,1535.5,59,1.103,99.06,0.089,1,55,0,1,1,0.8213
1021,Jamal Murray,DEN,PG,2025-03-02,27,7.29,0.0,0,1,30.18,33.63,35.02,-0.138,2,5,9,1,0,1.69,-0.407,2089.1,60,0.7,98.03,0.034,0,365,0,0,0,0.07
1021,Jamal Murray,DEN,PG,2025-03-05,28,7.84,0.0,0,1,29.75,25.89,24.68,0.205,1,5,14,4,0,1.34,-0.489,1869.3,66,1.044,98.13,0.046,0,141,0,0,0,0.2299
1021,Jamal Murray,DEN,PG,2025-03-06,29,8.41,0.0,0,1,18.43,18.83,17.86,0.032,3,7,16,6,1,1.61,-0.343,1336.6,68,0.936,96.2,0.0,0,161,0,0,0,0.2248
1021,Jamal Murray,DEN,PG,2025-03-08,27,7.29,0.0,0,1,26.78,24.15,24.48,0.094,2,4,10,3,1,1.8,-0.816,1663.3,65,0.84,98.29,0.004,0,239,0,0,0,0.1487
1021,Jamal Murray,DEN,PG,2025-03-10,29,8.41,0.0,0,1,34.48,32.35,33.48,0.03,3,6,12,6,0,1.9,-0.286,2216.7,67,0.973,97.45,0.025,0,348,0,0,0,0.1435
1021,Jamal Murray,DEN,PG,2025-03-11,27,7.29,0.0,0,1,39.8,37.64,38.0,0.047,3,5,13,1,0,1.46,-0.367,2545.9,68,0.957,99.04,0.0,0,125,0,0,0,0.1665
1021,Jamal Murray,DEN,PG,2025-03-20,29,8.41,0.0,0,1,27.36,31.1,31.64,-0.135,2,5,12,3,0,1.63,-0.24,2021.7,70,0.92,98.03,0.03,2,20,0,0,1,0.3529
1021,Jamal Murray,DEN,PG,2025-03-21,27,7.29,0.0,0,1,30.48,27.32,29.33,0.039,2,6,11,3,2,2.04,-0.174,2153.5,72,0.986,98.42,0.007,0,238,0,0,0,0.2285
1021,Jamal Murray,DEN,PG,2025-03-21,27,7.29,0.0,0,1,41.17,37.92,37.08,0.11,3,7,12,0,0,2.98,0.555,2231.4,69,0.647,97.14,0.169,0,269,0,0,0,0.1055
1021,Jamal Murray,DEN,PG,2025-03-22,29,8.41,0.0,0,1,29.86,33.07,30.84,-0.032,1,5,10,4,0,2.21,-0.479,2160.7,72,0.873,97.14,0.107,0,120,0,0,0,0.1381
1021,Jamal Murray,DEN,PG,2025-03-28,29,8.41,0.0,0,1,28.18,23.77,27.93,0.009,3,6,10,2,1,1.59,0.581,1831.9,72,0.832,97.19,0.126,0,324,0,0,0,0.1825
1021,Jamal Murray,DEN,PG,2025-03-29,28,7.84,0.0,0,1,35.5,33.27,32.39,0.096,2,6,12,6,2,2.06,0.905,2157.7,72,0.771,99.55,0.136,0,376,0,0,0,0.4908
1021,Jamal Murray,DEN,PG,2025-03-30,28,7.84,0.0,0,1,31.92,31.29,33.76,-0.055,3,7,11,1,0,2.26,-0.448,2401.1,72,0.931,99.17,0.0,0,320,0,0,0,0.0644
1005,Jarred Vanderbilt,LAL,SF,2024-11-03,27,7.29,0.0,0,0,25.37,23.88,19.47,0.303,1,3,9,1,0,1.66,-0.753,120.7,7,0.764,100.04,0.005,0,182,0,0,0,0.1193
1005,Jarred Vanderbilt,LAL,SF,2024-11-06,25,6.25,0.0,0,0,21.53,24.98,19.83,0.086,1,3,10,2,1,2.09,0.169,269.0,11,0.685,99.38,0.061,0,283,0,0,0,0.1164
1005,Jarred Vanderbilt,LAL,SF,2024-11-08,27,7.29,0.0,0,0,29.97,29.39,27.85,0.076,1,4,13,2,1,1.74,-0.425,323.7,13,0.759,100.44,0.029,0,237,0,0,0,0.1599
1005,Jarred Vanderbilt,LAL,SF,2024-11-08,26,6.76,0.0,0,0,28.92,25.73,25.7,0.125,3,6,14,2,3,1.36,0.373,227.7,11,0.826,99.97,0.208,2,40,0,0,1,0.8411
1005,Jarred Vanderbilt,LAL,SF,2024-11-12,27,7.29,0.0,0,0,30.32,28.58,29.2,0.038,2,4,11,3,0,1.55,0.198,366.8,11,0.832,99.75,0.074,1,32,0,0,0,0.3307
1005,Jarred Vanderbilt,LAL,SF,2024-11-15,25,6.25,0.0,0,0,30.84,25.46,20.9,0.476,3,5,10,0,3,1.32,-0.176,278.7,13,0.426,100.09,0.053,1,73,0,0,0,0.7381
1005,Jarred Vanderbilt,LAL,SF,2024-11-17,27,7.29,0.0,0,0,27.94,33.02,34.03,-0.179,3,6,11,0,0,2.13,0.411,500.7,18,0.628,101.02,0.026,0,210,0,0,0,0.0651
1005,Jarred Vanderbilt,LAL,SF,2024-11-21,27,7.29,0.0,0,0,29.52,26.88,21.79,0.355,4,7,11,7,3,1.4,0.242,403.4,18,0.611,100.02,0.108,1,32,0,1,0,0.85
1005,Jarred Vanderbilt,LAL,SF,2024-11-21,26,6.76,0.0,0,0,34.06,28.54,25.53,0.334,2,4,8,2,1,1.65,1.342,389.1,14,0.821,100.11,0.24,0,132,0,0,0,0.5598
1005,Jarred Vanderbilt,LAL,SF,2024-11-23,27,7.29,0.0,0,0,34.11,36.02,38.0,-0.102,3,7,13,2,1,1.82,0.547,866.2,21,0.557,99.98,0.051,1,28,0,0,0,0.4606
1005,Jarred Vanderbilt,LAL,SF,2024-11-24,26,6.76,0.0,0,0,22.39,21.0,19.62,0.141,2,4,13,2,1,1.59,0.191,340.5,16,0.825,99.03,0.013,1,13,0,0,1,0.4323
1005,Jarred Vanderbilt,LAL,SF,2024-11-26,25,6.25,0.0,0,0,34.24,29.72,28.17,0.215,4,7,13,0,2,2.12,-0.581,487.0,17,0.801,101.32,0.03,1,78,0,1,1,0.6333
1005,Jarred Vanderbilt,LAL,SF,2024-12-02,27,7.29,0.0,0,0,26.3,21.78,20.4,0.289,4,6,12,0,0,1.94,0.517,438.7,24,0.649,100.43,0.153,0,337,0,0,0,0.1296
1005,Jarred Vanderbilt,LAL,SF,2024-12-06,25,6.25,0.0,0,0,25.82,24.74,28.74,-0.102,2,6,11,3,2,1.41,-0.423,682.3,26,0.711,99.89,0.0,1,12,0,1,1,0.6431
1005,Jarred Vanderbilt,LAL,SF,2024-12-07,27,7.29,0.0,0,0,31.16,31.31,36.7,-0.151,1,3,11,3,1,2.55,-0.165,676.4,23,0.605,99.56,0.039,1,44,0,0,1,0.3091
1005,Jarred Vanderbilt,LAL,SF,2024-12-09,25,6.25,0.0,0,0,27.8,31.86,28.73,-0.032,1,4,9,4,1,1.65,-0.894,615.4,21,0.767,99.2,0.0,0,225,0,0,0,0.1479
1005,Jarred Vanderbilt,LAL,SF,2024-12-12,25,6.25,0.0,0,0,33.04,34.81,32.78,0.008,3,7,16,4,0,2.26,0.225,887.4,25,0.805,100.08,0.007,0,210,0,0,0,0.1295
1005,Jarred Vanderbilt,LAL,SF,2024-12-12,27,7.29,0.0,0,0,31.35,27.67,25.02,0.253,3,6,12,4,0,1.61,0.242,745.5,24,0.788,100.31,0.191,1,40,0,0,1,0.4934
1005,Jarred Vanderbilt,LAL,SF,2024-12-15,26,6.76,0.0,0,0,20.36,25.94,23.49,-0.134,2,6,11,1,0,2.19,-0.187,634.6,29,0.504,99.94,0.021,1,65,0,1,1,0.186
1005,Jarred Vanderbilt,LAL,SF,2024-12-23,26,6.76,0.0,0,0,33.4,31.01,24.99,0.337,4,7,13,6,1,1.72,-0.333,907.7,34,0.427,100.75,0.019,0,204,0,0,0,0.3456
1005,Jarred Vanderbilt,LAL,SF,2024-12-25,26,6.76,0.0,0,0,24.8,24.43,25.88,-0.042,3,7,13,0,0,2.62,-0.448,731.1,29,0.829,100.56,0.068,1,56,0,0,0,0.1412
1005,Jarred Vanderbilt,LAL,SF,2024-12-25,25,6.25,0.0,0,0,42.0,35.18,33.78,0.244,4,7,12,4,1,1.16,1.359,1130.1,33,0.827,100.74,0.255,0,242,0,0,0,0.5691
1005,Jarred Vanderbilt,LAL,SF,2024-12-28,25,6.25,0.0,0,0,26.73,22.99,24.12,0.108,3,6,10,1,1,1.32,-1.14,822.2,32,0.602,100.63,0.068,1,32,0,1,1,0.5014
1005,Jarred Vanderbilt,LAL,SF,2024-12-28,26,6.76,0.0,0,0,25.52,28.36,26.6,-0.041,1,4,9,4,0,1.15,-0.273,895.9,33,0.67,100.49,0.0,0,279,0,0,0,0.0909
1005,Jarred Vanderbilt,LAL,SF,2024-12-29,27,7.29,0.0,0,0,27.94,30.24,28.76,-0.028,2,5,9,0,0,1.94,-0.492,873.1,32,0.631,100.42,0.0,0,304,0,0,0,0.0541
1005,Jarred Vanderbilt,LAL,SF,2024-12-31,27,7.29,0.0,0,0,34.18,32.46,32.15,0.063,1,4,10,4,0,1.52,0.175,1040.1,32,0.683,100.78,0.034,0,323,0,0,0,0.1462
1005,Jarred Vanderbilt,LAL,SF,2025-01-02,26,6.76,0.0,0,0,22.71,24.47,23.67,-0.041,3,5,11,1,2,1.89,-0.068,900.1,36,0.69,99.18,0.07,0,319,0,0,0,0.1485
1005,Jarred Vanderbilt,LAL,SF,2025-01-08,25,6.25,0.0,0,0,34.38,27.16,26.39,0.303,3,5,12,5,0,1.6,0.375,1033.0,36,0.601,100.6,0.222,2,22,0,0,1,0.696
1005,Jarred Vanderbilt,LAL,SF,2025-01-09,26,6.76,0.0,0,0,28.26,33.36,30.34,-0.068,2,4,13,0,0,1.29,-0.237,948.6,36,0.528,100.01,0.004,0,366,0,0,0,0.0634
1005,Jarred Vanderbilt,LAL,SF,2025-01-11,26,6.76,0.0,0,0,39.1,39.52,36.55,0.07,3,7,13,7,1,1.78,0.943,1440.1,43,0.65,100.45,0.267,0,271,0,0,1,0.4777
1005,Jarred Vanderbilt,LAL,SF,2025-01-21,25,6.25,0.0,0,0,32.37,33.18,35.62,-0.091,3,6,12,5,1,2.5,-0.081,1404.8,42,0.992,101.26,0.093,0,291,0,0,1,0.1819
1005,Jarred Vanderbilt,LAL,SF,2025-01-22,26,6.76,0.0,0,0,28.13,23.58,30.7,-0.084,3,5,11,0,0,2.31,0.192,1133.3,48,0.754,99.89,0.015,1,28,0,0,0,0.1796
1005,Jarred Vanderbilt,LAL,SF,2025-01-28,26,6.76,0.0,0,0,38.09,40.0,35.64,0.069,1,5,12,4,1,0.6,-0.724,1699.9,45,1.0,101.05,0.011,1,18,0,1,0,0.6904
1005,Jarred Vanderbilt,LAL,SF,2025-01-29,25,6.25,0.0,0,0,28.42,26.95,26.44,0.075,2,6,10,6,1,1.49,0.333,1220.0,46,0.885,99.16,0.104,0,291,0,0,1,0.2733
1005,Jarred Vanderbilt,LAL,SF,2025-01-29,25,6.25,0.0,0,0,36.51,38.22,37.92,-0.037,1,5,14,4,0,1.3,0.369,1854.4,51,0.745,99.99,0.053,0,147,0,0,0,0.2152
1005,Jarred Vanderbilt,LAL,SF,2025-01-30,27,7.29,0.0,0,0,21.49,20.12,20.44,0.051,3,7,13,2,3,1.06,-0.078,972.7,48,0.441,100.35,0.13,0,372,0,0,0,0.3118
1005,Jarred Vanderbilt,LAL,SF,2025-01-30,25,6.25,0.0,0,0,42.0,36.73,33.62,0.249,2,5,11,0,1,2.36,-0.133,1632.3,50,0.558,101.0,0.171,0,189,0,0,0,0.2232
1005,Jarred Vanderbilt,LAL,SF,2025-02-03,26,6.76,0.0,0,0,28.41,28.64,28.53,-0.004,2,4,9,1,1,2.11,0.544,1190.8,47,0.83,97.49,0.179,2,81,0,1,1,0.5393
1005,Jarred Vanderbilt,LAL,SF,2025-02-07,25,6.25,0.0,0,0,33.86,28.64,27.82,0.217,3,6,14,4,0,2.06,1.259,1190.5,49,0.565,100.71,0.198,0,125,0,0,0,0.3952
1005,Jarred Vanderbilt,LAL,SF,2025-02-08,26,6.76,0.0,0,0,28.15,31.42,30.65,-0.082,1,5,9,2,1,1.96,-0.57,1594.3,51,0.469,99.51,0.0,0,313,0,0,0,0.1038
1005,Jarred Vanderbilt,LAL,SF,2025-02-11,26,6.76,0.0,0,0,15.2,22.64,20.72,-0.266,3,5,9,1,0,1.4,-0.538,1111.0,57,0.793,100.95,0.062,1,33,0,0,0,0.1721
1005,Jarred Vanderbilt,LAL,SF,2025-02-18,25,6.25,0.0,0,0,27.94,29.35,29.1,-0.04,3,6,11,5,0,1.08,0.339,1751.3,61,0.307,99.1,0.027,0,124,0,0,0,0.1608
1005,Jarred Vanderbilt,LAL,SF,2025-02-21,27,7.29,0.0,0,0,32.1,31.3,31.21,0.029,2,4,12,3,0,2.81,0.465,1881.1,60,0.57,99.79,0.095,1,42,0,0,0,0.2597
1005,Jarred Vanderbilt,LAL,SF,2025-02-21,27,7.29,0.0,0,0,30.28,33.52,31.0,-0.023,2,5,10,2,1,2.39,-0.614,1871.0,62,0.838,101.36,0.038,0,254,0,0,0,0.1194
1005,Jarred Vanderbilt,LAL,SF,2025-02-22,26,6.76,0.0,0,0,27.36,28.61,27.98,-0.022,2,5,13,2,0,1.16,0.199,1880.5,57,0.908,101.36,0.068,0,347,0,0,0,0.1049
1005,Jarred Vanderbilt,LAL,SF,2025-03-06,25,6.25,0.0,0,0,30.88,29.63,26.64,0.159,1,3,11,2,0,1.41,-0.101,1931.3,65,0.66,99.9,0.036,1,49,0,0,0,0.3039
1005,Jarred Vanderbilt,LAL,SF,2025-03-15,25,6.25,0.0,0,0,24.8,30.16,29.15,-0.149,1,3,11,0,2,0.82,-0.168,1996.3,72,0.827,100.46,0.042,0,163,0,0,0,0.1963
1005,Jarred Vanderbilt,LAL,SF,2025-03-19,27,7.29,0.0,0,0,30.2,24.64,25.48,0.185,2,5,13,5,1,1.95,0.213,1660.0,68,0.695,100.95,0.1,0,282,0,0,0,0.2778
1005,Jarred Vanderbilt,LAL,SF,2025-03-25,26,6.76,0.0,0,0,24.12,23.35,24.36,-0.01,2,6,14,0,1,1.76,0.456,1679.7,72,0.708,101.33,0.086,0,318,0,0,1,0.1334
1005,Jarred Vanderbilt,LAL,SF,2025-03-25,25,6.25,0.0,0,0,30.73,31.41,34.45,-0.108,1,5,12,5,0,3.08,-0.522,2167.9,72,0.833,100.38,0.034,0,265,0,0,0,0.0802
1005,Jarred Vanderbilt,LAL,SF,2025-03-27,25,6.25,0.0,0,0,36.68,38.63,31.69,0.157,2,6,15,2,0,2.79,-0.081,2359.1,72,0.637,99.96,0.068,0,317,0,0,0,0.1131
1005,Jarred Vanderbilt,LAL,SF,2025-03-28,26,6.76,0.0,0,0,30.52,32.72,30.47,0.002,1,4,9,1,1,1.33,-0.984,2220.1,72,0.705,98.36,0.068,0,356,0,0,0,0.1275
1007,Jaylen Brown,BOS,SG,2024-10-23,30,9.0,0.0,0,1,21.37,21.79,21.21,0.007,1,4,12,3,0,1.34,-0.039,81.8,6,0.877,99.47,0.034,0,210,0,0,0,0.0771
1007,Jaylen Brown,BOS,SG,2024-10-24,29,8.41,0.0,0,1,36.91,33.43,24.98,0.478,2,4,12,2,1,1.74,0.371,47.5,1,0.674,96.64,0.155,0,357,0,0,0,0.3885
1007,Jaylen Brown,BOS,SG,2024-10-30,28,7.84,0.0,0,1,35.07,32.53,34.24,0.024,2,4,9,4,0,1.51,0.024,310.7,9,0.997,99.96,0.087,0,339,0,0,1,0.1459
1007,Jaylen Brown,BOS,SG,2024-11-01,28,7.84,0.0,0,1,32.84,33.18,33.19,-0.01,3,5,13,0,0,1.58,-0.743,302.9,9,0.649,98.81,0.013,0,308,0,0,0,0.0713
1007,Jaylen Brown,BOS,SG,2024-11-03,29,8.41,0.0,0,1,41.8,36.51,33.27,0.256,3,5,12,2,1,0.6,-0.125,209.5,8,0.645,100.43,0.095,0,181,0,0,1,0.3186
1007,Jaylen Brown,BOS,SG,2024-11-06,30,9.0,0.0,0,1,20.46,20.25,18.47,0.108,2,4,10,4,0,2.1,-0.438,285.6,12,1.035,100.06,0.031,0,332,0,0,0,0.09
1007,Jaylen Brown,BOS,SG,2024-11-08,29,8.41,0.0,0,1,33.8,34.09,34.83,-0.03,2,6,13,1,2,1.74,-0.213,223.8,9,0.697,99.42,0.025,0,327,0,0,0,0.2105
1007,Jaylen Brown,BOS,SG,2024-11-17,28,7.84,0.0,0,1,20.47,21.13,20.38,0.005,1,3,8,0,2,1.07,-0.138,280.3,14,1.018,99.92,0.0,0,164,0,0,0,0.1743
1007,Jaylen Brown,BOS,SG,2024-11-20,30,9.0,0.0,0,1,31.65,30.08,28.14,0.125,1,5,14,2,1,1.96,0.051,369.9,13,0.894,99.42,0.07,0,262,0,0,1,0.1903
1007,Jaylen Brown,BOS,SG,2024-11-24,29,8.41,0.0,0,1,31.74,27.56,23.41,0.355,4,7,11,5,3,0.69,-0.201,414.0,18,0.713,98.82,0.095,0,250,0,0,1,0.6069
1007,Jaylen Brown,BOS,SG,2024-11-25,28,7.84,0.0,0,1,34.04,35.92,30.55,0.114,2,6,13,3,1,2.49,-0.158,775.0,21,1.299,100.52,0.114,1,26,0,0,1,0.506
1007,Jaylen Brown,BOS,SG,2024-11-28,29,8.41,0.0,0,1,30.77,30.63,30.24,0.018,1,5,12,3,1,1.92,0.091,595.7,21,0.957,98.37,0.036,1,19,0,0,0,0.4215
1007,Jaylen Brown,BOS,SG,2024-11-29,30,9.0,0.0,0,1,32.16,30.33,30.03,0.071,1,5,11,1,2,1.67,-0.147,554.1,17,0.605,98.76,0.002,0,379,0,0,0,0.2076
1007,Jaylen Brown,BOS,SG,2024-12-02,30,9.0,0.0,0,1,29.59,32.46,28.48,0.039,3,7,12,3,1,2.2,0.053,746.5,24,0.96,99.19,0.0,1,81,0,0,0,0.3116
1007,Jaylen Brown,BOS,SG,2024-12-04,30,9.0,0.0,0,1,21.24,20.97,19.24,0.104,1,3,10,2,2,0.64,0.16,473.2,21,0.854,98.96,0.05,0,190,0,0,1,0.2339
1007,Jaylen Brown,BOS,SG,2024-12-05,30,9.0,0.0,0,1,27.1,25.54,32.28,-0.161,1,5,11,1,1,1.48,-0.088,621.4,22,0.496,100.5,0.014,0,296,0,0,0,0.1093
1007,Jaylen Brown,BOS,SG,2024-12-06,28,7.84,0.0,0,1,39.78,31.07,36.38,0.094,2,5,14,4,1,1.66,0.574,658.8,20,1.026,98.67,0.188,0,357,0,0,1,0.3776
1007,Jaylen Brown,BOS,SG,2024-12-11,30,9.0,0.0,0,1,27.67,27.51,30.54,-0.094,3,5,11,1,0,2.35,0.268,722.9,29,0.476,100.02,0.059,1,32,0,1,0,0.2807
1007,Jaylen Brown,BOS,SG,2024-12-13,28,7.84,0.0,0,1,26.37,31.77,27.59,-0.044,3,6,13,4,0,1.78,0.024,743.5,28,0.778,98.64,0.027,2,89,0,0,0,0.2853
1007,Jaylen Brown,BOS,SG,2024-12-16,30,9.0,0.0,0,1,42.0,40.0,34.99,0.2,3,5,14,5,1,0.86,1.02,891.2,24,0.885,97.16,0.219,2,58,0,0,1,0.8471
1007,Jaylen Brown,BOS,SG,2024-12-19,30,9.0,0.0,0,1,16.72,20.6,20.64,-0.19,2,6,10,4,1,2.64,0.183,537.1,30,0.788,98.2,0.102,0,139,0,0,0,0.132
1007,Jaylen Brown,BOS,SG,2024-12-23,29,8.41,0.0,0,1,24.69,25.99,24.2,0.02,2,5,9,5,0,1.77,0.001,867.7,32,0.805,99.17,0.0,0,254,0,0,1,0.0938
1007,Jaylen Brown,BOS,SG,2024-12-26,30,9.0,0.0,0,1,24.5,21.51,22.38,0.095,3,6,11,4,2,1.65,0.049,717.2,30,0.757,99.15,0.125,0,265,0,0,0,0.2772
1007,Jaylen Brown,BOS,SG,2024-12-29,29,8.41,0.0,0,1,29.01,30.82,29.58,-0.019,2,5,11,5,0,1.44,-0.415,1044.8,33,0.86,99.58,0.0,0,300,0,0,0,0.114
1007,Jaylen Brown,BOS,SG,2024-12-31,29,8.41,0.0,0,1,30.87,28.47,28.38,0.087,2,6,13,3,2,1.28,-0.104,1100.4,38,0.826,98.63,0.052,0,290,0,0,0,0.2947
1007,Jaylen Brown,BOS,SG,2025-01-04,30,9.0,0.0,0,1,37.9,38.11,38.0,-0.003,3,5,9,3,1,1.96,0.675,1196.5,33,0.82,98.58,0.05,1,18,0,0,0,0.5332
1007,Jaylen Brown,BOS,SG,2025-01-05,28,7.84,0.0,0,1,33.95,32.65,26.79,0.267,4,6,13,5,1,1.77,0.087,985.6,38,0.725,99.61,0.11,1,87,0,0,0,0.5721
1007,Jaylen Brown,BOS,SG,2025-01-06,29,8.41,0.0,0,1,31.07,33.2,28.2,0.102,3,7,16,2,1,2.06,-0.411,1168.5,38,0.617,97.92,0.029,0,397,0,0,0,0.1688
1007,Jaylen Brown,BOS,SG,2025-01-16,29,8.41,0.0,0,1,27.26,26.92,28.96,-0.058,3,6,11,3,2,1.81,0.038,1123.0,41,0.529,98.54,0.053,0,228,0,0,1,0.1995
1007,Jaylen Brown,BOS,SG,2025-01-17,28,7.84,0.0,0,1,42.0,40.0,38.0,0.105,2,6,10,4,1,1.4,0.222,1351.4,39,0.772,97.85,0.105,1,21,0,0,0,0.6334
1007,Jaylen Brown,BOS,SG,2025-01-22,28,7.84,0.0,0,1,25.96,26.27,24.62,0.055,2,6,13,0,2,1.5,-0.774,1075.0,46,0.824,100.29,0.015,0,242,0,0,0,0.1906
1007,Jaylen Brown,BOS,SG,2025-01-22,29,8.41,0.0,0,1,29.91,30.22,25.42,0.177,1,4,13,2,1,1.58,0.307,1194.2,41,0.761,98.62,0.076,0,376,0,0,1,0.2208
1007,Jaylen Brown,BOS,SG,2025-01-24,29,8.41,0.0,0,1,25.06,27.45,28.73,-0.128,1,4,12,2,2,1.52,-0.446,1212.4,46,0.829,99.85,0.026,0,265,0,0,0,0.1958
1007,Jaylen Brown,BOS,SG,2025-01-26,30,9.0,0.0,0,1,34.22,35.05,33.68,0.016,1,4,10,1,1,2.24,-0.299,1515.0,43,0.755,99.59,0.035,0,155,0,0,0,0.1463
1007,Jaylen Brown,BOS,SG,2025-02-04,28,7.84,0.0,0,1,20.36,20.29,23.61,-0.138,3,5,9,0,2,1.27,-0.301,1034.6,47,0.87,99.52,0.077,0,372,0,0,0,0.149
1007,Jaylen Brown,BOS,SG,2025-02-05,29,8.41,0.0,0,1,36.15,35.3,37.99,-0.048,2,6,14,5,0,1.25,-0.485,1827.7,52,0.867,98.73,0.086,0,326,0,0,0,0.1641
1007,Jaylen Brown,BOS,SG,2025-02-07,29,8.41,0.0,0,1,26.87,26.24,29.16,-0.079,1,5,9,1,1,0.84,-0.066,1531.1,52,0.579,99.24,0.0,3,68,1,0,0,0.5422
1007,Jaylen Brown,BOS,SG,2025-02-08,30,9.0,0.0,0,1,28.07,26.25,26.36,0.065,3,6,14,4,0,2.04,-0.839,1297.4,49,1.004,97.52,0.005,0,275,0,0,0,0.1093
1007,Jaylen Brown,BOS,SG,2025-02-12,29,8.41,0.0,0,1,36.79,33.86,27.96,0.316,3,7,13,0,1,1.48,0.99,1463.3,51,0.694,99.15,0.189,0,200,0,0,1,0.372
1007,Jaylen Brown,BOS,SG,2025-02-14,28,7.84,0.0,0,1,37.72,37.25,38.0,-0.007,2,6,12,6,0,1.28,-0.26,1981.2,54,0.973,98.13,0.08,0,159,0,0,0,0.2095
1007,Jaylen Brown,BOS,SG,2025-02-15,29,8.41,0.0,0,1,29.45,32.29,35.43,-0.169,2,5,11,2,0,2.13,0.386,1849.6,57,0.709,99.94,0.019,0,267,0,0,0,0.0821
1007,Jaylen Brown,BOS,SG,2025-02-24,28,7.84,0.0,0,1,25.05,28.3,24.34,0.029,3,6,11,5,2,1.39,0.065,1611.4,63,1.143,98.84,0.0,1,30,0,0,0,0.5964
1007,Jaylen Brown,BOS,SG,2025-02-26,29,8.41,0.0,0,1,42.0,37.45,34.72,0.21,3,7,12,1,0,2.49,1.614,2311.9,64,0.887,98.88,0.266,0,381,0,0,0,0.2832
1007,Jaylen Brown,BOS,SG,2025-03-06,28,7.84,0.0,0,1,31.97,30.5,27.41,0.166,4,7,11,4,1,2.06,0.662,1761.9,67,0.932,99.61,0.119,0,337,0,0,1,0.2918
1007,Jaylen Brown,BOS,SG,2025-03-11,29,8.41,0.0,0,1,33.23,33.9,32.21,0.031,2,5,13,0,0,2.98,0.794,2118.1,68,0.87,99.33,0.135,0,184,0,0,0,0.0962
1007,Jaylen Brown,BOS,SG,2025-03-11,29,8.41,0.0,0,1,23.55,23.07,21.72,0.084,1,3,9,1,1,0.8,0.432,1530.6,63,0.832,99.64,0.096,1,66,0,0,0,0.3647
1007,Jaylen Brown,BOS,SG,2025-03-19,30,9.0,0.0,0,1,31.15,29.02,31.59,-0.014,1,3,9,0,0,1.77,0.206,2132.5,72,0.993,99.87,0.028,0,187,0,0,0,0.0824
1007,Jaylen Brown,BOS,SG,2025-03-22,30,9.0,0.0,0,1,27.61,29.84,29.85,-0.075,3,6,15,6,0,1.87,-0.68,2009.6,69,0.46,99.16,0.001,1,45,0,1,1,0.4215
1007,Jaylen Brown,BOS,SG,2025-03-24,30,9.0,0.0,0,1,23.22,27.05,25.58,-0.092,2,5,13,2,2,1.08,-0.305,1762.9,72,0.702,100.17,0.018,0,163,0,0,0,0.225
1007,Jaylen Brown,BOS,SG,2025-03-26,29,8.41,0.0,0,1,27.83,25.92,27.58,0.009,3,6,11,4,0,1.68,0.522,1931.2,72,0.827,98.8,0.033,0,283,0,0,1,0.1209
1007,Jaylen Brown,BOS,SG,2025-03-29,30,9.0,0.0,0,1,26.89,28.02,27.81,-0.033,2,4,9,1,1,2.02,0.633,2032.8,72,0.634,99.52,0.035,1,10,0,0,0,0.3764
1007,Jaylen Brown,BOS,SG,2025-03-30,29,8.41,0.0,0,1,26.38,27.66,31.97,-0.175,2,4,12,0,3,1.02,0.445,1959.1,72,0.883,99.27,0.061,1,37,0,1,0,0.7264
1006,Jayson Tatum,BOS,SF,2024-10-22,27,7.29,0.0,0,0,24.51,22.68,20.16,0.216,1,4,9,3,0,2.04,-0.234,107.3,1,0.736,99.37,0.003,1,78,0,0,0,0.2376
1006,Jayson Tatum,BOS,SF,2024-10-25,29,8.41,0.0,0,0,24.36,24.16,26.62,-0.085,2,4,8,0,0,1.42,-0.57,98.1,5,0.568,100.36,0.0,0,196,0,0,0,0.0555
1006,Jayson Tatum,BOS,SF,2024-10-29,29,8.41,0.0,0,0,24.31,25.36,26.54,-0.084,2,6,10,0,0,2.0,-0.314,251.9,10,0.396,99.35,0.031,0,189,0,0,0,0.0467
1006,Jayson Tatum,BOS,SF,2024-10-31,29,8.41,0.0,0,0,30.65,29.62,25.61,0.197,1,3,9,1,0,2.53,-0.639,166.6,7,0.632,99.33,0.002,1,43,0,1,1,0.3216
1006,Jayson Tatum,BOS,SF,2024-11-06,28,7.84,0.0,0,0,32.41,32.69,29.72,0.091,3,5,11,2,0,2.18,-0.312,470.9,13,0.366,99.24,0.103,0,233,0,0,0,0.0843
1006,Jayson Tatum,BOS,SF,2024-11-12,27,7.29,0.0,0,0,37.56,36.57,38.0,-0.012,3,6,10,0,0,2.31,-0.138,560.0,14,0.866,98.64,0.028,0,238,0,0,0,0.0674
1006,Jayson Tatum,BOS,SF,2024-11-13,29,8.41,0.0,0,0,29.93,27.42,32.73,-0.085,3,7,16,4,1,1.42,-0.34,394.2,14,0.777,99.88,0.016,1,75,0,0,1,0.4309
1006,Jayson Tatum,BOS,SF,2024-11-17,29,8.41,0.0,0,0,30.04,27.67,30.39,-0.011,3,7,16,3,2,1.13,-0.5,369.5,11,0.764,98.63,0.0,1,15,0,1,1,0.7166
1006,Jayson Tatum,BOS,SF,2024-11-19,29,8.41,0.0,0,0,33.33,34.72,25.14,0.326,4,6,14,4,2,1.59,0.314,523.0,18,0.685,99.5,0.182,1,59,0,0,1,0.7805
1006,Jayson Tatum,BOS,SF,2024-11-24,29,8.41,0.0,0,0,30.12,31.68,33.05,-0.089,2,4,8,0,1,2.29,0.293,461.0,16,0.848,100.63,0.039,1,84,0,0,0,0.2549
1006,Jayson Tatum,BOS,SF,2024-11-25,29,8.41,0.0,0,0,21.9,22.02,22.77,-0.038,1,3,12,0,1,1.49,-0.969,359.1,22,0.622,97.83,0.038,0,194,0,0,0,0.0872
1006,Jayson Tatum,BOS,SF,2024-11-30,29,8.41,0.0,0,0,26.35,24.97,24.08,0.094,3,6,15,2,0,2.47,0.139,508.6,18,0.531,98.62,0.029,0,379,0,0,0,0.0788
1006,Jayson Tatum,BOS,SF,2024-12-02,28,7.84,0.0,0,0,29.84,29.85,32.04,-0.069,3,6,10,6,0,1.76,0.261,491.5,18,0.953,97.85,0.064,2,46,0,0,1,0.4562
1006,Jayson Tatum,BOS,SF,2024-12-04,29,8.41,0.0,0,0,41.33,35.33,31.1,0.329,4,7,16,5,0,2.04,0.455,658.9,20,1.005,98.81,0.142,0,227,0,0,0,0.3707
1006,Jayson Tatum,BOS,SF,2024-12-06,29,8.41,0.0,0,0,28.56,33.5,28.52,0.001,2,5,14,3,0,1.27,0.425,575.5,21,0.878,99.5,0.003,1,11,0,1,1,0.489
1006,Jayson Tatum,BOS,SF,2024-12-25,28,7.84,0.0,0,0,33.06,26.76,25.17,0.313,3,5,12,2,3,0.81,1.25,866.9,32,0.383,98.06,0.218,0,158,0,0,1,0.7162
1006,Jayson Tatum,BOS,SF,2024-12-26,27,7.29,0.0,0,0,31.05,26.34,26.22,0.184,2,4,11,4,0,2.3,0.044,855.6,33,0.65,97.99,0.157,1,87,0,1,0,0.4053
1006,Jayson Tatum,BOS,SF,2025-01-03,27,7.29,0.0,0,0,24.76,23.82,23.93,0.035,1,3,9,3,0,1.78,0.075,817.4,33,0.664,99.22,0.0,0,149,0,0,0,0.0995
1006,Jayson Tatum,BOS,SF,2025-01-05,28,7.84,0.0,0,0,28.54,32.25,27.36,0.043,3,6,15,4,2,1.22,-0.017,1034.1,36,0.883,98.46,0.0,1,69,0,0,1,0.566
1006,Jayson Tatum,BOS,SF,2025-01-07,27,7.29,0.0,0,0,15.7,21.18,17.87,-0.122,2,5,13,5,0,1.89,0.418,619.9,37,0.943,98.77,0.035,1,24,0,0,0,0.2804
1006,Jayson Tatum,BOS,SF,2025-01-09,28,7.84,0.0,0,0,38.54,38.42,38.0,0.014,2,6,13,1,0,1.8,-1.002,1425.4,39,0.797,98.8,0.098,0,226,0,0,0,0.1027
1006,Jayson Tatum,BOS,SF,2025-01-09,28,7.84,0.0,0,0,22.16,26.02,24.43,-0.093,1,4,10,3,1,1.69,0.13,1036.9,41,0.547,98.11,0.004,0,329,0,0,0,0.1123
1006,Jayson Tatum,BOS,SF,2025-01-13,29,8.41,0.0,0,0,30.26,31.89,28.24,0.071,2,6,14,0,1,1.42,0.257,1270.7,42,0.673,98.54,0.131,0,245,0,0,0,0.1673
1006,Jayson Tatum,BOS,SF,2025-01-14,27,7.29,0.0,0,0,30.9,27.03,25.09,0.231,2,4,10,2,3,1.83,0.954,1146.9,45,0.52,100.47,0.23,2,74,0,0,1,0.85
1006,Jayson Tatum,BOS,SF,2025-01-17,29,8.41,0.0,0,0,27.96,27.9,31.1,-0.101,3,6,15,3,0,1.76,-0.416,1357.6,45,0.858,98.4,0.0,1,88,0,0,0,0.2219
1006,Jayson Tatum,BOS,SF,2025-01-18,27,7.29,0.0,0,0,30.21,27.99,25.82,0.17,3,7,16,3,0,1.55,-0.131,1295.7,46,0.921,100.7,0.012,1,44,0,0,0,0.4072
1006,Jayson Tatum,BOS,SF,2025-01-21,27,7.29,0.0,0,0,26.69,26.92,24.9,0.072,2,5,9,3,0,1.6,-0.388,1246.5,48,0.44,97.83,0.061,0,191,0,0,0,0.0922
1006,Jayson Tatum,BOS,SF,2025-02-04,28,7.84,0.0,0,0,24.58,26.29,22.93,0.072,3,5,12,5,1,2.75,-1.298,1090.5,47,0.66,98.67,0.052,2,30,0,0,0,0.443
1006,Jayson Tatum,BOS,SF,2025-02-07,28,7.84,0.0,0,0,30.82,32.56,29.46,0.046,2,6,12,0,0,1.98,0.384,1457.4,52,0.498,98.91,0.07,0,386,0,0,0,0.0747
1006,Jayson Tatum,BOS,SF,2025-02-09,28,7.84,0.0,0,0,29.96,34.16,32.61,-0.081,3,5,13,2,1,2.48,-0.088,1582.5,49,0.877,98.58,0.0,0,226,0,0,0,0.1089
1006,Jayson Tatum,BOS,SF,2025-02-11,29,8.41,0.0,0,0,26.88,23.66,28.64,-0.062,2,5,11,5,0,1.46,0.257,1391.2,52,0.673,99.06,0.06,1,55,0,1,1,0.4198
1006,Jayson Tatum,BOS,SF,2025-02-15,29,8.41,0.0,0,0,25.33,26.68,27.25,-0.07,2,4,8,4,0,2.19,0.409,1461.1,56,0.794,98.98,0.039,0,318,0,0,1,0.0908
1006,Jayson Tatum,BOS,SF,2025-02-16,27,7.29,0.0,0,0,32.75,28.89,26.83,0.221,2,4,8,2,2,0.74,1.011,1495.4,53,0.694,98.37,0.165,4,58,1,0,1,0.85
1006,Jayson Tatum,BOS,SF,2025-02-20,27,7.29,0.0,0,0,25.39,28.24,24.83,0.023,2,4,12,2,0,2.51,0.296,1554.3,59,0.522,98.49,0.007,0,160,0,0,0,0.0722
1006,Jayson Tatum,BOS,SF,2025-02-20,28,7.84,0.0,0,0,25.44,25.53,26.96,-0.056,2,6,15,6,1,2.5,-0.628,1371.8,55,0.703,100.36,0.004,1,36,0,0,0,0.4097
1006,Jayson Tatum,BOS,SF,2025-02-21,28,7.84,0.0,0,0,37.36,34.69,38.0,-0.017,2,4,11,4,3,1.61,-0.132,2100.5,55,0.663,98.39,0.039,0,242,0,0,0,0.4188
1006,Jayson Tatum,BOS,SF,2025-02-24,29,8.41,0.0,0,0,34.58,34.68,32.28,0.071,2,4,13,4,0,2.14,-0.565,1811.5,56,0.665,98.08,0.017,1,51,0,0,0,0.298
1006,Jayson Tatum,BOS,SF,2025-02-24,28,7.84,0.0,0,0,42.0,40.0,34.21,0.228,3,5,10,2,1,1.13,0.801,1972.6,56,1.01,97.94,0.193,1,32,0,0,1,0.7211
1006,Jayson Tatum,BOS,SF,2025-02-26,29,8.41,0.0,0,0,28.41,29.63,27.79,0.022,2,6,14,3,0,2.17,0.182,1833.7,61,0.709,98.73,0.0,1,67,0,0,0,0.227
1006,Jayson Tatum,BOS,SF,2025-02-27,28,7.84,0.0,0,0,23.87,24.51,26.82,-0.11,2,4,8,1,0,2.02,0.074,1672.3,65,0.822,98.5,0.0,2,83,0,0,0,0.1891
1006,Jayson Tatum,BOS,SF,2025-03-02,28,7.84,0.0,0,0,31.8,30.39,37.36,-0.149,2,4,9,3,1,2.17,-0.681,1883.8,62,0.906,99.03,0.007,0,320,0,0,0,0.1341
1006,Jayson Tatum,BOS,SF,2025-03-03,28,7.84,0.0,0,0,22.24,23.14,25.33,-0.122,3,7,15,3,2,1.04,0.265,1385.2,59,0.808,99.77,0.04,2,72,0,1,1,0.712
1006,Jayson Tatum,BOS,SF,2025-03-03,27,7.29,0.0,0,0,26.57,25.84,27.72,-0.041,2,6,12,5,0,2.37,-0.316,1581.6,62,0.825,99.62,0.0,1,32,0,1,0,0.3516
1006,Jayson Tatum,BOS,SF,2025-03-04,27,7.29,0.0,0,0,26.81,23.36,22.41,0.196,1,3,8,2,0,2.48,0.54,1491.6,62,0.892,98.11,0.046,0,202,0,0,0,0.1097
1006,Jayson Tatum,BOS,SF,2025-03-05,29,8.41,0.0,0,0,22.54,25.91,22.74,-0.009,1,4,9,4,1,2.16,0.401,1538.1,64,0.629,99.44,0.044,0,338,0,0,0,0.134
1006,Jayson Tatum,BOS,SF,2025-03-11,29,8.41,0.0,0,0,20.24,23.78,21.49,-0.058,2,4,12,0,0,1.86,0.434,1408.9,69,0.827,98.64,0.038,0,210,0,0,0,0.0562
1006,Jayson Tatum,BOS,SF,2025-03-15,27,7.29,0.0,0,0,20.85,24.68,24.11,-0.135,1,4,10,3,1,1.61,0.656,1466.9,68,0.496,98.04,0.039,0,246,0,0,0,0.1419
1006,Jayson Tatum,BOS,SF,2025-03-16,27,7.29,0.0,0,0,20.63,22.49,19.8,0.042,3,7,11,4,1,2.09,-0.512,1368.4,66,0.616,99.03,0.015,1,61,0,0,0,0.2832
1006,Jayson Tatum,BOS,SF,2025-03-18,29,8.41,0.0,0,0,20.99,22.85,23.46,-0.106,1,4,11,2,0,1.97,0.105,1596.9,68,0.677,100.16,0.01,1,30,0,1,0,0.2749
1006,Jayson Tatum,BOS,SF,2025-03-22,28,7.84,0.0,0,0,23.85,22.76,23.0,0.037,4,6,10,2,1,1.19,0.129,1538.7,72,0.76,98.1,0.143,1,37,0,0,1,0.3761
1006,Jayson Tatum,BOS,SF,2025-03-22,27,7.29,0.0,0,0,16.3,18.84,20.99,-0.223,1,4,10,4,0,1.82,0.532,1278.1,72,0.834,98.63,0.052,0,205,0,0,0,0.0842
1006,Jayson Tatum,BOS,SF,2025-03-29,27,7.29,0.0,0,0,35.19,33.44,34.2,0.029,2,5,10,4,1,1.44,-0.14,2614.7,72,0.529,98.46,0.039,0,363,0,0,0,0.1908
1031,Jimmy Butler,MIA,SF,2024-10-25,37,13.69,7.0,0,0,24.26,24.47,23.09,0.051,1,4,12,0,1,1.31,0.3,123.3,6,0.993,97.28,0.058,1,43,1,1,0,0.6509
1031,Jimmy Butler,MIA,SF,2024-10-29,36,12.96,6.0,0,0,25.08,24.61,28.11,-0.108,2,6,14,4,1,1.73,-0.272,85.7,4,0.548,98.57,0.001,2,67,1,1,1,0.7162
1031,Jimmy Butler,MIA,SF,2024-10-30,35,12.25,5.0,0,0,34.98,30.52,29.69,0.178,2,4,11,1,0,1.72,-0.134,114.2,5,0.634,97.5,0.187,1,65,1,1,0,0.5945
1031,Jimmy Butler,MIA,SF,2024-11-04,37,13.69,7.0,0,0,19.45,22.94,19.29,0.009,1,5,10,3,0,1.9,0.364,212.6,10,0.731,95.65,0.065,1,71,1,1,1,0.4683
1031,Jimmy Butler,MIA,SF,2024-11-04,37,13.69,7.0,0,0,27.17,25.7,27.29,-0.004,2,4,9,0,0,2.0,0.468,138.9,6,0.724,98.41,0.075,1,26,1,1,1,0.5047
1031,Jimmy Butler,MIA,SF,2024-11-05,37,13.69,7.0,0,0,31.02,30.51,31.06,-0.001,3,6,13,5,0,1.68,-0.287,341.0,12,0.592,97.34,0.003,1,52,1,1,1,0.6013
1031,Jimmy Butler,MIA,SF,2024-11-08,35,12.25,5.0,0,0,30.22,27.44,32.28,-0.064,1,3,8,2,0,1.39,-0.354,402.1,12,1.018,96.94,0.0,2,49,1,1,1,0.6087
1031,Jimmy Butler,MIA,SF,2024-11-11,35,12.25,5.0,0,0,24.21,23.61,28.44,-0.149,2,6,14,5,0,2.17,-0.558,312.8,9,0.711,96.49,0.001,1,67,1,1,0,0.4867
1031,Jimmy Butler,MIA,SF,2024-11-15,36,12.96,6.0,0,0,33.54,30.69,28.66,0.17,2,6,12,5,1,1.24,0.398,509.4,16,0.801,97.15,0.047,1,49,1,1,1,0.8396
1031,Jimmy Butler,MIA,SF,2024-11-15,36,12.96,6.0,0,0,29.41,31.41,27.98,0.051,2,6,14,5,0,1.96,0.208,383.6,12,0.716,95.89,0.044,3,49,1,1,0,0.7931
1031,Jimmy Butler,MIA,SF,2024-11-20,37,13.69,7.0,0,0,36.67,37.16,36.05,0.017,3,6,10,1,3,0.6,0.124,524.5,13,0.483,96.62,0.0,1,40,1,1,0,0.85
1031,Jimmy Butler,MIA,SF,2024-11-20,36,12.96,6.0,0,0,33.11,33.02,31.73,0.044,1,5,9,4,0,1.87,-0.601,587.2,17,0.56,96.88,0.001,1,66,1,1,1,0.5459
1031,Jimmy Butler,MIA,SF,2024-11-20,36,12.96,6.0,0,0,21.45,21.94,24.01,-0.107,1,5,13,4,1,2.05,-0.512,456.5,18,0.551,97.96,0.0,3,87,1,1,1,0.7145
1031,Jimmy Butler,MIA,SF,2024-11-24,37,13.69,7.0,0,0,27.28,26.63,27.39,-0.004,3,7,16,2,2,2.35,0.043,597.5,21,0.563,96.45,0.177,2,16,1,1,1,0.85
1031,Jimmy Butler,MIA,SF,2024-11-24,37,13.69,7.0,0,0,23.94,25.92,26.61,-0.1,2,5,10,5,0,2.22,-0.322,521.5,21,0.809,97.42,0.005,1,81,1,1,0,0.4651
1031,Jimmy Butler,MIA,SF,2024-12-11,35,12.25,5.0,0,0,29.33,29.66,30.25,-0.03,1,3,10,0,1,1.45,-1.209,714.5,26,0.736,97.67,0.028,3,83,1,1,1,0.7031
1031,Jimmy Butler,MIA,SF,2024-12-13,35,12.25,5.0,0,0,31.83,34.54,31.04,0.025,2,5,13,0,1,1.29,-0.512,705.0,24,0.894,97.09,0.023,2,71,1,1,1,0.6858
1031,Jimmy Butler,MIA,SF,2024-12-16,36,12.96,6.0,0,0,35.98,33.77,35.97,0.0,3,6,13,2,1,2.67,-0.019,902.6,28,0.793,97.71,0.012,0,159,1,0,1,0.2678
1031,Jimmy Butler,MIA,SF,2024-12-17,37,13.69,7.0,0,0,17.33,20.35,16.59,0.045,1,5,12,4,0,1.41,1.09,530.0,28,0.768,96.98,0.128,0,299,1,0,0,0.2652
1031,Jimmy Butler,MIA,SF,2024-12-23,35,12.25,5.0,0,0,32.78,29.11,31.01,0.057,3,7,13,6,0,1.49,-0.073,872.0,30,0.795,97.62,0.133,3,78,1,1,1,0.8143
1031,Jimmy Butler,MIA,SF,2025-01-01,35,12.25,5.0,0,0,28.16,24.55,26.36,0.069,2,5,14,4,2,1.29,-0.559,926.7,33,0.374,96.38,0.034,2,44,1,1,1,0.85
1031,Jimmy Butler,MIA,SF,2025-01-04,35,12.25,5.0,0,0,29.49,26.15,25.68,0.149,1,3,8,3,1,1.18,0.225,1040.2,34,0.698,96.83,0.011,0,228,1,0,0,0.3371
1031,Jimmy Butler,MIA,SF,2025-01-04,37,13.69,7.0,0,0,26.1,27.44,26.25,-0.006,2,6,13,4,0,1.88,0.282,799.7,35,0.578,97.29,0.052,1,27,1,1,0,0.5982
1031,Jimmy Butler,MIA,SF,2025-01-09,35,12.25,5.0,0,0,25.9,25.43,21.78,0.189,3,6,12,2,1,1.54,0.329,894.2,36,0.659,95.51,0.041,0,234,1,0,0,0.3167
1031,Jimmy Butler,MIA,SF,2025-01-11,35,12.25,5.0,0,0,31.16,31.63,27.11,0.149,3,5,9,1,2,1.27,0.331,1347.9,42,0.466,96.25,0.073,4,27,1,1,1,0.85
1031,Jimmy Butler,MIA,SF,2025-01-18,35,12.25,5.0,0,0,26.19,25.62,21.11,0.241,3,5,11,0,1,1.85,-0.443,1120.5,44,0.736,96.51,0.078,1,69,1,1,1,0.6232
1031,Jimmy Butler,MIA,SF,2025-01-19,35,12.25,5.0,0,0,23.87,28.81,25.82,-0.075,1,3,8,1,1,1.35,-0.911,1190.1,44,0.634,98.58,0.0,0,227,1,0,0,0.1769
1031,Jimmy Butler,MIA,SF,2025-01-21,35,12.25,5.0,0,0,40.96,38.16,32.21,0.272,3,7,14,7,2,0.97,0.635,1494.9,43,0.959,97.29,0.171,0,364,1,0,1,0.8244
1031,Jimmy Butler,MIA,SF,2025-01-23,37,13.69,7.0,0,0,20.93,22.72,18.11,0.156,3,7,15,3,0,1.5,0.31,792.1,42,0.867,97.7,0.14,4,57,1,1,0,0.85
1031,Jimmy Butler,MIA,SF,2025-01-24,35,12.25,5.0,0,0,26.57,27.59,27.34,-0.028,3,7,14,1,0,1.82,0.206,1187.1,43,0.703,96.04,0.02,2,16,1,1,1,0.607
1031,Jimmy Butler,MIA,SF,2025-02-01,37,13.69,7.0,0,0,31.88,31.45,31.97,-0.003,2,5,13,1,1,1.31,-0.018,1645.0,52,0.722,96.85,0.017,2,47,1,1,1,0.7365
1031,Jimmy Butler,MIA,SF,2025-02-06,35,12.25,5.0,0,0,35.1,28.19,28.79,0.219,2,5,10,0,0,2.29,1.022,1359.2,51,0.495,95.9,0.179,2,74,1,1,1,0.7221
1031,Jimmy Butler,MIA,SF,2025-02-06,36,12.96,6.0,0,0,25.22,26.15,28.43,-0.113,2,4,11,4,0,2.01,-0.503,1366.9,53,0.79,96.77,0.0,1,38,1,1,1,0.5056
1031,Jimmy Butler,MIA,SF,2025-02-07,35,12.25,5.0,0,0,29.69,25.47,23.31,0.273,3,7,16,7,1,2.08,0.042,1298.7,52,0.616,95.66,0.21,2,48,1,1,1,0.85
1031,Jimmy Butler,MIA,SF,2025-02-10,37,13.69,7.0,0,0,24.45,30.12,26.87,-0.09,3,6,10,6,0,2.21,0.383,1347.3,51,0.707,95.38,0.032,1,19,1,1,0,0.6298
1031,Jimmy Butler,MIA,SF,2025-02-15,37,13.69,7.0,0,0,31.61,30.03,32.18,-0.017,2,4,8,4,0,2.28,0.015,1824.6,59,0.512,96.93,0.03,1,82,1,1,0,0.4763
1031,Jimmy Butler,MIA,SF,2025-02-17,37,13.69,7.0,0,0,41.32,35.15,31.67,0.305,3,6,14,1,1,1.19,0.755,1783.1,57,0.824,97.05,0.239,1,38,1,1,1,0.85
1031,Jimmy Butler,MIA,SF,2025-02-18,35,12.25,5.0,0,0,27.05,26.09,21.34,0.268,2,5,11,0,2,1.45,0.345,1645.3,61,0.701,96.91,0.09,3,43,1,1,1,0.85
1031,Jimmy Butler,MIA,SF,2025-02-20,36,12.96,6.0,0,0,27.98,27.38,29.83,-0.062,1,4,13,0,0,1.71,-0.736,1704.8,55,0.922,98.07,0.0,0,221,1,0,0,0.1251
1031,Jimmy Butler,MIA,SF,2025-02-23,37,13.69,7.0,0,0,33.24,34.34,33.76,-0.015,2,5,11,5,0,1.57,-0.663,1978.2,59,0.77,97.36,0.001,1,22,1,1,0,0.6623
1031,Jimmy Butler,MIA,SF,2025-02-27,37,13.69,7.0,0,0,33.4,35.83,31.68,0.054,1,5,14,3,0,1.75,-0.524,2009.5,59,0.751,96.67,0.022,1,79,1,1,1,0.5774
1031,Jimmy Butler,MIA,SF,2025-03-03,37,13.69,7.0,0,0,28.56,29.55,27.57,0.036,1,5,14,3,1,1.6,-0.131,1753.0,61,0.907,97.0,0.053,1,50,1,1,1,0.7227
1031,Jimmy Butler,MIA,SF,2025-03-10,37,13.69,7.0,0,0,34.75,29.39,31.5,0.103,3,6,15,2,3,0.75,-0.01,2066.5,65,0.641,95.19,0.13,0,321,1,0,1,0.6602
1031,Jimmy Butler,MIA,SF,2025-03-14,37,13.69,7.0,0,0,19.37,22.27,22.95,-0.156,1,3,12,3,1,1.7,0.414,1423.0,71,0.589,96.66,0.083,2,84,1,1,1,0.6859
1031,Jimmy Butler,MIA,SF,2025-03-15,35,12.25,5.0,0,0,25.64,30.83,27.46,-0.066,3,6,11,4,2,0.95,-0.493,1938.6,71,0.448,97.31,0.026,3,77,1,1,1,0.8479
1031,Jimmy Butler,MIA,SF,2025-03-16,35,12.25,5.0,0,0,31.56,31.06,25.93,0.217,3,7,15,3,2,1.37,0.358,1727.3,67,0.56,95.89,0.116,0,127,1,0,1,0.6897
1031,Jimmy Butler,MIA,SF,2025-03-18,35,12.25,5.0,0,0,29.33,31.04,26.23,0.118,1,4,13,1,2,1.11,-0.736,1989.4,68,0.699,97.4,0.0,4,55,1,1,1,0.85
1031,Jimmy Butler,MIA,SF,2025-03-20,37,13.69,7.0,0,0,37.13,34.56,33.23,0.117,1,5,9,3,1,1.85,-0.123,2359.4,69,0.679,98.6,0.014,1,67,1,1,1,0.7297
1031,Jimmy Butler,MIA,SF,2025-03-21,36,12.96,6.0,0,0,20.09,19.81,15.65,0.284,3,5,12,5,0,1.28,-0.363,1405.8,72,0.821,96.88,0.004,0,173,1,0,0,0.2889
1031,Jimmy Butler,MIA,SF,2025-03-22,37,13.69,7.0,0,0,36.04,34.08,30.99,0.163,2,4,13,0,1,1.58,-0.194,2262.9,72,0.441,97.57,0.161,3,47,1,1,1,0.85
1031,Jimmy Butler,MIA,SF,2025-03-24,35,12.25,5.0,0,0,16.62,18.88,16.64,-0.001,2,5,13,5,0,1.73,-0.711,1194.3,71,0.733,96.79,0.0,3,89,1,1,0,0.6055
1031,Jimmy Butler,MIA,SF,2025-03-27,37,13.69,7.0,0,0,37.73,39.62,36.76,0.026,3,6,11,3,0,2.3,-0.073,2772.4,72,0.908,97.15,0.031,3,88,1,1,0,0.7043
1025,Joel Embiid,PHI,C,2024-10-23,31,9.61,1.0,1,0,19.65,20.13,19.19,0.024,3,5,13,0,2,1.73,0.38,164.1,7,0.722,97.74,0.053,3,47,1,1,1,0.85
1025,Joel Embiid,PHI,C,2024-10-30,32,10.24,2.0,1,0,38.0,34.19,31.56,0.204,2,4,9,4,1,1.08,-0.401,344.6,10,0.65,96.9,0.067,2,82,1,1,1,0.85
1025,Joel Embiid,PHI,C,2024-11-02,33,10.89,3.0,1,0,37.7,35.9,31.09,0.213,2,4,12,2,0,1.43,0.012,340.2,11,0.732,97.9,0.096,0,334,1,0,0,0.3873
1025,Joel Embiid,PHI,C,2024-11-04,31,9.61,1.0,1,0,26.54,30.16,31.04,-0.145,3,7,11,2,0,2.13,0.498,300.9,10,0.799,96.48,0.058,3,46,1,1,1,0.7624
1025,Joel Embiid,PHI,C,2024-11-04,31,9.61,1.0,1,0,34.26,28.88,26.75,0.281,4,6,11,2,2,2.03,0.218,167.8,5,0.454,97.85,0.112,4,17,1,1,1,0.85
1025,Joel Embiid,PHI,C,2024-11-06,31,9.61,1.0,1,0,42.0,40.0,38.0,0.105,3,7,15,0,3,1.39,0.448,481.0,13,0.804,98.35,0.196,1,44,1,1,0,0.85
1025,Joel Embiid,PHI,C,2024-11-10,32,10.24,2.0,1,0,23.95,23.47,25.56,-0.063,2,4,12,0,0,2.26,-0.84,392.9,15,0.768,96.98,0.0,1,45,1,1,0,0.4441
1025,Joel Embiid,PHI,C,2024-11-10,31,9.61,1.0,1,0,20.52,19.51,22.27,-0.078,3,5,11,5,0,1.41,-0.023,265.0,14,0.805,97.96,0.01,0,257,1,0,0,0.2224
1025,Joel Embiid,PHI,C,2024-11-18,32,10.24,2.0,1,0,29.61,30.01,27.19,0.089,3,7,12,0,1,1.61,0.509,452.3,14,0.863,98.87,0.071,1,89,1,1,1,0.7329
1025,Joel Embiid,PHI,C,2024-11-20,33,10.89,3.0,1,0,34.09,28.1,29.2,0.167,3,5,13,4,2,1.75,0.251,411.1,15,0.782,95.86,0.105,2,56,1,1,1,0.85
1025,Joel Embiid,PHI,C,2024-11-28,32,10.24,2.0,1,0,34.22,34.97,36.89,-0.072,1,3,11,1,2,0.6,-0.484,882.8,22,0.735,96.99,0.011,2,36,1,1,1,0.85
1025,Joel Embiid,PHI,C,2024-11-30,33,10.89,3.0,1,0,28.78,27.28,34.08,-0.155,1,3,10,2,3,1.08,-0.953,546.0,19,0.886,96.94,0.026,1,29,1,1,1,0.85
1025,Joel Embiid,PHI,C,2024-12-04,31,9.61,1.0,1,0,31.94,32.31,30.78,0.038,3,6,13,4,0,2.15,0.352,772.6,25,0.676,97.44,0.075,1,41,1,1,0,0.7076
1025,Joel Embiid,PHI,C,2024-12-06,32,10.24,2.0,1,0,36.3,33.5,30.89,0.175,2,4,10,3,2,1.27,0.039,521.7,20,0.551,97.24,0.188,1,85,1,1,1,0.85
1025,Joel Embiid,PHI,C,2024-12-13,33,10.89,3.0,1,0,36.06,37.22,38.0,-0.051,3,6,12,0,0,1.73,-0.477,1053.8,29,0.664,97.41,0.084,2,84,1,1,0,0.6478
1025,Joel Embiid,PHI,C,2024-12-13,32,10.24,2.0,1,0,37.64,33.4,34.28,0.098,2,4,8,0,2,1.19,0.462,926.0,24,0.729,98.22,0.091,1,82,1,1,1,0.85
1025,Joel Embiid,PHI,C,2024-12-13,33,10.89,3.0,1,0,42.0,40.0,37.57,0.118,2,5,11,5,1,1.98,0.355,1054.4,29,0.731,96.16,0.157,2,64,1,1,1,0.85
1025,Joel Embiid,PHI,C,2024-12-16,32,10.24,2.0,1,0,19.04,24.02,20.14,-0.055,1,3,12,0,1,1.76,-0.129,524.2,25,0.722,96.71,0.046,2,27,1,1,0,0.6989
1025,Joel Embiid,PHI,C,2024-12-17,31,9.61,1.0,1,0,31.69,32.09,29.6,0.071,2,6,12,6,1,2.18,-0.298,817.2,28,0.411,99.31,0.026,1,35,1,1,1,0.8017
1025,Joel Embiid,PHI,C,2024-12-21,33,10.89,3.0,1,0,29.62,31.44,29.31,0.01,1,5,9,2,0,2.19,0.255,888.1,32,0.57,96.19,0.05,3,84,1,1,1,0.7223
1025,Joel Embiid,PHI,C,2024-12-21,32,10.24,2.0,1,0,27.07,26.21,28.8,-0.06,1,3,11,2,0,1.52,-0.22,734.7,29,0.627,96.38,0.057,1,23,1,1,0,0.6205
1025,Joel Embiid,PHI,C,2024-12-23,33,10.89,3.0,1,0,35.99,33.26,34.14,0.054,3,7,14,7,0,1.84,0.698,1123.7,33,0.773,96.65,0.084,3,65,1,1,1,0.85
1025,Joel Embiid,PHI,C,2024-12-24,31,9.61,1.0,1,0,26.53,26.8,24.95,0.064,3,6,10,1,1,0.9,-0.594,962.7,35,0.644,97.83,0.021,1,41,1,1,1,0.7019
1025,Joel Embiid,PHI,C,2024-12-25,31,9.61,1.0,1,0,39.88,34.85,33.51,0.19,2,6,13,1,0,1.44,-0.568,1082.1,29,0.541,98.13,0.067,1,72,1,1,0,0.7101
1025,Joel Embiid,PHI,C,2024-12-30,33,10.89,3.0,1,0,39.39,34.39,37.94,0.038,2,6,12,1,1,2.02,-0.576,1207.3,33,0.868,98.21,0.022,3,82,1,1,1,0.85
1025,Joel Embiid,PHI,C,2024-12-31,31,9.61,1.0,1,0,42.0,38.46,36.5,0.151,4,6,14,6,2,0.6,0.151,1162.0,34,0.711,96.3,0.128,2,83,1,1,0,0.85
1025,Joel Embiid,PHI,C,2025-01-04,32,10.24,2.0,1,0,31.52,28.1,26.43,0.192,1,4,11,3,1,1.46,0.245,1153.9,39,0.546,96.33,0.077,3,26,1,1,1,0.85
1025,Joel Embiid,PHI,C,2025-01-04,32,10.24,2.0,1,0,35.13,36.11,36.19,-0.029,2,6,13,0,0,1.47,0.076,1342.3,40,0.785,97.17,0.0,1,88,1,1,1,0.5602
1025,Joel Embiid,PHI,C,2025-01-09,32,10.24,2.0,1,0,24.14,25.01,19.99,0.208,1,3,8,0,0,1.65,-0.089,908.4,39,0.608,97.03,0.008,1,31,1,1,1,0.606
1025,Joel Embiid,PHI,C,2025-01-11,31,9.61,1.0,1,0,29.52,29.47,33.9,-0.129,2,4,9,0,0,1.67,-0.372,1210.6,40,0.79,98.21,0.034,5,87,1,1,1,0.8059
1025,Joel Embiid,PHI,C,2025-01-12,32,10.24,2.0,1,0,25.79,28.97,26.17,-0.015,3,7,16,5,0,2.42,-1.049,1101.9,40,0.721,97.96,0.049,0,175,1,0,0,0.2825
1025,Joel Embiid,PHI,C,2025-01-12,31,9.61,1.0,1,0,23.08,22.85,23.16,-0.004,2,5,14,1,0,1.81,0.03,1021.1,43,0.698,97.7,0.0,4,53,1,1,1,0.7636
1025,Joel Embiid,PHI,C,2025-01-20,31,9.61,1.0,1,0,26.78,35.15,29.48,-0.092,1,4,10,2,1,1.81,-0.576,1297.5,43,0.817,98.07,0.092,2,38,1,1,1,0.7831
1025,Joel Embiid,PHI,C,2025-01-23,31,9.61,1.0,1,0,22.47,21.35,22.73,-0.011,2,4,10,2,1,1.93,0.119,1003.4,44,0.723,97.94,0.112,4,50,1,1,1,0.85
1025,Joel Embiid,PHI,C,2025-01-23,33,10.89,3.0,1,0,35.14,25.08,24.17,0.454,4,7,11,7,1,1.55,0.596,1249.5,49,0.793,98.9,0.186,2,61,1,1,1,0.85
1025,Joel Embiid,PHI,C,2025-01-24,33,10.89,3.0,1,0,35.94,33.16,29.2,0.231,2,5,14,3,1,1.94,0.796,1280.8,44,0.739,97.31,0.219,5,63,1,1,1,0.85
1025,Joel Embiid,PHI,C,2025-01-26,31,9.61,1.0,1,0,33.43,30.02,34.31,-0.026,3,6,14,4,0,1.73,0.074,1570.9,48,1.033,97.55,0.003,2,30,1,1,0,0.7992
1025,Joel Embiid,PHI,C,2025-01-26,31,9.61,1.0,1,0,42.0,38.1,34.35,0.223,4,6,12,2,1,2.16,0.184,1664.1,49,0.762,97.37,0.066,1,75,1,1,1,0.8273
1025,Joel Embiid,PHI,C,2025-01-26,33,10.89,3.0,1,0,35.57,33.61,35.21,0.01,1,4,9,1,1,1.51,0.787,1483.6,46,0.945,97.81,0.116,2,15,1,1,1,0.85
1025,Joel Embiid,PHI,C,2025-01-27,32,10.24,2.0,1,0,30.83,31.28,30.62,0.007,3,7,13,4,2,1.59,-0.372,1485.0,49,1.101,98.68,0.0,2,69,1,1,1,0.85
1025,Joel Embiid,PHI,C,2025-01-27,33,10.89,3.0,1,0,30.2,32.83,28.42,0.063,3,6,12,2,0,2.22,0.165,1417.7,49,0.708,96.02,0.135,2,51,1,1,0,0.7234
1025,Joel Embiid,PHI,C,2025-02-01,33,10.89,3.0,1,0,35.42,31.55,28.06,0.262,1,4,10,1,0,1.65,-0.547,1704.9,51,0.668,98.1,0.053,2,49,1,1,0,0.8048
1025,Joel Embiid,PHI,C,2025-02-02,33,10.89,3.0,1,0,35.68,33.07,28.51,0.252,4,7,16,5,1,1.28,0.479,1492.4,50,0.576,97.58,0.138,0,123,1,0,0,0.7959
1025,Joel Embiid,PHI,C,2025-02-03,33,10.89,3.0,1,0,29.49,30.58,30.07,-0.019,1,4,9,4,1,2.63,-0.617,1427.9,48,0.365,98.58,0.023,1,57,1,1,1,0.6794
1025,Joel Embiid,PHI,C,2025-02-16,33,10.89,3.0,1,0,30.36,30.15,28.74,0.056,1,3,10,3,0,2.18,0.22,1811.7,59,0.657,97.86,0.025,2,77,1,1,0,0.6978
1025,Joel Embiid,PHI,C,2025-02-17,33,10.89,3.0,1,0,34.64,34.7,34.4,0.007,1,4,8,1,0,1.74,-0.421,1969.6,55,0.617,97.38,0.106,0,371,1,0,0,0.2326
1025,Joel Embiid,PHI,C,2025-03-04,31,9.61,1.0,1,0,28.98,30.42,31.84,-0.09,1,5,9,3,0,1.66,-0.118,1969.5,64,0.629,97.3,0.078,2,23,1,1,1,0.7278
1025,Joel Embiid,PHI,C,2025-03-06,33,10.89,3.0,1,0,31.85,29.73,25.95,0.227,1,5,10,3,1,1.84,0.266,2004.3,64,0.569,97.25,0.074,1,67,1,1,1,0.8335
1025,Joel Embiid,PHI,C,2025-03-08,32,10.24,2.0,1,0,35.02,34.49,34.14,0.026,3,7,11,6,2,1.1,0.483,2263.4,68,0.599,98.22,0.047,0,196,1,0,1,0.6847
1025,Joel Embiid,PHI,C,2025-03-10,33,10.89,3.0,1,0,29.19,30.57,27.69,0.054,3,7,13,3,1,1.95,-0.474,2067.5,67,0.606,95.81,0.018,1,68,1,1,0,0.734
1025,Joel Embiid,PHI,C,2025-03-16,31,9.61,1.0,1,0,23.81,23.34,26.36,-0.097,2,5,13,2,1,1.89,-0.056,1656.1,72,0.594,97.72,0.028,2,72,1,1,0,0.7109
1025,Joel Embiid,PHI,C,2025-03-27,31,9.61,1.0,1,0,21.52,26.46,24.1,-0.107,3,7,11,3,0,2.01,-0.225,1791.1,72,1.06,96.45,0.063,1,72,1,1,1,0.5239
1008,Jrue Holiday,BOS,PG,2024-10-24,36,12.96,6.0,0,1,29.35,27.16,24.97,0.176,1,5,10,0,1,1.48,0.42,186.4,5,0.881,98.93,0.06,0,382,0,0,0,0.235
1008,Jrue Holiday,BOS,PG,2024-10-26,36,12.96,6.0,0,1,40.46,34.18,28.3,0.43,2,6,13,0,0,1.68,1.093,94.8,3,1.031,99.47,0.205,1,80,0,0,1,0.6762
1008,Jrue Holiday,BOS,PG,2024-10-29,35,12.25,5.0,0,1,41.42,34.67,34.8,0.19,3,7,11,5,0,2.1,0.417,241.1,7,0.72,99.84,0.072,0,312,0,0,0,0.2766
1008,Jrue Holiday,BOS,PG,2024-10-30,36,12.96,6.0,0,1,23.58,26.0,23.21,0.016,2,6,14,4,1,1.06,-0.956,213.9,10,0.608,98.41,0.0,0,394,0,0,0,0.1914
1008,Jrue Holiday,BOS,PG,2024-11-05,37,13.69,7.0,0,1,28.41,26.5,23.61,0.204,2,5,10,4,0,2.22,-0.326,216.5,9,0.804,99.73,0.0,0,126,0,0,0,0.2196
1008,Jrue Holiday,BOS,PG,2024-11-07,36,12.96,6.0,0,1,28.82,24.11,20.15,0.43,3,6,15,0,0,1.84,0.609,271.3,10,0.926,97.86,0.046,0,314,0,0,0,0.2544
1008,Jrue Holiday,BOS,PG,2024-11-08,35,12.25,5.0,0,1,26.07,28.75,25.86,0.008,1,3,10,3,0,1.47,-0.406,248.4,11,0.976,98.28,0.057,0,223,0,0,0,0.1146
1008,Jrue Holiday,BOS,PG,2024-11-10,35,12.25,5.0,0,1,12.3,14.47,12.51,-0.017,2,6,15,0,0,2.4,0.249,117.7,11,0.681,100.02,0.057,0,198,0,0,1,0.053
1008,Jrue Holiday,BOS,PG,2024-11-14,36,12.96,6.0,0,1,19.49,21.48,21.27,-0.084,1,5,13,3,2,1.89,-0.132,229.2,10,0.839,97.67,0.0,1,47,0,0,1,0.4833
1008,Jrue Holiday,BOS,PG,2024-11-14,36,12.96,6.0,0,1,23.22,22.65,21.0,0.106,2,6,11,3,0,1.25,-0.262,236.7,12,0.621,99.7,0.036,1,19,0,0,0,0.3504
1008,Jrue Holiday,BOS,PG,2024-11-17,37,13.69,7.0,0,1,21.99,24.38,22.46,-0.021,2,5,11,3,0,1.45,-0.473,298.5,15,1.068,99.11,0.0,0,145,0,0,0,0.1396
1008,Jrue Holiday,BOS,PG,2024-11-18,37,13.69,7.0,0,1,20.41,23.13,21.99,-0.072,1,5,11,3,0,1.46,0.698,387.2,16,1.058,98.67,0.093,0,192,0,0,0,0.1565
1008,Jrue Holiday,BOS,PG,2024-11-18,35,12.25,5.0,0,1,26.39,27.01,20.99,0.257,3,7,11,2,0,1.68,0.952,400.9,18,0.891,100.02,0.208,1,17,0,0,1,0.5819
1008,Jrue Holiday,BOS,PG,2024-11-25,36,12.96,6.0,0,1,21.08,23.82,24.17,-0.128,1,5,11,2,2,1.96,-0.302,286.8,17,1.044,98.98,0.02,0,385,0,0,1,0.2046
1008,Jrue Holiday,BOS,PG,2024-11-25,37,13.69,7.0,0,1,24.01,25.75,28.96,-0.171,1,5,14,5,1,2.14,0.336,467.4,16,0.901,99.69,0.006,0,330,0,0,0,0.2308
1008,Jrue Holiday,BOS,PG,2024-11-28,36,12.96,6.0,0,1,22.97,22.04,27.06,-0.151,1,4,13,3,0,2.08,-0.497,385.1,16,0.934,99.2,0.065,1,48,0,0,0,0.2657
1008,Jrue Holiday,BOS,PG,2024-11-30,35,12.25,5.0,0,1,34.02,34.12,26.69,0.275,2,6,10,4,2,2.03,-0.672,662.1,24,0.825,98.72,0.158,0,331,0,0,0,0.4651
1008,Jrue Holiday,BOS,PG,2024-12-01,36,12.96,6.0,0,1,36.24,37.41,36.2,0.001,2,4,8,4,1,2.2,-1.071,771.0,21,0.567,96.6,0.0,1,37,0,1,0,0.5875
1008,Jrue Holiday,BOS,PG,2024-12-06,37,13.69,7.0,0,1,31.97,35.91,31.35,0.02,1,3,10,2,0,2.11,-0.279,642.2,20,0.809,97.98,0.032,0,257,0,0,0,0.1067
1008,Jrue Holiday,BOS,PG,2024-12-07,37,13.69,7.0,0,1,24.18,23.03,22.95,0.054,2,4,13,1,2,1.67,0.434,537.4,23,0.788,99.47,0.027,0,153,0,0,0,0.3448
1008,Jrue Holiday,BOS,PG,2024-12-07,37,13.69,7.0,0,1,35.32,31.82,38.0,-0.07,1,3,10,2,0,1.82,0.185,926.3,26,0.979,99.01,0.045,0,200,0,0,0,0.1412
1008,Jrue Holiday,BOS,PG,2024-12-12,37,13.69,7.0,0,1,21.96,27.24,16.88,0.301,2,4,11,3,2,1.19,-0.244,459.2,23,0.803,98.48,0.129,0,258,0,0,0,0.4104
1008,Jrue Holiday,BOS,PG,2024-12-14,35,12.25,5.0,0,1,24.87,26.93,23.96,0.038,3,7,11,5,1,2.05,0.197,910.3,31,1.242,99.59,0.017,2,47,0,1,1,0.7003
1008,Jrue Holiday,BOS,PG,2024-12-15,36,12.96,6.0,0,1,15.11,12.72,10.55,0.433,1,3,11,2,0,2.21,-0.041,398.3,28,0.974,97.33,0.0,1,33,0,1,0,0.473
1008,Jrue Holiday,BOS,PG,2024-12-19,37,13.69,7.0,0,1,19.52,17.61,20.79,-0.061,1,3,10,2,1,1.12,0.279,669.9,33,0.795,99.04,0.013,0,165,0,0,0,0.1811
1008,Jrue Holiday,BOS,PG,2024-12-22,36,12.96,6.0,0,1,26.89,25.27,24.08,0.117,3,6,10,6,0,1.69,0.822,702.0,33,1.07,98.77,0.063,0,257,0,0,0,0.2676
1008,Jrue Holiday,BOS,PG,2024-12-23,36,12.96,6.0,0,1,33.48,29.9,32.33,0.035,2,5,11,2,1,1.03,-0.527,907.1,28,0.865,98.1,0.051,0,280,0,0,1,0.212
1008,Jrue Holiday,BOS,PG,2024-12-31,35,12.25,5.0,0,1,25.7,25.43,22.47,0.144,1,5,9,3,1,1.75,-0.103,904.8,37,0.85,98.26,0.0,1,49,0,0,1,0.4485
1008,Jrue Holiday,BOS,PG,2025-01-02,37,13.69,7.0,0,1,19.94,18.88,18.46,0.08,3,5,9,1,2,0.6,-0.097,735.0,37,0.661,99.6,0.0,0,256,0,0,1,0.2192
1008,Jrue Holiday,BOS,PG,2025-01-17,37,13.69,7.0,0,1,28.14,25.76,18.27,0.54,3,6,15,5,2,2.32,0.605,952.2,43,1.005,98.57,0.153,0,335,0,0,1,0.7031
1008,Jrue Holiday,BOS,PG,2025-01-18,37,13.69,7.0,0,1,25.58,27.39,22.94,0.115,1,5,13,4,1,1.17,0.329,1211.0,46,1.018,98.27,0.011,0,188,0,0,1,0.3049
1008,Jrue Holiday,BOS,PG,2025-01-19,35,12.25,5.0,0,1,38.06,34.78,29.81,0.277,3,5,13,1,2,0.6,0.056,1253.5,43,0.734,99.03,0.129,0,131,0,0,0,0.5528
1008,Jrue Holiday,BOS,PG,2025-01-24,36,12.96,6.0,0,1,24.38,23.87,23.92,0.019,3,5,13,0,0,1.97,-0.208,1196.3,48,0.767,98.95,0.066,1,11,0,0,0,0.2479
1008,Jrue Holiday,BOS,PG,2025-01-26,35,12.25,5.0,0,1,26.54,27.91,24.34,0.09,1,5,9,4,1,2.11,-0.104,1369.8,50,0.868,99.25,0.0,1,40,0,1,0,0.5702
1008,Jrue Holiday,BOS,PG,2025-01-30,37,13.69,7.0,0,1,16.56,22.52,16.39,0.01,1,3,11,1,0,1.98,0.307,935.7,49,1.006,98.51,0.071,0,250,0,0,0,0.0787
1008,Jrue Holiday,BOS,PG,2025-02-05,35,12.25,5.0,0,1,22.19,20.51,19.7,0.126,1,4,9,3,3,1.86,0.143,1058.1,48,1.02,99.49,0.055,1,88,0,0,0,0.6681
1008,Jrue Holiday,BOS,PG,2025-02-05,35,12.25,5.0,0,1,21.16,20.67,18.48,0.145,4,7,12,0,3,1.28,0.136,1011.2,51,0.769,99.24,0.07,1,73,0,0,1,0.6152
1008,Jrue Holiday,BOS,PG,2025-02-06,36,12.96,6.0,0,1,28.18,33.07,32.57,-0.135,2,4,9,3,0,1.97,-0.594,1557.9,49,0.956,98.63,0.039,0,381,0,0,1,0.1072
1008,Jrue Holiday,BOS,PG,2025-02-11,37,13.69,7.0,0,1,19.27,24.71,26.01,-0.259,1,4,12,1,0,1.65,-0.451,1233.5,54,1.113,97.96,0.012,0,195,0,0,0,0.0798
1008,Jrue Holiday,BOS,PG,2025-02-13,35,12.25,5.0,0,1,26.84,29.41,25.87,0.038,1,5,13,5,1,1.21,-0.756,1568.5,57,0.89,98.13,0.028,2,68,0,0,0,0.5786
1008,Jrue Holiday,BOS,PG,2025-02-24,36,12.96,6.0,0,1,21.31,22.83,26.13,-0.184,1,5,10,3,0,2.04,-0.108,1449.3,59,0.789,98.75,0.057,1,23,0,0,0,0.2611
1008,Jrue Holiday,BOS,PG,2025-03-01,36,12.96,6.0,0,1,28.97,28.65,31.24,-0.073,1,4,12,3,1,1.73,-0.842,1988.9,63,0.694,99.67,0.078,0,235,0,0,1,0.1859
1008,Jrue Holiday,BOS,PG,2025-03-09,37,13.69,7.0,0,1,33.11,32.95,28.79,0.15,2,6,12,5,1,2.8,-0.193,2290.0,69,0.938,98.62,0.07,0,384,0,0,0,0.2575
1008,Jrue Holiday,BOS,PG,2025-03-09,37,13.69,7.0,0,1,28.65,29.1,22.6,0.268,3,6,11,6,1,1.8,-0.473,1665.2,62,0.958,99.11,0.025,0,238,0,0,0,0.3629
1008,Jrue Holiday,BOS,PG,2025-03-09,35,12.25,5.0,0,1,17.54,18.94,17.27,0.015,3,6,13,0,1,2.6,0.764,1127.8,67,0.799,99.29,0.117,0,223,0,0,1,0.1195
1008,Jrue Holiday,BOS,PG,2025-03-11,37,13.69,7.0,0,1,31.43,33.04,34.61,-0.092,2,6,15,5,2,1.05,-0.175,2251.3,66,0.927,99.71,0.0,0,328,0,0,1,0.4213
1008,Jrue Holiday,BOS,PG,2025-03-14,36,12.96,6.0,0,1,35.29,36.0,34.26,0.03,3,5,12,0,0,1.3,0.114,2382.8,64,0.814,100.16,0.0,1,72,0,1,0,0.3917
1008,Jrue Holiday,BOS,PG,2025-03-15,37,13.69,7.0,0,1,20.94,19.88,21.2,-0.012,3,5,11,3,1,2.43,-0.676,1379.0,65,0.85,98.61,0.006,1,38,0,1,0,0.4515
1008,Jrue Holiday,BOS,PG,2025-03-23,35,12.25,5.0,0,1,39.47,35.21,30.07,0.312,3,6,14,0,2,1.41,0.122,2193.9,72,0.589,99.54,0.209,1,53,0,0,1,0.7639
1008,Jrue Holiday,BOS,PG,2025-03-25,35,12.25,5.0,0,1,24.61,19.7,24.13,0.02,2,5,11,4,2,0.84,0.843,1649.3,69,0.707,98.78,0.078,0,251,0,0,0,0.381
1008,Jrue Holiday,BOS,PG,2025-03-29,37,13.69,7.0,0,1,30.59,30.64,26.82,0.141,3,6,12,2,1,1.55,0.386,1829.9,72,0.98,99.05,0.173,0,173,0,0,0,0.3432
1008,Jrue Holiday,BOS,PG,2025-03-30,37,13.69,7.0,0,1,30.18,30.01,30.33,-0.005,1,3,12,3,1,0.6,0.547,2300.6,72,0.792,100.03,0.107,0,255,0,0,0,0.2761
1046,Karl-Anthony Towns,NYK,C,2024-10-26,31,9.61,1.0,1,0,27.72,26.1,28.43,-0.025,2,6,14,0,2,0.65,-0.436,155.0,6,0.754,96.85,0.1,0,373,0,0,0,0.317
1046,Karl-Anthony Towns,NYK,C,2024-10-27,30,9.0,0.0,1,0,30.66,27.02,29.06,0.055,3,7,15,5,2,1.48,0.075,264.9,8,0.899,98.33,0.048,1,57,0,0,1,0.775
1046,Karl-Anthony Towns,NYK,C,2024-10-31,31,9.61,1.0,1,0,36.0,30.75,29.9,0.204,4,7,11,6,2,1.53,0.043,99.7,5,0.679,96.45,0.117,1,15,0,1,0,0.85
1046,Karl-Anthony Towns,NYK,C,2024-11-10,30,9.0,0.0,1,0,33.17,34.56,36.54,-0.092,3,7,12,1,0,1.8,0.155,358.4,10,0.527,98.2,0.04,0,140,0,0,1,0.1732
1046,Karl-Anthony Towns,NYK,C,2024-11-11,30,9.0,0.0,1,0,24.47,24.79,27.31,-0.104,3,7,14,2,1,1.62,0.825,393.0,14,0.866,98.19,0.038,1,88,0,0,0,0.5261
1046,Karl-Anthony Towns,NYK,C,2024-11-16,30,9.0,0.0,1,0,33.69,36.11,31.87,0.057,3,6,10,5,1,1.37,0.847,371.9,12,0.71,96.64,0.058,0,370,0,0,0,0.446
1046,Karl-Anthony Towns,NYK,C,2024-11-16,30,9.0,0.0,1,0,32.68,30.99,30.15,0.084,1,5,10,5,3,0.85,1.036,329.1,12,0.728,98.12,0.089,0,167,0,0,1,0.772
1046,Karl-Anthony Towns,NYK,C,2024-11-18,30,9.0,0.0,1,0,32.81,35.04,32.51,0.009,3,7,13,7,0,1.13,-0.471,481.3,13,0.601,98.95,0.021,0,301,0,0,0,0.2519
1046,Karl-Anthony Towns,NYK,C,2024-11-26,29,8.41,0.0,1,0,39.46,37.6,32.3,0.222,3,6,12,5,1,1.69,-0.002,519.9,15,0.767,97.86,0.131,1,34,0,0,1,0.7693
1046,Karl-Anthony Towns,NYK,C,2024-12-02,31,9.61,1.0,1,0,30.89,32.7,28.96,0.067,3,7,16,0,1,1.55,0.585,685.6,20,0.882,97.21,0.077,0,209,0,0,0,0.3377
1046,Karl-Anthony Towns,NYK,C,2024-12-03,29,8.41,0.0,1,0,32.8,38.35,32.45,0.011,1,4,8,0,1,2.02,0.034,746.3,22,0.572,97.06,0.042,0,148,0,0,0,0.2168
1046,Karl-Anthony Towns,NYK,C,2024-12-05,31,9.61,1.0,1,0,34.31,35.77,33.15,0.035,3,6,13,5,0,0.76,0.125,929.5,26,0.535,97.85,0.03,2,59,0,0,1,0.6007
1046,Karl-Anthony Towns,NYK,C,2024-12-10,30,9.0,0.0,1,0,26.2,26.06,25.83,0.014,2,5,14,5,2,1.11,-0.264,665.6,24,0.587,95.7,0.022,0,350,0,0,1,0.4079
1046,Karl-Anthony Towns,NYK,C,2024-12-17,30,9.0,0.0,1,0,28.84,33.98,35.39,-0.185,1,4,8,2,0,1.09,-0.29,971.2,29,0.638,97.14,0.037,0,203,0,0,0,0.1341
1046,Karl-Anthony Towns,NYK,C,2024-12-18,29,8.41,0.0,1,0,28.85,30.22,27.18,0.061,3,5,11,1,1,1.89,0.143,757.9,30,0.694,97.64,0.046,0,185,0,0,0,0.2215
1046,Karl-Anthony Towns,NYK,C,2024-12-19,31,9.61,1.0,1,0,29.63,29.97,30.48,-0.028,2,4,10,3,1,2.37,0.107,868.8,28,0.546,97.15,0.016,1,16,0,0,1,0.4992
1046,Karl-Anthony Towns,NYK,C,2024-12-21,31,9.61,1.0,1,0,27.98,25.4,23.75,0.178,3,7,12,1,1,2.04,0.123,939.5,34,0.917,99.74,0.06,0,253,0,0,0,0.2631
1046,Karl-Anthony Towns,NYK,C,2024-12-22,30,9.0,0.0,1,0,24.44,29.06,24.7,-0.011,3,7,13,3,1,1.33,-0.089,789.4,32,0.919,98.4,0.011,0,355,0,0,0,0.2279
1046,Karl-Anthony Towns,NYK,C,2024-12-26,29,8.41,0.0,1,0,28.42,33.86,31.79,-0.106,1,4,12,1,0,2.24,-0.09,1034.0,35,0.653,98.13,0.062,1,40,0,1,0,0.3908
1046,Karl-Anthony Towns,NYK,C,2024-12-26,30,9.0,0.0,1,0,33.24,34.41,34.23,-0.029,1,4,13,0,1,1.69,0.88,995.8,31,0.525,97.18,0.047,0,317,0,0,0,0.2695
1046,Karl-Anthony Towns,NYK,C,2024-12-28,31,9.61,1.0,1,0,39.68,38.24,37.5,0.058,1,4,10,0,1,1.2,0.492,1405.0,35,0.754,97.13,0.072,1,59,0,0,1,0.6064
1046,Karl-Anthony Towns,NYK,C,2024-12-30,31,9.61,1.0,1,0,25.06,25.5,21.81,0.149,3,5,9,0,0,2.03,0.207,936.0,38,0.543,96.27,0.107,0,359,0,0,0,0.1303
1046,Karl-Anthony Towns,NYK,C,2024-12-31,30,9.0,0.0,1,0,19.59,19.08,21.89,-0.105,1,4,9,2,2,2.08,-0.356,804.9,38,0.694,96.83,0.018,0,380,0,0,0,0.2223
1046,Karl-Anthony Towns,NYK,C,2025-01-01,31,9.61,1.0,1,0,17.8,19.12,21.27,-0.163,1,3,8,2,0,2.2,0.134,765.9,39,0.857,97.81,0.0,0,282,0,0,0,0.0909
1046,Karl-Anthony Towns,NYK,C,2025-01-04,30,9.0,0.0,1,0,34.4,34.54,33.9,0.015,2,5,12,0,1,1.2,0.597,1378.7,39,0.86,97.81,0.072,0,178,0,0,0,0.305
1046,Karl-Anthony Towns,NYK,C,2025-01-05,30,9.0,0.0,1,0,42.0,38.14,33.85,0.241,4,7,13,6,0,1.57,0.167,1329.2,37,0.801,97.14,0.152,2,69,0,1,1,0.85
1046,Karl-Anthony Towns,NYK,C,2025-01-10,29,8.41,0.0,1,0,18.32,18.64,10.45,0.753,2,6,11,3,1,2.32,0.349,797.7,42,0.558,96.89,0.085,1,71,0,1,1,0.8184
1046,Karl-Anthony Towns,NYK,C,2025-01-11,30,9.0,0.0,1,0,27.27,26.03,26.73,0.02,1,3,8,2,0,1.93,-0.725,1153.5,41,0.813,95.68,0.022,2,57,0,0,0,0.3942
1046,Karl-Anthony Towns,NYK,C,2025-01-11,29,8.41,0.0,1,0,36.65,30.69,31.3,0.171,2,4,12,2,1,1.7,-0.079,1352.0,40,0.554,97.38,0.0,0,332,0,0,0,0.2984
1046,Karl-Anthony Towns,NYK,C,2025-01-12,29,8.41,0.0,1,0,37.58,32.16,35.9,0.047,2,5,14,4,1,1.51,0.57,1207.6,37,0.985,96.3,0.101,1,75,0,0,1,0.7199
1046,Karl-Anthony Towns,NYK,C,2025-01-14,30,9.0,0.0,1,0,34.53,37.46,36.47,-0.053,2,5,11,5,0,2.17,0.321,1375.0,38,0.793,98.62,0.084,1,38,0,0,0,0.4982
1046,Karl-Anthony Towns,NYK,C,2025-01-17,29,8.41,0.0,1,0,32.3,33.19,36.53,-0.116,1,3,10,2,1,1.23,-0.001,1474.1,42,0.773,96.86,0.0,0,166,0,0,0,0.2655
1046,Karl-Anthony Towns,NYK,C,2025-01-22,29,8.41,0.0,1,0,27.15,29.14,27.96,-0.029,1,3,12,0,1,1.59,-0.671,1166.9,41,0.633,97.18,0.011,1,26,0,0,0,0.4178
1046,Karl-Anthony Towns,NYK,C,2025-01-23,31,9.61,1.0,1,0,37.82,38.43,35.56,0.064,3,5,14,4,1,1.45,0.403,1644.2,43,1.069,99.12,0.075,1,48,0,0,1,0.7508
1046,Karl-Anthony Towns,NYK,C,2025-01-25,29,8.41,0.0,1,0,32.74,39.88,37.25,-0.121,1,4,12,4,1,1.72,0.498,1887.6,50,0.641,97.95,0.093,1,15,0,0,0,0.6654
1046,Karl-Anthony Towns,NYK,C,2025-01-26,30,9.0,0.0,1,0,23.15,30.12,24.85,-0.069,1,4,9,2,0,1.1,-0.521,1116.0,44,0.581,98.72,0.04,1,74,0,1,0,0.3804
1046,Karl-Anthony Towns,NYK,C,2025-01-31,30,9.0,0.0,1,0,33.25,30.62,27.02,0.231,2,6,11,4,1,0.94,0.9,1283.5,49,0.509,98.15,0.125,0,156,0,0,1,0.5691
1046,Karl-Anthony Towns,NYK,C,2025-02-04,31,9.61,1.0,1,0,29.74,28.18,27.39,0.086,1,3,9,3,1,2.17,-0.257,1537.4,53,0.812,97.59,0.0,0,165,0,0,0,0.2776
1046,Karl-Anthony Towns,NYK,C,2025-02-04,30,9.0,0.0,1,0,24.15,21.58,19.94,0.211,3,6,14,5,0,1.27,-0.184,1131.8,50,0.767,97.24,0.044,0,345,0,0,0,0.256
1046,Karl-Anthony Towns,NYK,C,2025-02-06,29,8.41,0.0,1,0,23.83,23.04,19.18,0.242,2,6,11,2,0,2.41,-0.485,969.2,50,0.779,98.26,0.121,0,303,0,0,0,0.1548
1046,Karl-Anthony Towns,NYK,C,2025-02-09,31,9.61,1.0,1,0,25.14,22.88,22.71,0.107,2,6,14,0,1,1.54,-0.092,1281.0,54,0.868,97.53,0.0,1,38,0,0,1,0.499
1046,Karl-Anthony Towns,NYK,C,2025-02-11,30,9.0,0.0,1,0,33.1,31.07,25.91,0.277,3,7,14,4,0,1.75,0.072,1529.8,50,0.603,97.46,0.04,0,211,0,0,0,0.296
1046,Karl-Anthony Towns,NYK,C,2025-02-18,29,8.41,0.0,1,0,39.92,33.52,30.36,0.315,3,7,11,0,0,1.84,0.438,1717.5,54,0.465,98.0,0.2,1,43,0,0,0,0.5889
1046,Karl-Anthony Towns,NYK,C,2025-02-21,30,9.0,0.0,1,0,32.62,33.35,31.01,0.052,3,6,11,0,1,1.88,-0.467,2012.8,60,0.996,97.31,0.018,1,65,0,0,0,0.4395
1046,Karl-Anthony Towns,NYK,C,2025-03-03,29,8.41,0.0,1,0,32.55,31.4,31.79,0.024,3,5,13,3,1,1.96,-0.306,1752.9,60,0.604,98.63,0.051,0,200,0,0,1,0.2475
1046,Karl-Anthony Towns,NYK,C,2025-03-04,30,9.0,0.0,1,0,34.35,34.61,34.16,0.006,3,5,9,2,0,1.91,-0.121,2048.4,65,1.041,97.43,0.026,0,222,0,0,0,0.1547
1046,Karl-Anthony Towns,NYK,C,2025-03-05,30,9.0,0.0,1,0,20.63,23.89,25.6,-0.194,3,5,11,3,0,1.91,-0.047,1389.2,63,0.453,96.91,0.106,0,205,0,0,0,0.1072
1046,Karl-Anthony Towns,NYK,C,2025-03-13,29,8.41,0.0,1,0,20.17,18.17,21.66,-0.069,1,5,14,4,1,1.73,-0.263,1387.5,71,0.681,97.11,0.0,0,235,0,0,1,0.2085
1046,Karl-Anthony Towns,NYK,C,2025-03-13,30,9.0,0.0,1,0,35.8,30.8,31.16,0.149,3,5,12,5,0,2.17,0.032,2278.2,70,0.579,97.14,0.0,1,38,0,0,0,0.5072
1046,Karl-Anthony Towns,NYK,C,2025-03-20,31,9.61,1.0,1,0,28.89,29.88,25.16,0.148,4,7,15,5,2,1.05,0.353,1866.2,71,0.735,97.4,0.12,0,215,0,0,1,0.6034
1046,Karl-Anthony Towns,NYK,C,2025-03-21,31,9.61,1.0,1,0,27.67,29.28,29.9,-0.074,1,4,9,0,2,1.16,-0.058,1928.3,69,0.597,97.04,0.0,1,60,0,0,1,0.5259
1046,Karl-Anthony Towns,NYK,C,2025-03-21,29,8.41,0.0,1,0,30.65,29.08,23.33,0.314,4,6,13,3,1,1.87,0.132,1754.4,72,0.79,97.6,0.101,1,67,0,1,0,0.7729
1029,Kawhi Leonard,LAC,SF,2024-10-25,35,12.25,5.0,0,0,27.53,28.24,29.28,-0.06,1,3,8,0,0,1.81,-0.788,170.8,5,0.478,99.63,0.039,0,200,1,0,0,0.1027
1029,Kawhi Leonard,LAC,SF,2024-10-29,35,12.25,5.0,0,0,35.05,28.22,37.03,-0.053,1,5,13,0,0,1.11,-0.077,192.2,5,0.861,98.43,0.01,3,83,1,1,0,0.6396
1029,Kawhi Leonard,LAC,SF,2024-10-29,35,12.25,5.0,0,0,30.34,30.28,27.71,0.095,2,4,9,0,0,1.89,-0.028,228.0,9,0.773,97.56,0.047,4,82,1,1,1,0.6962
1029,Kawhi Leonard,LAC,SF,2024-10-30,35,12.25,5.0,0,0,36.04,36.99,35.13,0.026,1,3,12,1,0,2.13,0.151,212.5,6,0.52,99.39,0.003,0,188,1,0,1,0.1514
1029,Kawhi Leonard,LAC,SF,2024-11-02,36,12.96,6.0,0,0,34.9,32.77,27.68,0.261,3,7,11,5,0,1.72,-0.079,254.4,8,0.749,97.99,0.137,3,39,1,1,1,0.85
1029,Kawhi Leonard,LAC,SF,2024-11-05,34,11.56,4.0,0,0,34.43,30.71,26.8,0.285,2,6,10,1,1,1.11,0.88,286.5,12,0.437,99.52,0.148,3,68,1,1,1,0.85
1029,Kawhi Leonard,LAC,SF,2024-11-08,35,12.25,5.0,0,0,30.64,33.41,29.57,0.036,3,5,9,5,0,2.6,-0.543,311.3,10,0.922,98.34,0.004,1,13,1,1,0,0.5816
1029,Kawhi Leonard,LAC,SF,2024-11-12,36,12.96,6.0,0,0,31.14,31.1,27.93,0.115,3,5,10,2,0,1.23,-0.132,345.4,13,0.646,97.37,0.044,4,61,1,1,1,0.7994
1029,Kawhi Leonard,LAC,SF,2024-11-15,34,11.56,4.0,0,0,28.86,28.63,28.13,0.026,3,6,11,2,0,1.47,1.281,342.3,12,0.476,98.59,0.085,0,285,1,0,0,0.2461
1029,Kawhi Leonard,LAC,SF,2024-11-19,34,11.56,4.0,0,0,23.15,26.86,31.34,-0.261,1,3,9,0,0,2.3,-0.979,520.3,19,0.593,99.55,0.007,6,28,1,1,1,0.7696
1029,Kawhi Leonard,LAC,SF,2024-11-21,34,11.56,4.0,0,0,26.7,28.12,26.77,-0.003,2,4,10,1,2,1.45,0.296,485.3,17,0.54,98.71,0.0,2,55,1,1,1,0.7739
1029,Kawhi Leonard,LAC,SF,2024-11-27,36,12.96,6.0,0,0,30.84,30.78,28.6,0.078,2,5,12,2,1,1.53,-0.345,525.9,16,0.632,100.38,0.021,1,56,1,1,1,0.6797
1029,Kawhi Leonard,LAC,SF,2024-11-30,36,12.96,6.0,0,0,27.9,31.63,28.57,-0.023,3,6,10,4,0,1.68,0.163,652.0,22,0.688,98.72,0.071,0,319,1,0,0,0.1935
1029,Kawhi Leonard,LAC,SF,2024-12-01,34,11.56,4.0,0,0,25.36,23.84,25.23,0.005,2,5,10,5,2,2.2,0.459,594.4,24,0.695,98.49,0.072,0,273,1,0,0,0.4017
1029,Kawhi Leonard,LAC,SF,2024-12-10,36,12.96,6.0,0,0,29.01,22.56,24.83,0.168,4,6,13,0,1,2.37,0.295,584.0,26,0.582,98.38,0.135,1,56,1,1,1,0.652
1029,Kawhi Leonard,LAC,SF,2024-12-12,35,12.25,5.0,0,0,27.42,27.77,31.18,-0.12,2,6,13,4,1,2.35,-0.149,838.7,28,0.449,98.77,0.005,4,41,1,1,1,0.8278
1029,Kawhi Leonard,LAC,SF,2024-12-17,34,11.56,4.0,0,0,28.31,30.11,33.02,-0.143,2,4,12,2,0,2.45,0.114,846.1,27,0.605,99.52,0.021,3,51,1,1,1,0.5915
1029,Kawhi Leonard,LAC,SF,2024-12-19,35,12.25,5.0,0,0,32.78,32.08,29.19,0.123,1,4,13,3,2,1.53,-0.513,1030.2,33,0.9,97.71,0.0,2,48,1,1,1,0.85
1029,Kawhi Leonard,LAC,SF,2025-01-01,35,12.25,5.0,0,0,24.65,22.37,22.95,0.074,1,3,10,2,0,2.08,0.658,803.0,36,0.806,97.75,0.074,1,20,1,1,1,0.5869
1029,Kawhi Leonard,LAC,SF,2025-01-01,34,11.56,4.0,0,0,34.6,35.95,35.75,-0.032,1,5,9,2,0,1.95,-0.059,1142.3,32,0.833,97.92,0.058,1,42,1,1,1,0.5137
1029,Kawhi Leonard,LAC,SF,2025-01-13,36,12.96,6.0,0,0,37.93,36.42,32.94,0.152,1,5,14,4,0,1.82,0.418,1392.8,41,0.487,98.99,0.033,0,279,1,0,1,0.3308
1029,Kawhi Leonard,LAC,SF,2025-01-14,36,12.96,6.0,0,0,33.02,30.4,30.97,0.066,2,6,10,3,2,0.95,0.66,1164.1,43,0.675,99.84,0.155,3,66,1,1,1,0.85
1029,Kawhi Leonard,LAC,SF,2025-01-15,36,12.96,6.0,0,0,24.16,23.65,21.87,0.105,1,4,9,0,0,1.61,0.167,907.9,41,0.69,98.71,0.0,4,34,1,1,0,0.7428
1029,Kawhi Leonard,LAC,SF,2025-01-21,34,11.56,4.0,0,0,20.64,23.75,22.28,-0.074,1,5,9,3,0,2.74,-0.81,1108.3,46,0.815,98.24,0.077,0,393,1,0,0,0.0945
1029,Kawhi Leonard,LAC,SF,2025-01-21,35,12.25,5.0,0,0,28.7,26.6,27.48,0.045,2,5,13,5,0,2.19,-0.092,1338.1,47,0.59,98.83,0.009,1,45,1,1,1,0.5513
1029,Kawhi Leonard,LAC,SF,2025-01-24,36,12.96,6.0,0,0,25.4,26.18,24.82,0.023,2,6,12,3,0,1.21,-0.585,1061.0,42,0.666,98.98,0.043,1,51,1,1,1,0.5137
1029,Kawhi Leonard,LAC,SF,2025-01-26,35,12.25,5.0,0,0,27.8,26.71,28.68,-0.031,3,7,15,6,0,1.19,0.709,1286.2,48,0.765,98.96,0.089,2,82,1,1,1,0.7718
1029,Kawhi Leonard,LAC,SF,2025-01-26,36,12.96,6.0,0,0,37.65,40.0,36.09,0.043,1,4,9,1,0,1.39,0.132,1865.7,49,0.371,98.53,0.05,0,153,1,0,0,0.23
1029,Kawhi Leonard,LAC,SF,2025-01-28,36,12.96,6.0,0,0,27.32,28.6,34.24,-0.202,1,4,11,1,0,2.59,-0.602,1353.9,49,0.672,97.36,0.074,2,21,1,1,1,0.5157
1029,Kawhi Leonard,LAC,SF,2025-01-28,36,12.96,6.0,0,0,36.01,31.8,27.68,0.301,2,6,15,0,3,1.44,0.338,1292.0,46,0.563,98.45,0.167,4,51,1,1,1,0.85
1029,Kawhi Leonard,LAC,SF,2025-01-28,34,11.56,4.0,0,0,20.85,19.4,20.67,0.009,1,3,9,2,1,2.05,-0.689,839.3,45,0.782,98.83,0.075,4,75,1,1,1,0.7528
1029,Kawhi Leonard,LAC,SF,2025-02-01,35,12.25,5.0,0,0,21.7,22.21,21.18,0.024,3,7,16,5,1,1.53,-0.489,1220.4,52,0.693,98.39,0.0,0,366,1,0,0,0.3039
1029,Kawhi Leonard,LAC,SF,2025-02-02,36,12.96,6.0,0,0,34.36,31.91,34.45,-0.003,2,4,9,2,0,2.28,-0.326,1729.3,53,0.751,97.82,0.005,2,23,1,1,1,0.6088
1029,Kawhi Leonard,LAC,SF,2025-02-04,34,11.56,4.0,0,0,24.64,27.56,22.52,0.094,1,5,9,5,1,2.1,0.128,1287.8,49,0.811,98.52,0.029,1,25,1,1,0,0.7122
1029,Kawhi Leonard,LAC,SF,2025-02-08,34,11.56,4.0,0,0,25.38,25.57,27.74,-0.085,3,5,14,2,1,2.24,-0.126,1277.5,49,0.748,98.98,0.014,1,75,1,1,0,0.5206
1029,Kawhi Leonard,LAC,SF,2025-02-11,35,12.25,5.0,0,0,38.5,38.39,38.0,0.013,2,5,13,2,0,1.19,-0.23,1926.1,51,0.87,97.64,0.055,2,26,1,1,1,0.7182
1029,Kawhi Leonard,LAC,SF,2025-02-19,35,12.25,5.0,0,0,26.06,28.19,23.13,0.127,1,4,11,1,2,1.55,-0.411,1551.5,57,0.595,99.13,0.053,1,80,1,1,0,0.7133
1029,Kawhi Leonard,LAC,SF,2025-02-22,35,12.25,5.0,0,0,28.25,25.86,30.82,-0.083,2,4,8,0,1,2.63,-0.278,1568.1,59,0.706,98.42,0.0,4,35,1,1,1,0.7449
1029,Kawhi Leonard,LAC,SF,2025-02-25,35,12.25,5.0,0,0,21.8,20.22,20.15,0.082,1,4,11,4,0,2.53,0.409,1336.9,64,0.511,97.72,0.127,3,81,1,1,1,0.6552
1029,Kawhi Leonard,LAC,SF,2025-02-26,36,12.96,6.0,0,0,30.81,29.42,23.37,0.318,2,6,11,1,1,1.61,0.102,1626.4,64,0.745,97.82,0.127,2,74,1,1,1,0.82
1029,Kawhi Leonard,LAC,SF,2025-02-27,36,12.96,6.0,0,0,24.88,22.85,23.24,0.07,2,5,14,3,0,2.27,1.092,1343.7,59,0.815,99.16,0.086,0,129,1,0,0,0.3412
1029,Kawhi Leonard,LAC,SF,2025-03-03,34,11.56,4.0,0,0,26.76,24.12,26.12,0.025,1,4,13,2,1,1.38,0.554,1754.9,63,0.707,98.7,0.035,0,389,1,0,0,0.2833
1029,Kawhi Leonard,LAC,SF,2025-03-04,35,12.25,5.0,0,0,29.63,24.48,23.45,0.264,4,7,14,7,3,0.69,0.741,1437.4,61,0.491,97.59,0.132,1,64,1,1,1,0.85
1029,Kawhi Leonard,LAC,SF,2025-03-05,36,12.96,6.0,0,0,26.28,27.13,26.44,-0.006,3,7,14,2,0,2.57,-0.607,1524.9,61,0.845,97.99,0.052,1,14,1,1,1,0.4901
1029,Kawhi Leonard,LAC,SF,2025-03-06,35,12.25,5.0,0,0,37.36,36.14,38.0,-0.017,3,5,9,4,1,2.38,0.166,2401.3,66,0.69,100.17,0.086,1,58,1,1,0,0.7061
1029,Kawhi Leonard,LAC,SF,2025-03-08,35,12.25,5.0,0,0,29.41,26.39,23.46,0.254,3,6,15,4,1,0.67,0.436,1622.4,67,0.738,98.52,0.135,1,78,1,1,1,0.837
1029,Kawhi Leonard,LAC,SF,2025-03-11,34,11.56,4.0,0,0,26.81,26.12,23.2,0.155,1,5,13,3,0,1.63,0.201,1769.1,68,0.658,98.68,0.049,2,72,1,1,1,0.6576
1029,Kawhi Leonard,LAC,SF,2025-03-13,35,12.25,5.0,0,0,30.69,29.65,31.88,-0.037,1,5,13,1,3,1.23,0.832,2193.6,71,0.671,98.47,0.135,1,18,1,1,1,0.85
1029,Kawhi Leonard,LAC,SF,2025-03-16,36,12.96,6.0,0,0,35.95,32.08,29.87,0.203,2,6,10,4,0,1.7,-0.014,2000.5,68,0.867,99.06,0.208,3,29,1,1,1,0.85
1029,Kawhi Leonard,LAC,SF,2025-03-19,34,11.56,4.0,0,0,28.95,23.53,20.92,0.384,3,6,10,2,0,2.34,-0.431,1594.1,72,0.791,99.43,0.119,2,72,1,1,1,0.6909
1029,Kawhi Leonard,LAC,SF,2025-03-20,34,11.56,4.0,0,0,26.67,28.77,27.57,-0.033,2,5,14,1,1,2.11,-0.505,1938.5,72,0.666,98.87,0.117,3,15,1,1,1,0.7726
1029,Kawhi Leonard,LAC,SF,2025-03-26,34,11.56,4.0,0,0,29.05,26.98,23.61,0.23,1,3,11,1,0,1.49,-0.2,1865.1,72,0.443,97.96,0.076,1,21,1,1,1,0.5936
1014,Kevin Durant,PHX,SF,2024-10-22,38,14.44,8.0,0,0,34.86,37.16,35.61,-0.021,2,4,13,0,0,0.6,0.022,183.6,7,0.577,99.74,0.036,0,143,0,0,0,0.1524
1014,Kevin Durant,PHX,SF,2024-10-27,36,12.96,6.0,0,0,35.03,37.0,34.35,0.02,3,5,10,1,2,0.64,0.601,252.4,7,0.789,98.81,0.068,1,69,0,0,0,0.6301
1014,Kevin Durant,PHX,SF,2024-10-27,36,12.96,6.0,0,0,25.6,24.14,30.37,-0.157,1,4,12,2,0,1.48,-0.451,54.2,4,0.65,99.91,0.0,0,236,0,0,1,0.0937
1014,Kevin Durant,PHX,SF,2024-10-31,36,12.96,6.0,0,0,22.63,23.52,23.15,-0.022,1,4,10,0,2,1.55,-0.444,110.0,6,0.622,98.24,0.072,0,321,0,0,0,0.1844
1014,Kevin Durant,PHX,SF,2024-11-03,37,13.69,7.0,0,0,33.65,32.27,33.41,0.007,2,6,14,4,1,0.97,-0.02,424.1,12,0.805,100.13,0.074,1,51,0,0,1,0.574
1014,Kevin Durant,PHX,SF,2024-11-05,38,14.44,8.0,0,0,21.98,28.22,30.28,-0.274,3,5,9,2,0,2.2,0.406,190.3,6,0.636,100.83,0.045,1,24,0,0,0,0.2944
1014,Kevin Durant,PHX,SF,2024-11-09,38,14.44,8.0,0,0,27.09,29.1,25.4,0.066,2,6,14,1,1,1.64,-0.539,509.4,15,0.878,98.91,0.015,1,16,0,0,0,0.4901
1014,Kevin Durant,PHX,SF,2024-11-10,37,13.69,7.0,0,0,39.77,39.89,36.1,0.102,3,7,14,7,0,1.87,0.702,283.1,8,0.996,99.72,0.167,0,363,0,0,0,0.418
1014,Kevin Durant,PHX,SF,2024-11-11,38,14.44,8.0,0,0,26.17,29.93,28.97,-0.097,2,5,11,5,0,1.62,0.05,282.2,10,0.919,99.69,0.004,1,79,0,1,0,0.4547
1014,Kevin Durant,PHX,SF,2024-11-14,37,13.69,7.0,0,0,21.23,24.04,19.25,0.103,2,5,13,0,0,2.43,0.421,230.6,10,0.685,98.83,0.067,0,362,0,0,0,0.0852
1014,Kevin Durant,PHX,SF,2024-11-14,37,13.69,7.0,0,0,20.61,21.19,18.43,0.118,3,7,12,3,0,0.93,-0.033,271.2,12,0.702,98.7,0.043,0,189,0,0,0,0.1262
1014,Kevin Durant,PHX,SF,2024-11-15,36,12.96,6.0,0,0,28.24,29.35,25.44,0.11,2,6,13,6,0,1.78,1.723,353.6,10,0.638,99.2,0.208,0,363,0,0,0,0.3878
1014,Kevin Durant,PHX,SF,2024-11-17,38,14.44,8.0,0,0,28.91,29.49,28.31,0.021,3,5,11,5,1,1.71,-0.509,453.1,15,0.913,98.97,0.042,1,77,0,1,0,0.615
1014,Kevin Durant,PHX,SF,2024-11-17,37,13.69,7.0,0,0,27.74,27.34,21.88,0.268,1,5,10,1,0,2.06,-0.226,471.1,14,0.812,99.75,0.009,1,17,0,0,1,0.3835
1014,Kevin Durant,PHX,SF,2024-11-20,36,12.96,6.0,0,0,25.69,29.84,26.93,-0.046,2,4,8,0,0,1.69,0.253,494.9,19,0.723,99.78,0.09,1,88,0,1,1,0.3037
1014,Kevin Durant,PHX,SF,2024-11-20,38,14.44,8.0,0,0,25.07,26.1,24.94,0.005,2,4,13,2,1,2.11,-0.172,386.2,14,0.691,99.2,0.059,0,182,0,0,0,0.1666
1014,Kevin Durant,PHX,SF,2024-11-21,37,13.69,7.0,0,0,41.78,38.22,33.61,0.243,2,6,15,1,0,1.73,0.963,432.7,14,0.869,98.68,0.174,0,194,0,0,0,0.3788
1014,Kevin Durant,PHX,SF,2024-11-25,37,13.69,7.0,0,0,20.34,19.39,19.25,0.056,2,4,9,1,0,2.11,0.066,479.3,22,0.786,99.38,0.0,0,218,0,0,0,0.0732
1014,Kevin Durant,PHX,SF,2024-11-28,36,12.96,6.0,0,0,32.47,35.4,31.9,0.018,1,4,13,2,0,2.28,0.416,633.9,19,0.544,98.58,0.133,1,42,0,0,0,0.3393
1014,Kevin Durant,PHX,SF,2024-11-28,36,12.96,6.0,0,0,30.51,28.59,28.16,0.083,2,5,11,3,1,1.7,0.652,621.8,21,0.725,99.96,0.055,0,135,0,0,0,0.3605
1014,Kevin Durant,PHX,SF,2024-11-29,38,14.44,8.0,0,0,39.81,38.93,36.11,0.103,2,4,8,1,0,1.55,-0.159,876.4,22,0.638,98.22,0.0,1,50,0,0,1,0.3822
1014,Kevin Durant,PHX,SF,2024-12-03,36,12.96,6.0,0,0,19.62,19.48,19.8,-0.009,2,6,13,6,0,1.35,-0.288,426.9,19,0.591,99.13,0.108,1,51,0,0,0,0.3425
1014,Kevin Durant,PHX,SF,2024-12-07,37,13.69,7.0,0,0,25.88,29.0,32.27,-0.198,2,6,12,4,0,2.48,-0.1,750.7,25,0.393,99.68,0.002,0,151,0,0,0,0.1094
1014,Kevin Durant,PHX,SF,2024-12-10,36,12.96,6.0,0,0,23.47,25.91,26.69,-0.121,3,6,13,2,1,1.82,-0.215,537.0,22,0.446,98.01,0.01,0,364,0,0,0,0.1282
1014,Kevin Durant,PHX,SF,2024-12-13,37,13.69,7.0,0,0,25.32,25.17,26.85,-0.057,2,6,10,1,0,1.14,-0.38,639.0,25,0.651,97.57,0.0,0,262,0,0,0,0.0844
1014,Kevin Durant,PHX,SF,2024-12-16,38,14.44,8.0,0,0,36.45,34.56,31.52,0.157,2,4,12,4,0,2.16,0.046,859.4,27,0.677,99.35,0.148,1,14,0,0,1,0.524
1014,Kevin Durant,PHX,SF,2024-12-18,37,13.69,7.0,0,0,33.76,35.68,36.33,-0.071,3,5,14,3,0,2.22,0.933,833.5,26,0.827,98.73,0.144,0,329,0,0,1,0.2132
1014,Kevin Durant,PHX,SF,2024-12-22,36,12.96,6.0,0,0,28.05,31.76,29.36,-0.045,3,7,12,7,1,1.46,0.061,857.0,29,0.617,100.32,0.007,1,23,0,0,1,0.5884
1014,Kevin Durant,PHX,SF,2024-12-25,38,14.44,8.0,0,0,26.65,24.76,24.44,0.09,3,7,13,3,1,1.32,0.476,902.1,33,0.911,99.04,0.0,1,47,0,1,0,0.6855
1014,Kevin Durant,PHX,SF,2024-12-25,38,14.44,8.0,0,0,22.26,20.72,21.54,0.034,2,6,10,5,0,2.15,-0.122,683.3,33,0.81,99.54,0.001,0,233,0,0,0,0.1171
1014,Kevin Durant,PHX,SF,2024-12-28,36,12.96,6.0,0,0,35.55,32.5,28.53,0.246,2,4,11,1,0,2.3,0.13,1055.1,36,0.302,97.9,0.058,1,81,0,0,0,0.3073
1014,Kevin Durant,PHX,SF,2024-12-28,38,14.44,8.0,0,0,21.19,24.14,17.9,0.184,1,5,12,0,0,1.8,0.049,653.8,32,0.645,99.18,0.044,0,342,0,0,0,0.0967
1014,Kevin Durant,PHX,SF,2024-12-30,36,12.96,6.0,0,0,29.33,29.32,29.28,0.002,3,7,12,5,0,1.11,0.179,950.2,31,0.333,100.34,0.0,1,75,0,1,1,0.4482
1014,Kevin Durant,PHX,SF,2024-12-31,38,14.44,8.0,0,0,26.13,25.78,28.33,-0.078,1,4,8,2,0,2.26,0.21,907.6,34,0.852,98.18,0.0,1,69,0,0,1,0.2382
1014,Kevin Durant,PHX,SF,2025-01-18,38,14.44,8.0,0,0,18.4,23.73,24.94,-0.262,1,3,10,2,0,2.17,0.764,889.8,46,0.874,98.82,0.103,2,67,0,0,0,0.3557
1014,Kevin Durant,PHX,SF,2025-01-20,37,13.69,7.0,0,0,21.89,24.69,23.27,-0.059,1,3,12,3,0,3.03,-0.675,957.9,46,0.834,98.22,0.051,1,34,0,0,0,0.2076
1014,Kevin Durant,PHX,SF,2025-01-26,38,14.44,8.0,0,0,39.1,34.34,30.92,0.265,2,6,11,3,1,1.81,0.339,1494.1,46,0.576,98.94,0.074,0,202,0,0,0,0.3909
1014,Kevin Durant,PHX,SF,2025-01-28,36,12.96,6.0,0,0,13.26,15.05,12.94,0.025,3,6,14,4,0,1.78,-0.672,789.5,46,0.692,99.66,0.059,0,237,0,0,0,0.0928
1014,Kevin Durant,PHX,SF,2025-01-30,38,14.44,8.0,0,0,27.68,24.37,22.51,0.23,2,4,12,4,3,1.27,0.877,1006.4,49,0.64,97.9,0.181,1,69,0,0,1,0.85
1014,Kevin Durant,PHX,SF,2025-01-31,36,12.96,6.0,0,0,29.19,32.56,28.72,0.016,3,6,14,5,1,1.62,-0.132,1444.3,50,0.844,100.11,0.003,0,391,0,0,0,0.2572
1014,Kevin Durant,PHX,SF,2025-02-01,37,13.69,7.0,0,0,25.91,28.54,28.42,-0.088,2,6,15,4,1,1.29,0.408,1370.5,48,0.756,98.61,0.057,0,257,0,0,0,0.2735
1014,Kevin Durant,PHX,SF,2025-02-05,38,14.44,8.0,0,0,28.76,25.74,28.09,0.024,3,5,13,5,1,1.2,0.304,1437.0,52,0.522,99.65,0.131,1,80,0,0,0,0.5594
1014,Kevin Durant,PHX,SF,2025-02-07,37,13.69,7.0,0,0,29.47,27.19,27.6,0.068,2,5,11,2,1,1.38,-0.861,1399.7,54,0.62,98.73,0.0,0,292,0,0,0,0.1893
1014,Kevin Durant,PHX,SF,2025-02-10,36,12.96,6.0,0,0,24.95,26.54,30.94,-0.194,2,5,11,3,0,2.65,0.022,1398.7,53,0.649,99.58,0.041,1,25,0,0,1,0.2396
1014,Kevin Durant,PHX,SF,2025-02-21,37,13.69,7.0,0,0,12.34,12.05,11.91,0.036,2,5,14,5,0,1.81,-0.454,826.9,62,0.465,98.93,0.018,0,171,0,0,0,0.1088
1014,Kevin Durant,PHX,SF,2025-02-24,36,12.96,6.0,0,0,40.66,39.1,38.0,0.07,4,6,15,0,1,1.83,0.622,2077.5,60,0.611,98.74,0.158,0,336,0,0,0,0.3038
1014,Kevin Durant,PHX,SF,2025-03-04,36,12.96,6.0,0,0,23.88,18.53,17.98,0.328,2,5,14,0,3,0.6,0.244,1249.0,64,0.792,100.77,0.071,2,51,0,0,1,0.8479
1014,Kevin Durant,PHX,SF,2025-03-08,37,13.69,7.0,0,0,33.96,32.33,32.09,0.058,3,7,15,5,0,1.91,-0.321,2289.8,67,0.599,98.11,0.021,1,47,0,1,0,0.566
1014,Kevin Durant,PHX,SF,2025-03-10,37,13.69,7.0,0,0,32.24,26.85,22.12,0.458,4,7,15,2,1,1.76,0.74,1605.7,65,0.672,98.27,0.219,0,317,0,0,1,0.5344
1014,Kevin Durant,PHX,SF,2025-03-11,38,14.44,8.0,0,0,29.58,31.09,27.85,0.062,4,7,12,0,1,1.15,0.886,1555.9,63,0.438,99.74,0.209,3,14,1,0,1,0.8334
1014,Kevin Durant,PHX,SF,2025-03-16,36,12.96,6.0,0,0,40.53,33.21,33.16,0.222,2,5,10,3,1,1.49,-0.309,2163.5,68,0.613,99.07,0.077,0,301,0,0,0,0.3458
1014,Kevin Durant,PHX,SF,2025-03-23,36,12.96,6.0,0,0,33.45,33.68,35.06,-0.046,2,4,12,4,1,0.7,-0.646,2348.8,72,0.852,98.66,0.0,0,157,0,0,1,0.2753
1009,Kristaps Porzingis,BOS,C,2024-10-23,30,9.0,0.0,1,0,28.5,25.95,33.45,-0.148,3,5,10,3,1,1.75,0.267,222.1,7,0.822,99.48,0.041,0,166,0,0,1,0.2914
1009,Kristaps Porzingis,BOS,C,2024-10-27,30,9.0,0.0,1,0,42.0,40.0,36.79,0.142,2,4,12,3,1,1.74,-0.049,261.0,8,0.879,98.4,0.097,1,41,0,1,1,0.7901
1009,Kristaps Porzingis,BOS,C,2024-10-28,30,9.0,0.0,1,0,24.51,26.09,26.23,-0.065,1,5,14,1,0,1.42,0.26,215.4,7,0.759,99.17,0.089,1,73,0,0,0,0.3329
1009,Kristaps Porzingis,BOS,C,2024-10-28,29,8.41,0.0,1,0,30.06,30.28,30.28,-0.007,1,3,9,0,0,2.25,0.14,69.5,2,0.797,99.94,0.052,2,66,0,0,0,0.3457
1009,Kristaps Porzingis,BOS,C,2024-11-06,30,9.0,0.0,1,0,26.64,28.22,29.49,-0.096,3,5,12,1,1,2.38,-0.107,212.8,8,0.585,98.03,0.113,0,224,0,0,1,0.1519
1009,Kristaps Porzingis,BOS,C,2024-11-06,29,8.41,0.0,1,0,33.62,33.49,33.39,0.007,2,5,12,4,0,1.58,0.286,469.3,13,0.796,99.67,0.024,1,80,0,1,1,0.5645
1009,Kristaps Porzingis,BOS,C,2024-11-08,31,9.61,1.0,1,0,28.35,26.51,29.92,-0.052,1,4,12,4,1,1.59,-0.393,337.1,9,0.731,99.99,0.061,0,175,0,0,1,0.3018
1009,Kristaps Porzingis,BOS,C,2024-11-12,30,9.0,0.0,1,0,38.34,36.1,32.45,0.181,3,5,11,3,0,2.15,-0.229,243.7,9,0.812,97.88,0.083,0,324,0,0,0,0.2342
1009,Kristaps Porzingis,BOS,C,2024-11-16,29,8.41,0.0,1,0,28.17,28.89,30.84,-0.087,1,4,8,1,0,1.57,-0.069,517.9,17,1.006,97.59,0.011,0,139,0,0,0,0.1664
1009,Kristaps Porzingis,BOS,C,2024-11-16,31,9.61,1.0,1,0,30.49,31.31,30.77,-0.009,3,6,11,2,1,1.31,0.083,328.0,13,0.628,97.26,0.0,1,41,0,0,0,0.5098
1009,Kristaps Porzingis,BOS,C,2024-11-16,31,9.61,1.0,1,0,24.73,24.74,26.25,-0.058,3,5,12,4,0,2.39,-0.071,290.5,14,0.983,98.94,0.006,0,383,0,0,0,0.1274
1009,Kristaps Porzingis,BOS,C,2024-11-18,31,9.61,1.0,1,0,38.39,35.91,38.0,0.01,2,5,10,2,1,1.9,0.818,527.9,14,0.789,97.87,0.0,0,236,0,0,1,0.3419
1009,Kristaps Porzingis,BOS,C,2024-11-22,30,9.0,0.0,1,0,35.82,37.07,32.85,0.091,1,5,9,2,3,1.4,0.088,542.5,17,0.501,99.22,0.019,0,326,0,0,0,0.5452
1009,Kristaps Porzingis,BOS,C,2024-11-25,31,9.61,1.0,1,0,32.54,30.0,29.14,0.117,1,3,12,0,0,1.79,-0.267,763.9,22,0.446,99.27,0.0,1,10,0,1,1,0.5102
1009,Kristaps Porzingis,BOS,C,2024-11-26,31,9.61,1.0,1,0,32.9,30.63,27.86,0.181,3,7,14,1,0,2.19,-0.191,503.0,19,0.664,98.62,0.058,0,173,0,0,1,0.2037
1009,Kristaps Porzingis,BOS,C,2024-11-29,31,9.61,1.0,1,0,30.95,28.57,30.51,0.014,2,6,14,6,0,2.02,0.091,725.2,23,0.845,98.97,0.048,0,269,0,0,1,0.2374
1009,Kristaps Porzingis,BOS,C,2024-12-01,31,9.61,1.0,1,0,31.79,27.73,23.91,0.329,2,6,10,5,3,1.25,0.165,578.4,21,0.93,99.15,0.084,0,224,0,0,1,0.764
1009,Kristaps Porzingis,BOS,C,2024-12-01,30,9.0,0.0,1,0,28.22,27.24,27.91,0.011,2,5,10,4,0,1.69,-0.433,636.3,19,0.657,99.29,0.0,1,60,0,0,0,0.3641
1009,Kristaps Porzingis,BOS,C,2024-12-03,30,9.0,0.0,1,0,36.05,33.78,33.95,0.062,2,5,13,0,1,1.24,-0.408,885.8,23,0.704,98.65,0.065,0,349,0,0,0,0.2517
1009,Kristaps Porzingis,BOS,C,2024-12-06,29,8.41,0.0,1,0,33.26,29.03,24.5,0.357,3,5,12,4,0,1.71,0.704,577.9,22,0.696,98.37,0.236,1,42,0,0,0,0.7316
1009,Kristaps Porzingis,BOS,C,2024-12-10,30,9.0,0.0,1,0,30.83,31.18,27.61,0.116,2,6,12,3,0,1.59,-0.362,859.8,29,0.872,99.1,0.0,0,254,0,0,0,0.191
1009,Kristaps Porzingis,BOS,C,2024-12-11,30,9.0,0.0,1,0,37.1,37.33,38.0,-0.024,1,4,12,3,3,1.74,-0.164,981.9,27,0.815,98.54,0.0,0,386,0,0,1,0.5263
1009,Kristaps Porzingis,BOS,C,2024-12-12,29,8.41,0.0,1,0,32.46,34.9,31.96,0.016,1,3,8,2,0,1.68,0.611,901.9,27,0.674,99.36,0.028,0,336,0,0,0,0.1893
1009,Kristaps Porzingis,BOS,C,2024-12-13,31,9.61,1.0,1,0,27.96,32.23,32.29,-0.134,3,7,13,6,0,1.76,0.42,718.8,23,0.674,99.23,0.086,1,23,0,1,0,0.679
1009,Kristaps Porzingis,BOS,C,2024-12-14,29,8.41,0.0,1,0,33.54,35.24,31.5,0.065,2,4,13,0,1,1.43,0.153,757.3,25,0.765,98.9,0.0,0,151,0,0,0,0.2949
1009,Kristaps Porzingis,BOS,C,2024-12-14,29,8.41,0.0,1,0,32.44,34.68,31.53,0.029,2,5,14,3,1,0.99,-0.671,987.2,30,0.473,98.2,0.052,0,143,0,0,0,0.3492
1009,Kristaps Porzingis,BOS,C,2024-12-24,30,9.0,0.0,1,0,24.03,25.3,26.64,-0.098,3,6,12,4,1,1.39,-0.709,663.9,29,0.867,98.83,0.093,1,22,0,0,0,0.5647
1009,Kristaps Porzingis,BOS,C,2024-12-30,31,9.61,1.0,1,0,35.83,33.31,31.88,0.124,1,3,8,1,0,2.16,-0.283,1287.2,37,0.699,99.89,0.001,0,172,0,0,1,0.1811
1009,Kristaps Porzingis,BOS,C,2025-01-02,31,9.61,1.0,1,0,27.43,22.09,23.78,0.153,2,4,9,2,1,2.34,-0.69,942.1,36,0.568,99.56,0.0,2,31,0,0,1,0.5932
1009,Kristaps Porzingis,BOS,C,2025-01-08,29,8.41,0.0,1,0,37.29,36.91,38.0,-0.019,3,5,12,0,0,1.77,-0.312,1492.8,39,0.759,99.49,0.016,1,15,0,1,0,0.5025
1009,Kristaps Porzingis,BOS,C,2025-01-08,31,9.61,1.0,1,0,28.67,30.4,29.63,-0.032,1,5,10,2,0,2.18,0.313,1031.2,37,0.555,98.49,0.013,0,316,0,0,0,0.1265
1009,Kristaps Porzingis,BOS,C,2025-01-09,30,9.0,0.0,1,0,26.5,25.91,27.06,-0.021,2,4,13,2,1,2.1,0.525,1073.1,41,0.456,98.5,0.065,0,262,0,0,0,0.2173
1009,Kristaps Porzingis,BOS,C,2025-01-12,30,9.0,0.0,1,0,25.03,26.31,28.3,-0.116,3,7,11,6,1,2.11,0.489,1063.8,38,0.595,99.48,0.062,1,76,0,1,1,0.6655
1009,Kristaps Porzingis,BOS,C,2025-01-12,31,9.61,1.0,1,0,38.21,35.45,29.19,0.309,3,7,13,0,0,1.74,0.428,1366.6,44,0.522,100.1,0.232,0,265,0,0,0,0.328
1009,Kristaps Porzingis,BOS,C,2025-01-15,31,9.61,1.0,1,0,25.46,28.31,24.42,0.043,2,5,13,0,1,1.96,0.005,1180.5,43,0.714,98.62,0.0,1,72,0,0,0,0.3668
1009,Kristaps Porzingis,BOS,C,2025-01-17,30,9.0,0.0,1,0,34.06,33.12,28.29,0.204,2,6,12,1,1,1.6,1.365,1230.9,43,0.748,99.58,0.26,0,244,0,0,1,0.5231
1009,Kristaps Porzingis,BOS,C,2025-01-21,29,8.41,0.0,1,0,16.34,15.71,16.68,-0.021,2,5,13,5,3,1.25,0.847,794.8,43,0.541,99.95,0.125,2,43,0,0,1,0.85
1009,Kristaps Porzingis,BOS,C,2025-01-22,31,9.61,1.0,1,0,35.16,31.93,33.67,0.044,1,3,8,2,0,2.8,0.197,1623.6,45,0.612,96.9,0.0,1,71,0,1,0,0.4253
1009,Kristaps Porzingis,BOS,C,2025-01-24,30,9.0,0.0,1,0,32.22,33.99,38.0,-0.152,3,5,9,5,0,1.59,-0.418,1648.4,46,0.543,99.6,0.046,0,351,0,0,1,0.1945
1009,Kristaps Porzingis,BOS,C,2025-01-24,30,9.0,0.0,1,0,29.84,30.44,31.51,-0.053,2,5,10,3,0,2.3,-1.22,1516.7,46,0.758,99.33,0.043,0,130,0,0,0,0.178
1009,Kristaps Porzingis,BOS,C,2025-01-25,30,9.0,0.0,1,0,29.08,25.2,26.98,0.078,1,3,11,3,0,2.1,-1.095,1409.6,46,0.943,100.09,0.011,0,377,0,0,1,0.1589
1009,Kristaps Porzingis,BOS,C,2025-01-26,31,9.61,1.0,1,0,30.14,25.73,30.7,-0.018,2,6,15,5,0,2.12,0.313,1296.3,48,0.375,99.27,0.036,2,17,0,1,1,0.7151
1009,Kristaps Porzingis,BOS,C,2025-01-27,31,9.61,1.0,1,0,24.13,26.05,27.43,-0.12,2,6,11,3,0,1.43,0.598,1317.0,48,0.602,99.25,0.151,1,73,0,1,0,0.5388
1009,Kristaps Porzingis,BOS,C,2025-02-02,30,9.0,0.0,1,0,33.79,28.61,30.1,0.122,4,7,14,7,0,1.5,0.441,1401.6,52,0.616,97.6,0.131,0,292,0,0,0,0.3952
1009,Kristaps Porzingis,BOS,C,2025-02-04,29,8.41,0.0,1,0,32.33,30.56,29.37,0.101,2,6,12,3,1,2.73,-0.044,1555.2,49,0.725,98.91,0.0,0,243,0,0,0,0.2156
1009,Kristaps Porzingis,BOS,C,2025-02-11,30,9.0,0.0,1,0,34.55,35.0,35.43,-0.025,3,6,11,1,1,1.96,1.124,1935.4,55,0.586,98.61,0.067,1,32,0,1,1,0.7282
1009,Kristaps Porzingis,BOS,C,2025-02-25,31,9.61,1.0,1,0,32.35,32.63,37.58,-0.139,1,5,13,2,0,1.61,-0.205,2137.0,64,0.728,99.87,0.071,0,310,0,0,0,0.1708
1009,Kristaps Porzingis,BOS,C,2025-02-25,30,9.0,0.0,1,0,33.79,32.13,25.93,0.303,3,5,10,1,1,1.63,0.853,1914.8,64,0.656,99.14,0.273,1,43,0,1,1,0.8491
1009,Kristaps Porzingis,BOS,C,2025-02-27,30,9.0,0.0,1,0,27.6,22.7,23.1,0.195,3,5,14,4,0,2.22,-0.088,1423.1,60,0.591,97.76,0.049,1,62,0,0,1,0.439
1009,Kristaps Porzingis,BOS,C,2025-03-01,29,8.41,0.0,1,0,26.38,23.68,20.78,0.27,2,6,12,4,2,1.66,0.74,1351.5,65,0.625,98.61,0.199,0,281,0,0,0,0.6053
1009,Kristaps Porzingis,BOS,C,2025-03-02,31,9.61,1.0,1,0,39.2,36.03,33.98,0.153,1,5,10,0,1,1.49,0.078,2245.6,61,0.7,98.4,0.017,0,138,0,0,0,0.3797
1009,Kristaps Porzingis,BOS,C,2025-03-27,31,9.61,1.0,1,0,33.4,34.11,30.91,0.08,2,4,13,3,0,1.31,-0.348,2214.3,72,0.586,98.74,0.024,1,51,0,0,0,0.4603
1024,Kyrie Irving,DAL,SG,2024-10-29,34,11.56,4.0,0,1,38.43,37.56,38.0,0.011,3,6,12,4,0,1.82,-0.425,367.6,10,0.803,100.24,0.036,0,295,0,0,0,0.1544
1024,Kyrie Irving,DAL,SG,2024-11-07,33,10.89,3.0,0,1,30.87,30.55,28.34,0.089,2,6,13,6,1,1.5,0.106,402.3,14,0.92,99.35,0.0,0,302,0,0,0,0.2946
1024,Kyrie Irving,DAL,SG,2024-11-07,34,11.56,4.0,0,1,27.14,27.17,25.76,0.054,2,4,9,0,1,1.31,0.406,253.5,9,1.168,99.35,0.052,0,328,0,0,1,0.1809
1024,Kyrie Irving,DAL,SG,2024-11-08,34,11.56,4.0,0,1,42.0,40.0,35.53,0.182,3,6,14,5,3,1.52,1.447,383.9,13,0.947,99.06,0.309,1,32,0,0,1,0.85
1024,Kyrie Irving,DAL,SG,2024-11-16,32,10.24,2.0,0,1,33.05,33.23,32.24,0.025,1,3,9,2,0,2.55,0.597,568.7,16,0.576,98.74,0.055,0,357,0,0,0,0.0983
1024,Kyrie Irving,DAL,SG,2024-11-19,33,10.89,3.0,0,1,35.86,33.1,31.86,0.126,4,7,15,2,2,1.62,0.107,658.3,19,0.562,99.72,0.08,0,233,0,0,0,0.379
1024,Kyrie Irving,DAL,SG,2024-11-20,33,10.89,3.0,0,1,24.89,27.3,24.17,0.03,1,5,12,0,1,1.87,0.659,405.5,15,0.958,98.58,0.034,0,163,0,0,0,0.1727
1024,Kyrie Irving,DAL,SG,2024-11-25,34,11.56,4.0,0,1,16.81,17.11,21.9,-0.232,1,3,8,2,1,1.52,0.003,321.5,19,1.01,98.59,0.021,0,208,0,0,0,0.1178
1024,Kyrie Irving,DAL,SG,2024-12-07,34,11.56,4.0,0,1,22.62,19.65,26.23,-0.138,1,3,9,1,0,2.04,-0.22,546.9,22,0.993,99.87,0.057,1,76,0,1,0,0.2626
1024,Kyrie Irving,DAL,SG,2024-12-12,32,10.24,2.0,0,1,30.25,33.3,27.85,0.086,2,5,14,1,0,1.72,-0.83,850.3,27,0.951,99.34,0.0,2,51,0,1,1,0.4816
1024,Kyrie Irving,DAL,SG,2024-12-12,33,10.89,3.0,0,1,35.85,34.75,38.0,-0.057,3,5,9,5,3,1.17,0.537,949.6,24,0.84,99.77,0.049,1,11,0,0,1,0.8468
1024,Kyrie Irving,DAL,SG,2024-12-14,34,11.56,4.0,0,1,32.81,36.85,32.99,-0.005,3,6,10,2,2,0.6,0.151,888.3,26,0.85,100.25,0.0,1,59,0,0,1,0.5658
1024,Kyrie Irving,DAL,SG,2024-12-18,33,10.89,3.0,0,1,26.99,24.0,24.18,0.116,2,5,13,0,0,2.01,0.318,704.2,29,0.634,99.02,0.166,1,12,0,0,0,0.3156
1024,Kyrie Irving,DAL,SG,2024-12-21,34,11.56,4.0,0,1,22.63,22.95,28.22,-0.198,3,5,11,1,3,0.95,-1.001,592.9,28,0.985,99.47,0.025,0,251,0,0,0,0.3046
1024,Kyrie Irving,DAL,SG,2024-12-22,34,11.56,4.0,0,1,20.94,21.12,24.93,-0.16,2,6,10,1,1,1.43,-0.923,601.3,28,0.658,99.91,0.062,0,388,0,0,0,0.1172
1024,Kyrie Irving,DAL,SG,2024-12-23,32,10.24,2.0,0,1,26.13,25.61,26.7,-0.021,2,5,13,1,1,1.92,-0.384,697.4,29,0.962,99.56,0.015,1,15,0,1,1,0.4737
1024,Kyrie Irving,DAL,SG,2024-12-25,34,11.56,4.0,0,1,30.43,27.54,25.37,0.199,3,6,11,0,1,1.42,0.095,870.9,31,0.924,100.09,0.068,0,130,0,0,0,0.287
1024,Kyrie Irving,DAL,SG,2025-01-04,34,11.56,4.0,0,1,34.61,33.43,37.07,-0.066,1,3,11,0,0,2.21,-0.854,1161.8,37,0.888,99.78,0.118,0,276,0,0,0,0.0869
1024,Kyrie Irving,DAL,SG,2025-01-09,33,10.89,3.0,0,1,27.07,27.01,28.0,-0.033,3,6,15,6,0,1.45,0.173,990.6,35,0.823,100.13,0.079,0,372,0,0,0,0.1854
1024,Kyrie Irving,DAL,SG,2025-01-10,34,11.56,4.0,0,1,28.38,25.85,26.04,0.09,3,5,12,0,0,2.33,-1.029,988.5,38,1.112,100.11,0.0,0,219,0,0,0,0.0785
1024,Kyrie Irving,DAL,SG,2025-01-12,33,10.89,3.0,0,1,24.54,19.03,24.21,0.014,1,5,9,1,1,1.69,0.263,837.5,38,0.86,100.99,0.0,0,223,0,0,0,0.1393
1024,Kyrie Irving,DAL,SG,2025-01-13,34,11.56,4.0,0,1,24.94,24.35,23.8,0.048,2,5,10,5,0,2.02,-0.331,1080.7,42,0.936,99.66,0.002,0,153,0,0,0,0.146
1024,Kyrie Irving,DAL,SG,2025-01-16,32,10.24,2.0,0,1,26.98,26.92,26.58,0.015,3,6,13,2,0,1.51,0.686,1254.1,45,0.575,100.39,0.128,0,163,0,0,0,0.1603
1024,Kyrie Irving,DAL,SG,2025-01-21,34,11.56,4.0,0,1,20.27,21.1,17.41,0.164,3,6,15,1,1,1.95,0.676,820.4,45,0.712,98.95,0.163,0,304,0,0,0,0.2232
1024,Kyrie Irving,DAL,SG,2025-01-22,32,10.24,2.0,0,1,26.69,26.59,28.05,-0.049,2,6,12,1,0,0.77,-0.303,1131.4,43,0.777,99.86,0.01,0,154,0,0,1,0.0949
1024,Kyrie Irving,DAL,SG,2025-01-22,32,10.24,2.0,0,1,31.78,27.66,30.29,0.049,1,3,8,1,1,1.65,-0.018,1422.4,46,0.661,99.91,0.0,1,51,0,0,1,0.3565
1024,Kyrie Irving,DAL,SG,2025-01-24,34,11.56,4.0,0,1,26.71,28.51,24.92,0.072,3,5,11,1,0,2.24,0.213,1161.6,43,0.88,98.55,0.0,0,341,0,0,0,0.0825
1024,Kyrie Irving,DAL,SG,2025-01-24,32,10.24,2.0,0,1,24.88,24.85,25.62,-0.029,1,3,10,1,2,1.39,-0.329,1275.6,46,0.798,99.22,0.121,1,48,0,0,0,0.4631
1024,Kyrie Irving,DAL,SG,2025-01-29,33,10.89,3.0,0,1,37.14,33.35,37.62,-0.013,3,6,10,4,0,1.59,0.108,1644.2,46,0.75,100.22,0.075,1,14,0,0,0,0.4358
1024,Kyrie Irving,DAL,SG,2025-01-30,32,10.24,2.0,0,1,34.99,32.28,37.49,-0.067,1,4,8,1,0,2.02,0.089,1554.0,45,0.942,98.37,0.051,2,87,0,0,0,0.2844
1024,Kyrie Irving,DAL,SG,2025-02-01,32,10.24,2.0,0,1,25.29,25.71,25.81,-0.02,2,6,15,0,0,2.56,-0.597,1319.1,52,1.016,99.79,0.047,0,312,0,0,0,0.0616
1024,Kyrie Irving,DAL,SG,2025-02-04,33,10.89,3.0,0,1,24.84,28.69,27.11,-0.084,1,5,12,0,2,1.75,-0.061,1379.3,51,0.88,99.29,0.04,0,395,0,0,0,0.1714
1024,Kyrie Irving,DAL,SG,2025-02-07,34,11.56,4.0,0,1,30.33,25.31,31.83,-0.047,1,3,10,1,0,1.18,-0.671,1390.5,49,0.855,99.3,0.065,0,242,0,0,1,0.097
1024,Kyrie Irving,DAL,SG,2025-02-11,33,10.89,3.0,0,1,20.41,21.14,20.06,0.017,1,5,14,5,1,2.28,-0.671,1121.6,51,0.862,99.62,0.061,1,35,0,0,1,0.4099
1024,Kyrie Irving,DAL,SG,2025-02-13,32,10.24,2.0,0,1,30.17,31.72,30.19,-0.001,3,7,11,5,0,1.8,0.185,1634.2,54,0.781,99.68,0.03,1,26,0,1,1,0.4831
1024,Kyrie Irving,DAL,SG,2025-02-17,32,10.24,2.0,0,1,36.26,33.07,27.53,0.317,2,4,12,1,0,2.58,1.221,1601.0,55,0.738,98.69,0.178,1,76,0,0,1,0.4745
1024,Kyrie Irving,DAL,SG,2025-02-18,34,11.56,4.0,0,1,38.8,36.75,30.29,0.281,4,6,13,0,3,0.99,-0.394,1780.5,59,0.882,99.62,0.044,1,63,0,0,1,0.7898
1024,Kyrie Irving,DAL,SG,2025-02-22,32,10.24,2.0,0,1,30.29,30.56,29.24,0.036,1,4,9,1,2,0.6,0.492,1532.3,58,1.0,99.26,0.099,0,169,0,0,0,0.3398
1024,Kyrie Irving,DAL,SG,2025-02-23,34,11.56,4.0,0,1,27.91,27.76,26.11,0.069,2,4,12,4,1,1.55,-0.575,1821.9,62,0.887,100.48,0.054,0,241,0,0,1,0.2257
1024,Kyrie Irving,DAL,SG,2025-03-05,33,10.89,3.0,0,1,32.88,31.54,29.9,0.099,4,6,10,1,3,1.82,0.423,1808.1,61,0.807,101.29,0.133,0,335,0,0,1,0.4744
1024,Kyrie Irving,DAL,SG,2025-03-11,34,11.56,4.0,0,1,30.07,25.94,25.4,0.184,2,6,12,6,2,1.78,0.809,1663.7,67,0.811,100.5,0.236,0,297,0,0,1,0.5902
1024,Kyrie Irving,DAL,SG,2025-03-12,33,10.89,3.0,0,1,25.7,22.76,24.7,0.04,2,6,15,0,1,1.0,-0.411,1611.2,64,0.946,101.47,0.0,0,342,0,0,0,0.1549
1024,Kyrie Irving,DAL,SG,2025-03-13,34,11.56,4.0,0,1,23.31,23.43,19.47,0.197,3,5,9,2,0,1.71,-0.657,1500.5,64,0.812,99.09,0.087,0,209,0,0,0,0.1186
1024,Kyrie Irving,DAL,SG,2025-03-13,32,10.24,2.0,0,1,22.35,15.21,18.63,0.199,2,5,11,2,3,1.11,0.729,1207.0,70,0.781,98.26,0.118,0,188,0,0,1,0.5093
1024,Kyrie Irving,DAL,SG,2025-03-18,32,10.24,2.0,0,1,42.0,40.0,37.76,0.112,3,5,9,0,3,1.86,0.949,2784.7,72,0.75,100.18,0.224,1,89,0,1,1,0.85
1024,Kyrie Irving,DAL,SG,2025-03-19,33,10.89,3.0,0,1,35.94,31.68,32.5,0.106,3,6,15,1,1,2.45,0.1,2490.6,72,0.604,98.52,0.0,1,70,0,0,0,0.3833
1024,Kyrie Irving,DAL,SG,2025-03-20,32,10.24,2.0,0,1,20.39,23.16,23.4,-0.129,2,5,10,3,1,1.56,0.339,1675.5,72,0.668,98.26,0.017,0,265,0,0,0,0.1385
1024,Kyrie Irving,DAL,SG,2025-03-21,32,10.24,2.0,0,1,37.99,35.71,34.75,0.093,1,5,10,0,1,1.58,-0.392,2651.7,72,0.809,100.27,0.031,0,231,0,0,0,0.1811
1024,Kyrie Irving,DAL,SG,2025-03-23,32,10.24,2.0,0,1,26.77,31.76,27.6,-0.03,1,4,13,1,0,2.46,0.669,2073.0,72,0.932,100.28,0.07,0,357,0,0,0,0.0921
1024,Kyrie Irving,DAL,SG,2025-03-25,34,11.56,4.0,0,1,36.16,32.81,28.92,0.251,4,6,11,5,1,1.9,0.386,2210.5,72,1.012,98.24,0.148,0,393,0,0,0,0.4202
1024,Kyrie Irving,DAL,SG,2025-03-27,34,11.56,4.0,0,1,41.01,37.1,32.64,0.256,2,5,11,5,2,1.21,1.353,2492.1,72,1.055,98.82,0.317,0,361,0,0,0,0.7696
1024,Kyrie Irving,DAL,SG,2025-03-27,32,10.24,2.0,0,1,31.36,34.2,36.43,-0.139,1,5,13,5,0,1.31,-0.43,2424.1,72,0.746,99.27,0.0,0,241,0,0,0,0.1344
1044,LaMelo Ball,CHA,PG,2024-10-30,25,6.25,0.0,0,1,19.58,24.0,25.67,-0.237,3,7,12,2,2,1.71,-0.375,186.2,8,0.8,99.25,0.0,2,64,1,1,1,0.6789
1044,LaMelo Ball,CHA,PG,2024-11-01,25,6.25,0.0,0,1,34.2,34.67,36.67,-0.067,2,4,11,2,0,1.46,0.111,353.7,10,0.84,98.93,0.042,4,29,1,1,1,0.7753
1044,LaMelo Ball,CHA,PG,2024-11-03,26,6.76,0.0,0,1,33.39,31.4,34.39,-0.029,2,4,9,0,2,1.77,-0.747,272.8,8,0.945,101.64,0.011,1,29,1,1,1,0.7097
1044,LaMelo Ball,CHA,PG,2024-11-05,25,6.25,0.0,0,1,34.07,27.0,26.9,0.267,4,6,15,2,1,1.75,0.45,363.0,13,0.72,101.05,0.148,1,50,1,1,1,0.8165
1044,LaMelo Ball,CHA,PG,2024-11-06,25,6.25,0.0,0,1,22.89,23.84,25.74,-0.111,3,5,9,0,2,2.04,-0.235,262.0,11,0.909,100.31,0.076,3,58,1,1,1,0.7462
1044,LaMelo Ball,CHA,PG,2024-11-07,25,6.25,0.0,0,1,36.37,34.61,38.0,-0.043,1,4,13,2,2,1.68,-0.199,304.3,7,0.991,99.58,0.032,0,174,1,0,0,0.3999
1044,LaMelo Ball,CHA,PG,2024-11-09,25,6.25,0.0,0,1,27.85,26.55,25.67,0.085,2,6,11,4,0,1.75,-0.087,416.3,15,0.787,100.58,0.081,1,44,1,1,0,0.5441
1044,LaMelo Ball,CHA,PG,2024-11-12,24,5.76,0.0,0,1,39.77,35.58,33.91,0.173,2,5,11,5,1,2.5,0.684,288.0,9,0.934,100.41,0.182,1,50,1,1,1,0.8351
1044,LaMelo Ball,CHA,PG,2024-11-13,25,6.25,0.0,0,1,29.86,29.71,26.83,0.113,3,7,13,4,0,2.09,0.807,358.9,12,0.742,99.94,0.106,2,76,1,1,0,0.6995
1044,LaMelo Ball,CHA,PG,2024-11-21,25,6.25,0.0,0,1,24.05,21.76,24.49,-0.018,1,5,10,0,0,1.9,0.542,424.7,17,1.042,99.56,0.081,4,39,1,1,1,0.6966
1044,LaMelo Ball,CHA,PG,2024-11-27,24,5.76,0.0,0,1,30.46,32.11,26.09,0.167,3,5,13,1,0,1.98,-0.288,705.8,22,0.923,100.29,0.0,2,89,1,1,0,0.5314
1044,LaMelo Ball,CHA,PG,2024-12-07,25,6.25,0.0,0,1,32.73,30.91,28.1,0.165,3,6,13,0,1,1.33,0.195,849.1,27,0.904,99.58,0.0,3,30,1,1,0,0.8239
1044,LaMelo Ball,CHA,PG,2024-12-15,24,5.76,0.0,0,1,35.19,36.53,32.05,0.098,1,4,8,1,1,1.33,-0.274,1004.2,29,0.632,99.5,0.025,3,33,1,1,1,0.7987
1044,LaMelo Ball,CHA,PG,2024-12-16,24,5.76,0.0,0,1,29.16,29.55,27.59,0.057,3,5,14,4,0,2.39,-0.149,948.9,30,1.063,100.61,0.0,2,16,1,1,1,0.6471
1044,LaMelo Ball,CHA,PG,2024-12-19,26,6.76,0.0,0,1,29.59,31.28,28.6,0.035,2,4,12,3,1,1.47,0.103,812.4,27,1.028,102.15,0.084,1,33,1,1,1,0.7096
1044,LaMelo Ball,CHA,PG,2024-12-26,26,6.76,0.0,0,1,23.35,23.86,22.98,0.016,2,6,13,3,0,2.17,-0.002,659.2,32,0.552,100.21,0.071,1,44,1,1,0,0.4023
1044,LaMelo Ball,CHA,PG,2024-12-28,24,5.76,0.0,0,1,29.73,34.27,29.39,0.011,3,6,15,5,1,1.08,-0.155,1046.6,33,0.998,99.89,0.0,2,48,1,1,1,0.79
1044,LaMelo Ball,CHA,PG,2025-01-01,26,6.76,0.0,0,1,32.56,33.97,33.19,-0.019,1,5,9,3,0,2.59,0.239,1095.2,32,0.744,102.24,0.0,1,53,1,1,1,0.4513
1044,LaMelo Ball,CHA,PG,2025-01-03,25,6.25,0.0,0,1,26.81,27.29,25.86,0.037,1,3,9,0,0,2.51,0.36,900.3,36,0.988,100.16,0.073,2,57,1,1,0,0.4621
1044,LaMelo Ball,CHA,PG,2025-01-04,25,6.25,0.0,0,1,33.04,32.57,33.28,-0.007,1,5,9,2,1,1.0,-0.106,1176.4,37,0.975,99.43,0.004,1,80,1,1,1,0.5722
1044,LaMelo Ball,CHA,PG,2025-01-11,26,6.76,0.0,0,1,18.11,16.97,20.39,-0.112,1,3,8,3,0,1.03,-0.692,741.6,39,0.942,99.95,0.023,2,17,1,1,0,0.5354
1044,LaMelo Ball,CHA,PG,2025-01-11,26,6.76,0.0,0,1,22.08,21.64,21.56,0.024,3,6,10,2,3,1.07,-0.117,1000.6,43,0.903,100.75,0.008,2,42,1,1,1,0.8472
1044,LaMelo Ball,CHA,PG,2025-01-11,24,5.76,0.0,0,1,27.75,27.46,24.8,0.119,1,3,12,1,1,0.6,0.822,1221.1,43,0.708,100.25,0.076,0,234,1,0,0,0.2978
1044,LaMelo Ball,CHA,PG,2025-01-16,25,6.25,0.0,0,1,34.72,36.56,36.8,-0.056,2,6,13,1,0,1.91,-0.192,1379.1,42,0.746,99.49,0.024,3,29,1,1,0,0.6459
1044,LaMelo Ball,CHA,PG,2025-01-17,24,5.76,0.0,0,1,28.33,28.82,30.21,-0.062,2,5,14,0,0,2.43,0.204,1337.6,45,1.034,100.87,0.048,1,66,1,1,0,0.3717
1044,LaMelo Ball,CHA,PG,2025-01-21,25,6.25,0.0,0,1,18.33,17.47,14.38,0.275,1,4,11,0,0,1.29,-0.194,794.0,44,0.718,100.61,0.055,1,16,1,1,1,0.49
1044,LaMelo Ball,CHA,PG,2025-01-22,24,5.76,0.0,0,1,26.85,28.65,25.77,0.042,2,5,14,3,0,1.69,0.62,1270.3,47,0.892,100.13,0.048,1,82,1,1,1,0.5391
1044,LaMelo Ball,CHA,PG,2025-01-27,24,5.76,0.0,0,1,42.0,36.88,34.0,0.235,3,6,12,5,3,1.9,0.42,1789.5,51,0.786,100.28,0.179,4,46,1,1,1,0.85
1044,LaMelo Ball,CHA,PG,2025-02-02,25,6.25,0.0,0,1,36.81,32.52,32.53,0.131,1,4,10,1,1,1.02,0.339,1636.8,46,0.86,100.47,0.059,2,78,1,1,1,0.7655
1044,LaMelo Ball,CHA,PG,2025-02-04,26,6.76,0.0,0,1,34.84,33.14,32.28,0.079,3,6,15,0,2,2.09,-0.001,1517.1,48,0.784,100.82,0.063,5,18,1,1,1,0.85
1044,LaMelo Ball,CHA,PG,2025-02-07,25,6.25,0.0,0,1,17.36,17.73,25.62,-0.322,1,3,10,1,0,1.77,0.313,1200.9,55,0.848,100.04,0.024,3,65,1,1,1,0.5106
1044,LaMelo Ball,CHA,PG,2025-02-09,26,6.76,0.0,0,1,20.53,18.01,14.33,0.432,1,3,11,3,0,1.26,0.985,993.1,55,0.694,99.67,0.081,2,16,1,1,1,0.8264
1044,LaMelo Ball,CHA,PG,2025-02-15,24,5.76,0.0,0,1,42.0,40.0,31.12,0.35,2,4,13,4,2,0.6,-0.292,1829.3,52,0.547,99.48,0.161,2,11,1,1,1,0.85
1044,LaMelo Ball,CHA,PG,2025-02-20,24,5.76,0.0,0,1,42.0,37.48,35.71,0.176,4,7,13,2,0,2.03,1.094,2134.1,60,0.995,100.19,0.277,4,64,1,1,1,0.85
1044,LaMelo Ball,CHA,PG,2025-02-28,24,5.76,0.0,0,1,23.2,21.7,24.25,-0.043,3,5,14,5,1,1.58,-0.266,1524.0,65,0.73,99.68,0.01,3,55,1,1,0,0.781
1044,LaMelo Ball,CHA,PG,2025-03-03,25,6.25,0.0,0,1,20.52,21.66,22.41,-0.084,2,6,12,4,0,0.79,-0.839,1353.1,60,0.664,102.07,0.053,0,330,1,0,0,0.1309
1044,LaMelo Ball,CHA,PG,2025-03-04,25,6.25,0.0,0,1,19.33,24.79,20.66,-0.064,2,5,14,2,3,0.77,0.211,1316.3,64,1.003,101.43,0.079,1,19,1,1,0,0.8435
1044,LaMelo Ball,CHA,PG,2025-03-05,26,6.76,0.0,0,1,21.98,24.05,22.58,-0.027,3,5,10,4,1,1.53,-0.819,1450.8,61,0.506,100.88,0.0,3,64,1,1,1,0.717
1044,LaMelo Ball,CHA,PG,2025-03-07,26,6.76,0.0,0,1,21.21,19.4,26.36,-0.195,2,6,13,0,1,1.51,-0.59,1444.5,64,0.844,100.54,0.0,2,37,1,1,0,0.5859
1044,LaMelo Ball,CHA,PG,2025-03-14,26,6.76,0.0,0,1,42.0,37.29,33.59,0.25,4,7,11,1,0,0.84,0.364,2361.7,71,0.951,99.92,0.135,3,30,1,1,1,0.85
1044,LaMelo Ball,CHA,PG,2025-03-14,24,5.76,0.0,0,1,30.34,28.89,29.78,0.019,2,4,11,4,0,2.36,-0.084,2024.5,66,0.641,100.01,0.078,2,69,1,1,0,0.5256
1044,LaMelo Ball,CHA,PG,2025-03-17,24,5.76,0.0,0,1,29.49,34.16,26.11,0.129,2,6,14,5,0,1.72,1.117,1978.1,67,0.632,100.69,0.064,5,74,1,1,0,0.85
1044,LaMelo Ball,CHA,PG,2025-03-19,24,5.76,0.0,0,1,31.16,34.01,32.54,-0.042,2,4,9,3,0,1.52,-0.548,2214.6,70,0.72,101.48,0.0,3,69,1,1,1,0.6492
1044,LaMelo Ball,CHA,PG,2025-03-20,25,6.25,0.0,0,1,25.45,22.58,27.86,-0.086,2,6,10,3,1,2.53,0.621,1758.0,71,0.925,100.1,0.141,1,16,1,1,1,0.6601
1044,LaMelo Ball,CHA,PG,2025-03-22,25,6.25,0.0,0,1,34.92,30.21,28.75,0.214,2,4,11,3,0,1.4,0.183,2189.0,69,0.642,101.47,0.045,1,42,1,1,0,0.663
1044,LaMelo Ball,CHA,PG,2025-03-24,24,5.76,0.0,0,1,32.66,34.09,33.61,-0.028,3,5,13,4,0,2.5,-0.531,2437.3,72,1.079,99.55,0.0,3,12,1,1,1,0.7055
1044,LaMelo Ball,CHA,PG,2025-03-26,25,6.25,0.0,0,1,22.18,19.67,26.9,-0.175,3,5,9,2,0,1.86,0.11,1676.9,72,0.992,99.45,0.001,1,81,1,1,0,0.3383
1044,LaMelo Ball,CHA,PG,2025-03-26,25,6.25,0.0,0,1,19.63,21.65,22.06,-0.11,3,7,12,4,0,1.76,-0.382,1392.9,70,0.915,100.0,0.064,3,57,1,1,1,0.6047
1044,LaMelo Ball,CHA,PG,2025-03-27,26,6.76,0.0,0,1,25.58,26.25,24.19,0.057,3,7,16,4,1,1.94,-0.135,1883.5,72,1.089,101.0,0.077,2,76,1,1,1,0.7473
1044,LaMelo Ball,CHA,PG,2025-03-28,24,5.76,0.0,0,1,30.59,29.4,28.65,0.068,2,6,12,1,0,1.6,-0.022,1998.0,72,0.986,101.53,0.059,1,82,1,1,0,0.4459
1044,LaMelo Ball,CHA,PG,2025-03-28,25,6.25,0.0,0,1,37.83,34.87,38.0,-0.004,3,5,12,2,1,1.44,0.104,2624.3,72,0.896,100.03,0.014,0,361,1,0,0,0.2627
1044,LaMelo Ball,CHA,PG,2025-03-30,25,6.25,0.0,0,1,25.64,20.1,16.43,0.56,1,5,10,3,1,1.24,-0.292,1412.7,72,0.652,100.32,0.0,3,57,1,1,1,0.85
1000,LeBron James,LAL,SF,2024-10-27,40,16.0,10.0,0,0,37.13,34.15,35.24,0.054,1,3,8,1,1,1.41,-0.738,176.6,4,0.826,98.77,0.032,1,53,0,1,1,0.6416
1000,LeBron James,LAL,SF,2024-10-29,42,17.64,12.0,0,0,35.29,31.5,35.7,-0.011,1,4,11,3,2,1.05,-0.592,270.2,8,0.613,98.76,0.038,0,188,0,0,0,0.4087
1000,LeBron James,LAL,SF,2024-11-02,42,17.64,12.0,0,0,30.06,27.5,26.68,0.127,2,6,13,2,0,1.69,-0.027,352.8,11,0.736,99.62,0.0,0,359,0,0,0,0.1752
1000,LeBron James,LAL,SF,2024-11-04,40,16.0,10.0,0,0,29.11,27.91,25.9,0.124,3,5,11,0,0,0.84,0.211,240.1,12,0.662,99.99,0.025,1,76,0,1,0,0.4398
1000,LeBron James,LAL,SF,2024-11-07,40,16.0,10.0,0,0,29.44,28.08,26.41,0.115,3,5,10,5,0,2.21,-0.041,214.9,8,0.483,100.38,0.025,1,39,0,0,1,0.4211
1000,LeBron James,LAL,SF,2024-11-13,41,16.81,11.0,0,0,34.12,27.97,30.03,0.136,4,7,11,3,1,1.57,-0.539,246.9,12,0.656,100.88,0.099,1,52,0,1,0,0.7358
1000,LeBron James,LAL,SF,2024-11-15,40,16.0,10.0,0,0,28.1,28.17,28.34,-0.008,3,6,15,2,2,0.84,-1.096,522.1,16,0.743,100.93,0.041,1,18,0,0,0,0.6879
1000,LeBron James,LAL,SF,2024-11-16,42,17.64,12.0,0,0,28.0,30.04,29.03,-0.036,3,5,13,5,1,2.56,0.175,435.5,14,0.586,100.0,0.01,0,364,0,0,1,0.2369
1000,LeBron James,LAL,SF,2024-11-17,40,16.0,10.0,0,0,30.79,32.64,32.85,-0.063,1,5,9,1,1,1.78,-0.24,377.9,16,0.757,97.08,0.0,0,172,0,0,0,0.1965
1000,LeBron James,LAL,SF,2024-11-18,41,16.81,11.0,0,0,23.97,24.76,25.69,-0.067,1,4,12,2,0,1.77,0.294,483.9,17,0.696,99.68,0.001,1,28,0,0,1,0.3379
1000,LeBron James,LAL,SF,2024-11-20,40,16.0,10.0,0,0,32.84,32.54,34.32,-0.043,1,5,14,2,0,2.07,-0.11,560.0,14,0.469,100.77,0.0,1,52,0,1,1,0.4447
1000,LeBron James,LAL,SF,2024-11-22,42,17.64,12.0,0,0,28.58,25.87,27.01,0.058,2,5,12,1,1,1.76,0.057,611.8,20,0.929,99.58,0.05,0,126,0,0,0,0.3013
1000,LeBron James,LAL,SF,2024-11-25,42,17.64,12.0,0,0,19.41,17.83,21.64,-0.103,2,6,12,4,2,1.99,0.11,417.3,21,1.036,99.83,0.051,0,143,0,0,0,0.3924
1000,LeBron James,LAL,SF,2024-11-26,42,17.64,12.0,0,0,32.61,34.29,32.09,0.016,1,3,10,2,0,2.64,0.53,501.7,16,0.735,99.8,0.031,1,62,0,1,1,0.4729
1000,LeBron James,LAL,SF,2024-11-26,41,16.81,11.0,0,0,25.47,25.04,30.43,-0.163,1,4,13,3,0,1.5,-0.277,411.3,15,0.755,99.52,0.101,0,341,0,0,0,0.1533
1000,LeBron James,LAL,SF,2024-11-27,42,17.64,12.0,0,0,20.94,19.43,20.36,0.028,1,4,12,4,0,2.27,-0.026,322.2,19,0.564,98.74,0.031,0,142,0,0,0,0.1459
1000,LeBron James,LAL,SF,2024-11-29,40,16.0,10.0,0,0,37.0,35.21,36.82,0.005,3,7,15,7,0,1.23,0.2,820.4,24,0.849,100.74,0.01,0,216,0,0,0,0.3305
1000,LeBron James,LAL,SF,2024-12-01,40,16.0,10.0,0,0,24.38,25.91,26.41,-0.077,1,4,11,1,1,1.88,0.037,435.5,18,0.572,100.37,0.03,0,382,0,0,0,0.1484
1000,LeBron James,LAL,SF,2024-12-05,41,16.81,11.0,0,0,28.07,24.21,27.06,0.037,1,5,14,3,2,1.77,0.343,564.6,21,1.109,100.08,0.084,1,77,0,1,1,0.7959
1000,LeBron James,LAL,SF,2024-12-08,41,16.81,11.0,0,0,26.25,28.29,22.77,0.153,2,6,13,5,0,1.53,0.443,734.7,28,0.554,99.68,0.063,0,278,0,0,0,0.2649
1000,LeBron James,LAL,SF,2024-12-12,40,16.0,10.0,0,0,16.2,15.47,15.8,0.025,3,7,14,2,0,1.48,-0.573,429.5,28,0.607,99.5,0.0,0,355,0,0,0,0.0976
1000,LeBron James,LAL,SF,2024-12-12,42,17.64,12.0,0,0,27.27,23.36,25.99,0.049,3,7,13,6,1,1.34,-0.291,774.4,28,0.697,100.5,0.02,1,64,0,1,1,0.7251
1000,LeBron James,LAL,SF,2024-12-15,42,17.64,12.0,0,0,23.63,19.53,22.16,0.066,1,4,8,4,1,2.1,-1.085,570.1,26,0.766,100.41,0.028,0,346,0,0,0,0.2305
1000,LeBron James,LAL,SF,2024-12-19,40,16.0,10.0,0,0,35.95,33.94,29.23,0.23,2,6,15,3,1,1.4,0.153,936.8,26,0.901,101.08,0.0,3,15,1,0,1,0.85
1000,LeBron James,LAL,SF,2024-12-22,40,16.0,10.0,0,0,31.08,33.84,28.35,0.096,2,6,10,3,0,2.41,0.319,975.8,31,0.808,100.55,0.057,0,182,0,0,0,0.1865
1000,LeBron James,LAL,SF,2024-12-23,42,17.64,12.0,0,0,30.44,28.96,26.14,0.164,2,4,9,1,1,2.25,1.008,714.1,28,0.815,101.12,0.23,0,300,0,0,1,0.3937
1000,LeBron James,LAL,SF,2024-12-27,42,17.64,12.0,0,0,18.36,22.01,19.05,-0.036,3,7,13,2,1,1.43,-0.169,625.5,31,0.432,99.64,0.05,0,325,0,0,0,0.1677
1000,LeBron James,LAL,SF,2025-01-02,41,16.81,11.0,0,0,24.37,23.11,26.83,-0.092,1,3,10,2,3,0.6,0.192,845.7,37,0.637,100.63,0.0,0,194,0,0,1,0.4384
1000,LeBron James,LAL,SF,2025-01-05,42,17.64,12.0,0,0,18.35,16.41,19.03,-0.036,3,7,14,2,0,0.93,0.227,663.7,35,0.579,99.69,0.084,0,154,0,0,0,0.1621
1000,LeBron James,LAL,SF,2025-01-05,40,16.0,10.0,0,0,25.63,26.64,27.62,-0.072,2,4,8,3,0,1.7,-0.676,1210.6,41,0.846,100.21,0.003,1,30,0,0,1,0.35
1000,LeBron James,LAL,SF,2025-01-09,42,17.64,12.0,0,0,41.95,38.65,36.46,0.15,4,7,14,7,0,1.97,0.981,1250.6,37,0.988,99.53,0.172,0,129,0,0,1,0.6431
1000,LeBron James,LAL,SF,2025-01-11,42,17.64,12.0,0,0,27.6,24.4,23.29,0.185,1,5,10,5,0,2.3,-0.874,1068.5,41,0.97,101.61,0.0,0,183,0,0,0,0.2381
1000,LeBron James,LAL,SF,2025-01-24,40,16.0,10.0,0,0,29.49,26.26,29.4,0.003,2,5,14,5,1,1.27,-0.88,1291.4,46,0.98,100.31,0.0,0,325,0,0,0,0.3124
1000,LeBron James,LAL,SF,2025-02-04,40,16.0,10.0,0,0,42.0,38.04,35.43,0.185,4,7,13,5,2,1.65,1.206,1624.5,48,0.982,99.9,0.243,0,225,0,0,1,0.7814
1000,LeBron James,LAL,SF,2025-02-07,40,16.0,10.0,0,0,38.96,35.39,30.84,0.264,2,6,11,2,3,1.56,0.039,1706.9,56,0.816,99.69,0.119,1,86,0,1,1,0.85
1000,LeBron James,LAL,SF,2025-02-07,40,16.0,10.0,0,0,26.11,26.02,26.8,-0.025,3,6,15,5,2,1.38,-0.093,1378.3,54,0.561,99.14,0.031,0,284,0,0,0,0.3938
1000,LeBron James,LAL,SF,2025-02-08,41,16.81,11.0,0,0,28.56,33.89,28.56,-0.0,1,3,12,1,0,1.31,0.328,1546.4,53,0.874,101.43,0.02,0,153,0,0,0,0.1876
1000,LeBron James,LAL,SF,2025-02-08,41,16.81,11.0,0,0,24.27,25.75,28.63,-0.152,3,7,12,2,0,1.58,-0.372,1640.1,56,0.935,100.08,0.0,0,347,0,0,1,0.1204
1000,LeBron James,LAL,SF,2025-02-09,42,17.64,12.0,0,0,24.31,27.16,27.31,-0.11,2,4,9,3,0,1.53,0.188,1151.2,50,0.688,100.69,0.094,0,307,0,0,0,0.1609
1000,LeBron James,LAL,SF,2025-02-11,41,16.81,11.0,0,0,34.37,36.6,35.06,-0.02,1,3,12,2,0,1.41,-0.381,1900.9,53,0.895,99.94,0.094,2,60,0,1,1,0.617
1000,LeBron James,LAL,SF,2025-02-13,41,16.81,11.0,0,0,28.24,31.01,29.61,-0.046,1,5,13,1,1,2.23,-0.484,1506.9,52,0.746,99.7,0.0,2,10,0,1,0,0.6577
1000,LeBron James,LAL,SF,2025-02-16,40,16.0,10.0,0,0,32.49,32.33,29.23,0.111,3,7,15,7,0,2.31,0.616,1393.8,53,0.839,99.25,0.223,0,163,0,0,1,0.422
1000,LeBron James,LAL,SF,2025-02-22,40,16.0,10.0,0,0,24.49,19.29,19.94,0.229,3,7,15,6,0,1.52,0.316,1279.4,56,0.869,100.37,0.011,0,379,0,0,1,0.3244
1000,LeBron James,LAL,SF,2025-02-23,42,17.64,12.0,0,0,24.73,22.69,24.26,0.019,1,5,10,1,0,1.85,0.388,1430.4,62,0.454,99.51,0.054,0,201,0,0,0,0.119
1000,LeBron James,LAL,SF,2025-03-01,42,17.64,12.0,0,0,34.88,28.37,31.96,0.092,2,5,14,1,2,0.87,-0.594,2008.3,62,0.466,100.52,0.047,1,23,0,0,1,0.7301
1000,LeBron James,LAL,SF,2025-03-02,42,17.64,12.0,0,0,42.0,40.0,38.0,0.105,2,6,13,4,0,1.81,-0.457,2129.7,60,0.632,99.87,0.097,0,197,0,0,1,0.2874
1000,LeBron James,LAL,SF,2025-03-05,40,16.0,10.0,0,0,35.47,34.98,34.18,0.038,1,4,13,0,1,1.12,0.507,2162.5,64,0.675,100.66,0.082,1,51,0,1,1,0.6851
1000,LeBron James,LAL,SF,2025-03-10,42,17.64,12.0,0,0,24.06,27.03,26.81,-0.102,2,6,13,5,1,1.22,0.426,1701.2,69,0.783,99.65,0.021,1,40,0,0,1,0.6192
1000,LeBron James,LAL,SF,2025-03-11,40,16.0,10.0,0,0,20.74,23.59,24.03,-0.137,3,7,15,0,0,2.73,0.106,1397.0,63,0.771,98.88,0.0,0,197,0,0,0,0.0688
1000,LeBron James,LAL,SF,2025-03-20,41,16.81,11.0,0,0,22.26,20.23,24.27,-0.083,2,4,13,2,0,2.38,0.196,1414.1,70,0.639,99.61,0.026,0,290,0,0,0,0.0972
1000,LeBron James,LAL,SF,2025-03-22,41,16.81,11.0,0,0,35.33,35.86,32.71,0.08,1,5,14,0,1,1.16,0.311,2394.0,69,0.707,99.57,0.06,0,220,0,0,0,0.2921
1000,LeBron James,LAL,SF,2025-03-28,40,16.0,10.0,0,0,28.5,30.53,31.53,-0.096,1,5,10,5,0,1.37,-0.706,2192.5,72,0.715,101.53,0.013,0,366,0,0,0,0.1805
1000,LeBron James,LAL,SF,2025-03-29,41,16.81,11.0,0,0,26.88,27.77,25.58,0.051,1,3,10,3,3,1.03,0.019,1803.2,72,0.84,98.26,0.0,0,353,0,0,1,0.4826
1023,Luka Doncic,DAL,PG,2024-10-23,27,7.29,0.0,0,1,29.96,32.02,31.11,-0.037,3,5,12,3,0,2.0,-0.068,140.6,3,0.974,99.53,0.01,0,316,0,0,0,0.0848
1023,Luka Doncic,DAL,PG,2024-10-24,27,7.29,0.0,0,1,31.52,31.76,30.17,0.045,3,7,13,3,1,1.64,-0.068,102.5,2,1.178,99.41,0.039,0,122,0,0,0,0.2702
1023,Luka Doncic,DAL,PG,2024-10-25,28,7.84,0.0,0,1,30.08,32.41,31.43,-0.043,1,3,12,3,1,1.9,-0.408,168.9,7,0.702,99.53,0.03,0,268,0,0,0,0.1358
1023,Luka Doncic,DAL,PG,2024-10-30,26,6.76,0.0,0,1,26.78,29.13,28.53,-0.061,2,4,10,0,1,0.95,-0.426,117.3,5,0.871,98.14,0.011,0,162,0,0,1,0.1224
1023,Luka Doncic,DAL,PG,2024-11-01,27,7.29,0.0,0,1,23.36,24.38,23.05,0.013,2,4,10,0,0,2.27,0.541,130.6,5,0.636,98.1,0.105,1,56,0,0,0,0.1703
1023,Luka Doncic,DAL,PG,2024-11-05,28,7.84,0.0,0,1,24.16,28.61,23.83,0.014,3,5,14,3,0,2.14,-0.731,250.8,7,0.584,100.01,0.054,0,320,0,0,0,0.0752
1023,Luka Doncic,DAL,PG,2024-11-19,26,6.76,0.0,0,1,25.43,24.46,31.11,-0.183,1,4,13,3,0,2.51,-0.005,384.5,15,0.98,97.14,0.0,1,52,0,0,0,0.1882
1023,Luka Doncic,DAL,PG,2024-12-04,28,7.84,0.0,0,1,40.52,36.79,33.54,0.208,3,7,16,5,0,1.74,0.547,762.9,23,0.83,100.51,0.156,0,256,0,0,1,0.3476
1023,Luka Doncic,DAL,PG,2024-12-06,26,6.76,0.0,0,1,24.21,24.82,26.63,-0.091,1,5,11,4,1,1.91,-0.304,617.1,24,1.034,99.91,0.043,1,29,0,1,1,0.5069
1023,Luka Doncic,DAL,PG,2024-12-07,28,7.84,0.0,0,1,33.58,34.44,33.7,-0.003,3,7,14,3,3,1.45,0.077,930.5,27,1.074,99.47,0.033,1,76,0,0,0,0.6947
1023,Luka Doncic,DAL,PG,2024-12-09,27,7.29,0.0,0,1,20.02,22.62,21.46,-0.067,2,5,13,2,0,2.83,-0.049,620.3,28,0.723,99.77,0.019,0,197,0,0,0,0.0447
1023,Luka Doncic,DAL,PG,2024-12-15,27,7.29,0.0,0,1,25.32,24.17,27.84,-0.09,2,5,11,4,0,1.81,0.047,713.4,27,0.901,101.31,0.053,0,376,0,0,0,0.0977
1023,Luka Doncic,DAL,PG,2024-12-19,27,7.29,0.0,0,1,22.83,20.18,21.41,0.066,2,6,10,2,2,2.16,-0.132,670.8,27,0.982,99.84,0.0,0,365,0,0,1,0.1766
1023,Luka Doncic,DAL,PG,2024-12-20,26,6.76,0.0,0,1,32.1,30.69,33.16,-0.032,3,6,15,2,1,1.84,0.135,942.0,31,0.985,98.16,0.006,1,55,0,1,0,0.519
1023,Luka Doncic,DAL,PG,2024-12-21,27,7.29,0.0,0,1,27.22,23.13,20.49,0.328,2,5,13,4,1,1.41,0.075,681.4,27,0.837,99.92,0.056,0,344,0,0,0,0.2983
1023,Luka Doncic,DAL,PG,2024-12-25,27,7.29,0.0,0,1,20.38,18.35,15.43,0.321,1,5,10,5,0,1.78,-0.076,678.6,32,0.798,99.53,0.032,1,54,0,0,1,0.3593
1023,Luka Doncic,DAL,PG,2024-12-25,28,7.84,0.0,0,1,20.39,23.1,24.39,-0.164,3,6,11,2,2,2.88,0.149,800.8,34,0.862,100.34,0.0,0,309,0,0,0,0.1275
1023,Luka Doncic,DAL,PG,2024-12-26,28,7.84,0.0,0,1,31.22,35.49,32.93,-0.052,3,5,9,1,0,1.51,-0.232,1070.0,33,0.9,100.79,0.0,0,367,0,0,0,0.0831
1023,Luka Doncic,DAL,PG,2024-12-27,28,7.84,0.0,0,1,26.26,23.75,28.14,-0.067,3,7,15,7,2,1.78,0.148,603.2,29,0.64,98.98,0.117,1,41,0,0,1,0.6591
1023,Luka Doncic,DAL,PG,2024-12-27,27,7.29,0.0,0,1,24.12,20.81,19.59,0.232,2,6,10,6,1,1.44,0.085,776.4,34,0.95,98.16,0.0,1,14,0,0,1,0.5928
1023,Luka Doncic,DAL,PG,2024-12-29,27,7.29,0.0,0,1,33.46,30.82,27.91,0.199,3,5,12,3,1,1.64,0.402,861.8,30,0.608,99.83,0.224,0,218,0,0,0,0.2969
1023,Luka Doncic,DAL,PG,2025-01-01,27,7.29,0.0,0,1,34.32,32.11,29.9,0.148,3,6,12,4,1,2.07,-0.859,910.1,32,0.836,99.42,0.091,2,71,0,0,0,0.5545
1023,Luka Doncic,DAL,PG,2025-01-05,27,7.29,0.0,0,1,31.01,27.61,23.1,0.343,2,4,13,1,0,1.83,0.08,909.7,37,0.638,99.56,0.165,1,51,0,0,0,0.3842
1023,Luka Doncic,DAL,PG,2025-01-12,28,7.84,0.0,0,1,21.95,21.7,21.29,0.031,2,4,9,4,0,2.53,-0.479,895.3,41,0.956,98.82,0.059,1,80,0,0,1,0.1748
1023,Luka Doncic,DAL,PG,2025-01-13,27,7.29,0.0,0,1,32.15,30.12,24.85,0.294,1,3,11,3,1,2.1,-0.486,1124.0,37,0.845,99.11,0.023,1,29,0,0,1,0.5195
1023,Luka Doncic,DAL,PG,2025-01-14,26,6.76,0.0,0,1,23.88,22.18,27.47,-0.131,3,6,14,3,0,1.65,0.711,977.2,41,0.958,98.51,0.105,1,35,0,0,0,0.3501
1023,Luka Doncic,DAL,PG,2025-01-17,26,6.76,0.0,0,1,31.53,33.55,34.45,-0.085,3,7,16,7,0,1.81,-0.422,1339.1,42,0.613,99.23,0.013,0,313,0,0,0,0.1596
1023,Luka Doncic,DAL,PG,2025-01-17,26,6.76,0.0,0,1,32.74,36.51,34.46,-0.05,1,3,11,2,2,1.7,0.316,1396.1,41,0.918,99.94,0.016,0,164,0,0,0,0.2993
1023,Luka Doncic,DAL,PG,2025-01-18,27,7.29,0.0,0,1,29.4,34.81,31.85,-0.077,2,4,10,1,1,1.46,-0.198,1269.9,40,0.817,98.99,0.007,0,290,0,0,0,0.1196
1023,Luka Doncic,DAL,PG,2025-01-19,27,7.29,0.0,0,1,17.61,18.26,17.23,0.022,1,5,14,2,0,2.18,0.536,803.3,43,0.564,98.32,0.039,0,308,0,0,0,0.0674
1023,Luka Doncic,DAL,PG,2025-01-25,26,6.76,0.0,0,1,35.9,38.58,38.0,-0.055,3,6,13,6,2,1.76,-0.738,1687.9,45,0.918,99.65,0.028,2,13,0,0,0,0.7696
1023,Luka Doncic,DAL,PG,2025-01-27,27,7.29,0.0,0,1,35.73,38.48,34.4,0.039,1,5,10,1,0,1.73,-0.072,1821.5,48,0.736,99.04,0.0,2,45,0,0,0,0.3192
1023,Luka Doncic,DAL,PG,2025-01-28,26,6.76,0.0,0,1,33.32,33.9,32.62,0.022,1,5,9,1,2,1.73,-0.019,1446.1,45,0.849,98.47,0.003,1,20,0,0,1,0.5061
1023,Luka Doncic,DAL,PG,2025-02-04,27,7.29,0.0,0,1,27.8,23.85,21.01,0.324,3,6,10,5,0,2.29,-0.32,1263.7,53,0.74,99.18,0.0,1,13,0,0,0,0.4159
1023,Luka Doncic,DAL,PG,2025-02-07,26,6.76,0.0,0,1,30.18,34.08,33.27,-0.093,2,4,8,0,1,0.93,0.089,1615.6,54,0.879,100.06,0.05,0,328,0,0,0,0.1259
1023,Luka Doncic,DAL,PG,2025-02-07,27,7.29,0.0,0,1,30.83,27.92,24.91,0.238,2,6,15,6,2,1.63,0.093,1459.5,56,0.804,99.53,0.154,0,369,0,0,0,0.51
1023,Luka Doncic,DAL,PG,2025-02-13,26,6.76,0.0,0,1,18.53,17.64,23.01,-0.195,1,4,12,0,0,1.15,-1.016,1056.2,52,0.758,99.97,0.032,0,397,0,0,0,0.049
1023,Luka Doncic,DAL,PG,2025-02-14,28,7.84,0.0,0,1,28.57,26.21,28.37,0.007,2,6,10,2,0,1.57,-0.439,1485.7,59,0.883,99.3,0.0,0,251,0,0,0,0.0804
1023,Luka Doncic,DAL,PG,2025-02-15,26,6.76,0.0,0,1,24.97,25.45,25.6,-0.024,2,5,11,0,0,1.58,-0.143,1360.8,54,0.913,99.11,0.028,0,123,0,0,0,0.0867
1023,Luka Doncic,DAL,PG,2025-02-22,28,7.84,0.0,0,1,27.93,21.54,22.58,0.237,2,6,10,3,3,0.68,0.48,1228.8,57,0.789,97.73,0.122,0,131,0,0,1,0.6244
1023,Luka Doncic,DAL,PG,2025-02-26,27,7.29,0.0,0,1,26.7,31.29,26.91,-0.008,3,6,14,4,1,1.34,0.176,1829.6,64,0.818,98.98,0.044,0,368,0,0,0,0.1864
1023,Luka Doncic,DAL,PG,2025-02-27,28,7.84,0.0,0,1,26.36,26.28,26.72,-0.014,3,5,11,0,0,2.26,-0.17,1761.6,65,0.876,98.36,0.007,0,202,0,0,0,0.0479
1023,Luka Doncic,DAL,PG,2025-03-04,28,7.84,0.0,0,1,26.52,23.48,23.66,0.121,1,4,9,3,2,1.69,-0.023,1552.1,61,0.582,98.5,0.017,0,229,0,0,0,0.2358
1023,Luka Doncic,DAL,PG,2025-03-08,27,7.29,0.0,0,1,40.52,33.74,35.7,0.135,3,5,12,5,0,2.23,-0.252,2086.5,64,0.744,98.62,0.159,0,392,0,0,0,0.1781
1023,Luka Doncic,DAL,PG,2025-03-10,27,7.29,0.0,0,1,29.38,28.53,27.35,0.074,3,6,10,2,0,2.31,-0.205,1884.0,65,0.959,99.63,0.0,0,300,0,0,0,0.0775
1023,Luka Doncic,DAL,PG,2025-03-11,26,6.76,0.0,0,1,27.52,25.89,31.13,-0.116,1,5,10,3,0,1.9,0.145,1875.7,67,0.76,98.33,0.03,1,30,0,0,0,0.2502
1023,Luka Doncic,DAL,PG,2025-03-11,28,7.84,0.0,0,1,25.63,26.25,26.15,-0.02,1,3,10,2,1,1.06,-0.216,1601.5,64,0.556,98.99,0.0,1,53,0,0,0,0.2902
1023,Luka Doncic,DAL,PG,2025-03-13,28,7.84,0.0,0,1,33.18,28.47,25.25,0.314,3,6,15,0,0,2.2,0.468,1788.5,67,0.3,98.8,0.186,0,371,0,0,0,0.1562
1023,Luka Doncic,DAL,PG,2025-03-15,27,7.29,0.0,0,1,24.18,27.12,27.47,-0.12,1,4,8,1,0,1.94,-0.577,1638.3,67,1.06,100.36,0.0,0,179,0,0,0,0.0678
1023,Luka Doncic,DAL,PG,2025-03-18,27,7.29,0.0,0,1,32.16,34.14,28.12,0.144,2,6,10,1,0,1.72,0.499,2109.4,69,0.786,99.55,0.062,1,80,0,1,1,0.4062
1023,Luka Doncic,DAL,PG,2025-03-20,26,6.76,0.0,0,1,28.83,26.86,23.66,0.219,3,7,13,4,0,2.43,0.282,1867.3,70,0.835,98.44,0.033,1,47,0,1,1,0.4727
1023,Luka Doncic,DAL,PG,2025-03-26,26,6.76,0.0,0,1,33.56,33.83,30.28,0.108,1,4,8,0,0,2.05,-0.492,2482.3,71,0.769,99.87,0.0,1,84,0,0,0,0.1881
1020,Nikola Jokic,DEN,C,2024-10-24,32,10.24,2.0,1,0,25.43,22.22,23.55,0.08,3,5,13,2,1,1.4,-1.309,73.7,3,0.607,97.9,0.041,0,369,0,0,1,0.2478
1020,Nikola Jokic,DEN,C,2024-10-30,32,10.24,2.0,1,0,31.75,31.52,34.39,-0.077,2,5,11,5,0,1.98,-0.727,203.2,6,0.876,96.76,0.024,0,194,0,0,0,0.2015
1020,Nikola Jokic,DEN,C,2024-11-07,31,9.61,1.0,1,0,34.79,34.93,32.79,0.061,1,4,13,4,0,1.25,-0.0,316.3,8,0.681,96.53,0.049,1,78,0,0,1,0.4684
1020,Nikola Jokic,DEN,C,2024-11-09,32,10.24,2.0,1,0,14.98,20.32,22.21,-0.326,2,6,15,1,1,1.44,-1.144,293.7,12,0.78,97.59,0.033,0,195,0,0,0,0.1774
1020,Nikola Jokic,DEN,C,2024-11-09,30,9.0,0.0,1,0,30.61,27.74,26.47,0.157,2,5,10,2,0,1.56,0.896,399.6,14,0.466,97.83,0.048,0,380,0,0,1,0.2486
1020,Nikola Jokic,DEN,C,2024-11-12,31,9.61,1.0,1,0,35.55,32.01,26.19,0.357,2,4,13,2,0,1.53,0.661,271.5,11,1.138,98.39,0.143,1,39,0,0,1,0.7365
1020,Nikola Jokic,DEN,C,2024-11-13,31,9.61,1.0,1,0,29.54,26.85,26.46,0.116,3,7,14,4,1,0.97,-0.233,362.6,10,0.619,97.62,0.0,0,281,0,0,1,0.3324
1020,Nikola Jokic,DEN,C,2024-11-15,30,9.0,0.0,1,0,30.53,30.87,33.72,-0.095,3,5,10,4,1,1.59,-0.182,284.3,11,0.688,98.32,0.024,1,79,0,0,0,0.4994
1020,Nikola Jokic,DEN,C,2024-11-16,32,10.24,2.0,1,0,23.9,22.15,21.66,0.103,3,7,15,4,0,2.36,-0.181,244.2,11,0.727,97.52,0.003,1,70,0,0,0,0.3801
1020,Nikola Jokic,DEN,C,2024-11-17,31,9.61,1.0,1,0,39.73,38.14,33.77,0.177,3,7,16,3,1,2.59,0.482,412.7,13,0.598,97.37,0.122,0,214,0,0,1,0.4425
1020,Nikola Jokic,DEN,C,2024-11-20,31,9.61,1.0,1,0,31.73,34.11,27.39,0.159,2,6,12,3,2,1.13,0.225,473.7,13,0.71,97.97,0.082,1,33,0,1,1,0.85
1020,Nikola Jokic,DEN,C,2024-11-21,30,9.0,0.0,1,0,29.66,29.45,30.32,-0.021,2,4,9,3,0,1.46,-0.178,557.1,18,0.382,98.71,0.0,0,268,0,0,0,0.1375
1020,Nikola Jokic,DEN,C,2024-11-21,30,9.0,0.0,1,0,33.72,29.1,26.82,0.257,4,6,15,0,0,2.53,0.319,378.1,15,0.853,97.44,0.078,1,62,0,0,0,0.4563
1020,Nikola Jokic,DEN,C,2024-11-23,32,10.24,2.0,1,0,17.85,20.39,22.03,-0.19,2,4,10,4,0,2.03,0.15,449.7,21,0.473,98.5,0.0,0,209,0,0,0,0.1128
1020,Nikola Jokic,DEN,C,2024-11-30,31,9.61,1.0,1,0,25.16,30.64,29.27,-0.14,1,5,10,1,0,0.94,0.335,639.1,22,0.555,96.82,0.056,0,173,0,0,0,0.1491
1020,Nikola Jokic,DEN,C,2024-12-06,30,9.0,0.0,1,0,29.72,32.22,33.96,-0.125,3,5,9,2,0,1.96,-1.459,802.4,22,0.618,96.41,0.069,0,178,0,0,0,0.1379
1020,Nikola Jokic,DEN,C,2024-12-07,30,9.0,0.0,1,0,31.5,31.52,31.41,0.003,1,4,11,1,1,1.44,0.408,754.8,22,0.856,98.75,0.098,0,129,0,0,0,0.3504
1020,Nikola Jokic,DEN,C,2024-12-08,32,10.24,2.0,1,0,31.53,27.01,22.72,0.388,2,5,10,3,0,1.26,0.288,592.1,23,0.749,97.65,0.128,1,45,0,0,1,0.6738
1020,Nikola Jokic,DEN,C,2024-12-09,30,9.0,0.0,1,0,30.08,28.46,32.74,-0.081,3,5,13,5,0,1.96,0.262,869.3,26,0.594,97.86,0.049,0,371,0,0,0,0.1943
1020,Nikola Jokic,DEN,C,2024-12-10,32,10.24,2.0,1,0,24.11,21.91,21.06,0.145,2,5,11,1,0,3.09,-0.141,456.1,22,0.788,97.63,0.02,1,37,0,1,1,0.3884
1020,Nikola Jokic,DEN,C,2024-12-12,32,10.24,2.0,1,0,31.96,33.48,33.12,-0.035,3,6,13,5,1,1.67,-0.132,725.3,23,1.023,97.75,0.051,1,66,0,1,0,0.7306
1020,Nikola Jokic,DEN,C,2024-12-14,31,9.61,1.0,1,0,31.92,33.47,29.6,0.078,2,6,11,3,0,2.21,-0.833,756.0,25,0.915,97.07,0.0,0,159,0,0,0,0.1979
1020,Nikola Jokic,DEN,C,2024-12-15,32,10.24,2.0,1,0,28.08,23.51,22.63,0.241,4,7,12,4,3,1.67,0.212,589.4,25,0.649,98.38,0.15,0,210,0,0,1,0.681
1020,Nikola Jokic,DEN,C,2024-12-16,31,9.61,1.0,1,0,19.78,18.0,11.9,0.662,4,6,10,2,2,1.93,0.137,414.3,29,0.736,97.08,0.156,0,205,0,0,0,0.6006
1020,Nikola Jokic,DEN,C,2024-12-19,32,10.24,2.0,1,0,33.89,29.44,28.47,0.19,1,4,10,4,0,1.66,-1.041,878.2,28,0.69,98.14,0.0,0,312,0,0,0,0.2574
1020,Nikola Jokic,DEN,C,2024-12-20,31,9.61,1.0,1,0,23.93,25.67,22.93,0.044,3,7,13,7,0,2.19,-0.071,597.8,27,0.498,97.9,0.041,0,333,0,0,0,0.1847
1020,Nikola Jokic,DEN,C,2024-12-21,30,9.0,0.0,1,0,31.19,33.5,32.64,-0.044,3,6,15,3,1,1.91,0.153,964.4,27,0.794,98.13,0.075,1,68,0,0,0,0.5495
1020,Nikola Jokic,DEN,C,2024-12-22,31,9.61,1.0,1,0,37.31,40.0,33.95,0.099,2,5,12,4,0,1.12,-0.258,1307.0,34,0.574,97.45,0.0,0,174,0,0,0,0.2644
1020,Nikola Jokic,DEN,C,2024-12-22,30,9.0,0.0,1,0,27.09,26.66,28.61,-0.053,3,7,11,3,0,2.41,-0.353,976.3,34,0.855,99.09,0.035,0,190,0,0,0,0.1224
1020,Nikola Jokic,DEN,C,2025-01-02,30,9.0,0.0,1,0,29.0,28.47,26.94,0.077,3,6,15,0,0,2.13,0.235,976.4,37,0.8,99.24,0.083,0,124,0,0,0,0.21
1020,Nikola Jokic,DEN,C,2025-01-02,32,10.24,2.0,1,0,35.13,32.39,32.36,0.086,2,4,10,2,0,1.65,0.154,1058.7,34,0.803,97.03,0.125,0,369,0,0,0,0.228
1020,Nikola Jokic,DEN,C,2025-01-03,32,10.24,2.0,1,0,38.96,34.41,30.91,0.26,2,5,9,2,0,2.02,0.399,1116.2,35,0.638,97.32,0.193,2,22,0,0,1,0.7356
1020,Nikola Jokic,DEN,C,2025-01-10,32,10.24,2.0,1,0,26.51,25.74,28.3,-0.063,3,7,14,7,3,1.24,0.24,903.8,36,0.993,98.92,0.018,1,22,0,0,1,0.85
1020,Nikola Jokic,DEN,C,2025-01-13,31,9.61,1.0,1,0,32.79,34.4,34.0,-0.036,2,6,13,3,0,1.37,-0.278,1217.2,37,0.858,96.87,0.0,0,148,0,0,0,0.2318
1020,Nikola Jokic,DEN,C,2025-01-13,32,10.24,2.0,1,0,30.13,29.81,29.83,0.01,1,3,8,3,1,2.34,-0.089,1203.3,42,0.387,98.2,0.026,0,321,0,0,0,0.199
1020,Nikola Jokic,DEN,C,2025-01-15,30,9.0,0.0,1,0,23.05,23.93,25.74,-0.105,3,7,13,7,1,1.95,0.226,906.1,38,0.732,96.95,0.089,1,77,0,0,1,0.567
1020,Nikola Jokic,DEN,C,2025-01-23,31,9.61,1.0,1,0,26.83,27.46,27.61,-0.028,2,6,15,1,1,1.71,0.46,1309.7,46,0.907,98.61,0.125,1,79,0,0,0,0.5288
1020,Nikola Jokic,DEN,C,2025-01-25,31,9.61,1.0,1,0,23.96,24.6,25.28,-0.053,3,6,13,2,0,2.26,-0.299,1051.7,44,0.673,98.92,0.048,1,24,0,1,0,0.4295
1020,Nikola Jokic,DEN,C,2025-01-26,31,9.61,1.0,1,0,33.94,33.04,32.74,0.037,1,5,14,3,0,2.19,0.557,1480.1,43,0.638,97.84,0.112,0,342,0,0,1,0.2318
1020,Nikola Jokic,DEN,C,2025-01-27,31,9.61,1.0,1,0,23.91,24.99,22.32,0.072,3,5,11,1,1,1.88,-0.317,1120.1,46,0.704,98.22,0.0,0,260,0,0,0,0.1763
1020,Nikola Jokic,DEN,C,2025-01-28,30,9.0,0.0,1,0,29.89,30.81,31.29,-0.045,2,6,11,0,0,2.08,0.63,1449.7,47,0.832,97.84,0.116,0,231,0,0,0,0.1421
1020,Nikola Jokic,DEN,C,2025-01-28,31,9.61,1.0,1,0,22.29,27.51,24.18,-0.078,2,6,10,6,1,1.93,0.533,1099.3,46,0.786,98.65,0.153,0,294,0,0,0,0.3331
1020,Nikola Jokic,DEN,C,2025-02-05,32,10.24,2.0,1,0,34.0,35.59,29.66,0.146,1,3,11,0,0,2.15,-0.081,1637.1,48,0.719,96.83,0.008,1,76,0,0,0,0.3313
1020,Nikola Jokic,DEN,C,2025-02-09,31,9.61,1.0,1,0,26.16,23.38,26.7,-0.02,2,5,14,3,0,1.84,0.254,1319.3,52,0.831,98.22,0.057,1,37,0,0,0,0.4283
1020,Nikola Jokic,DEN,C,2025-02-09,30,9.0,0.0,1,0,27.7,29.32,25.08,0.105,1,4,11,1,0,1.09,-0.354,1464.2,53,0.721,97.16,0.07,0,380,0,0,0,0.1479
1020,Nikola Jokic,DEN,C,2025-02-12,31,9.61,1.0,1,0,26.6,25.72,28.01,-0.05,3,5,11,1,1,2.15,-0.842,1331.9,54,0.459,97.45,0.024,1,79,0,0,1,0.3346
1020,Nikola Jokic,DEN,C,2025-02-27,32,10.24,2.0,1,0,30.92,31.53,33.97,-0.09,3,7,11,2,1,2.73,0.396,1976.2,64,0.89,99.93,0.0,1,18,0,1,1,0.6475
1020,Nikola Jokic,DEN,C,2025-03-02,30,9.0,0.0,1,0,24.84,20.63,17.79,0.396,4,7,12,5,1,1.36,0.411,1272.4,65,0.972,97.92,0.111,0,379,0,0,0,0.5239
1020,Nikola Jokic,DEN,C,2025-03-05,31,9.61,1.0,1,0,28.64,26.29,30.81,-0.07,1,3,10,3,0,1.3,-0.13,1600.7,61,0.794,97.08,0.0,1,38,0,1,0,0.5187
1020,Nikola Jokic,DEN,C,2025-03-07,31,9.61,1.0,1,0,38.77,36.31,37.82,0.025,3,5,11,2,1,2.53,-0.323,2241.8,62,0.645,96.41,0.075,0,230,0,0,1,0.2344
1020,Nikola Jokic,DEN,C,2025-03-12,31,9.61,1.0,1,0,30.75,29.07,31.51,-0.024,2,4,8,0,0,1.9,0.241,1887.8,64,0.578,98.61,0.016,0,238,0,0,1,0.1148
1020,Nikola Jokic,DEN,C,2025-03-12,32,10.24,2.0,1,0,27.04,30.54,31.6,-0.144,1,3,10,0,1,1.86,0.173,1866.9,65,0.876,97.5,0.031,2,70,0,0,1,0.4991
1041,Paolo Banchero,ORL,PF,2024-10-22,24,5.76,0.0,1,0,29.31,25.89,27.79,0.055,3,5,9,3,1,0.85,0.124,98.0,4,0.849,97.45,0.0,0,168,0,0,0,0.3079
1041,Paolo Banchero,ORL,PF,2024-10-23,23,5.29,0.0,1,0,22.93,25.56,26.46,-0.133,2,5,14,3,0,1.77,-0.295,83.3,4,0.74,97.15,0.0,1,53,0,0,1,0.3272
1041,Paolo Banchero,ORL,PF,2024-11-04,24,5.76,0.0,1,0,35.59,34.11,28.02,0.27,3,7,11,1,0,1.43,0.416,115.8,6,0.801,97.55,0.137,0,301,0,0,1,0.2969
1041,Paolo Banchero,ORL,PF,2024-11-12,24,5.76,0.0,1,0,29.01,29.26,29.09,-0.002,3,5,10,5,1,1.38,0.22,442.1,14,0.482,97.21,0.051,2,58,0,0,1,0.6615
1041,Paolo Banchero,ORL,PF,2024-11-12,23,5.29,0.0,1,0,24.67,26.35,25.87,-0.046,2,4,10,2,0,1.54,-0.816,239.1,10,0.706,97.55,0.0,0,208,0,0,1,0.1158
1041,Paolo Banchero,ORL,PF,2024-11-13,23,5.29,0.0,1,0,33.41,36.1,33.4,0.0,2,4,13,4,1,1.19,0.38,281.0,10,0.566,97.23,0.038,0,191,0,0,0,0.3429
1041,Paolo Banchero,ORL,PF,2024-11-14,24,5.76,0.0,1,0,31.73,31.51,32.92,-0.036,1,3,8,0,0,1.33,-0.032,543.3,15,0.3,98.05,0.057,0,323,0,0,0,0.1099
1041,Paolo Banchero,ORL,PF,2024-11-16,24,5.76,0.0,1,0,32.38,31.04,30.4,0.065,2,4,8,0,0,1.82,0.112,380.7,13,0.733,97.27,0.021,1,39,0,1,0,0.4675
1041,Paolo Banchero,ORL,PF,2024-11-22,23,5.29,0.0,1,0,21.45,20.22,22.53,-0.048,1,5,14,2,3,0.7,0.306,356.7,18,0.743,99.53,0.092,1,32,0,0,1,0.7754
1041,Paolo Banchero,ORL,PF,2024-11-24,24,5.76,0.0,1,0,37.09,37.58,37.5,-0.011,3,5,10,5,0,1.36,0.297,506.4,14,0.722,97.23,0.022,0,269,0,0,0,0.2528
1041,Paolo Banchero,ORL,PF,2024-12-02,23,5.29,0.0,1,0,34.44,33.64,38.0,-0.094,1,3,10,0,0,2.72,-0.462,862.5,24,0.53,98.09,0.082,0,327,0,0,0,0.0912
1041,Paolo Banchero,ORL,PF,2024-12-03,23,5.29,0.0,1,0,42.0,35.54,32.57,0.29,4,7,16,7,0,1.6,0.35,796.0,25,0.704,98.19,0.184,1,24,0,0,1,0.8384
1041,Paolo Banchero,ORL,PF,2024-12-04,23,5.29,0.0,1,0,17.74,16.92,17.93,-0.01,1,3,8,3,0,1.54,0.69,484.8,25,0.466,98.25,0.091,1,38,0,0,0,0.3797
1041,Paolo Banchero,ORL,PF,2024-12-05,23,5.29,0.0,1,0,27.88,28.99,26.39,0.056,1,4,8,1,1,1.9,-0.132,775.1,25,0.573,97.92,0.05,0,394,0,0,0,0.1845
1041,Paolo Banchero,ORL,PF,2024-12-06,24,5.76,0.0,1,0,31.16,30.6,32.92,-0.053,3,6,10,1,2,1.05,0.241,691.4,25,0.801,99.5,0.052,0,172,0,0,1,0.3891
1041,Paolo Banchero,ORL,PF,2024-12-09,23,5.29,0.0,1,0,24.77,21.16,21.77,0.138,1,5,13,0,1,1.79,0.057,561.4,26,0.632,97.4,0.014,1,69,0,0,0,0.4156
1041,Paolo Banchero,ORL,PF,2024-12-16,23,5.29,0.0,1,0,23.18,24.5,19.43,0.193,2,4,12,2,1,1.31,-0.341,548.3,27,0.829,98.95,0.0,0,126,0,0,1,0.3349
1041,Paolo Banchero,ORL,PF,2024-12-24,24,5.76,0.0,1,0,21.66,24.3,22.27,-0.027,3,5,9,3,0,2.53,0.218,654.0,28,0.846,98.04,0.1,0,307,0,0,0,0.1126
1041,Paolo Banchero,ORL,PF,2024-12-26,22,4.84,0.0,1,0,36.42,33.29,29.59,0.231,3,6,10,6,0,1.96,-0.182,943.1,31,0.488,98.24,0.174,0,323,0,0,1,0.327
1041,Paolo Banchero,ORL,PF,2024-12-28,23,5.29,0.0,1,0,26.78,25.59,30.01,-0.107,1,5,11,5,1,1.22,-0.815,790.6,30,0.775,97.76,0.001,0,175,0,0,1,0.2928
1041,Paolo Banchero,ORL,PF,2025-01-01,23,5.29,0.0,1,0,26.4,28.92,27.11,-0.026,2,4,11,1,0,1.81,1.199,894.1,32,0.522,98.29,0.118,0,208,0,0,0,0.1812
1041,Paolo Banchero,ORL,PF,2025-01-02,23,5.29,0.0,1,0,29.19,28.59,28.74,0.016,1,5,14,2,1,1.89,-0.202,1017.5,36,0.687,98.97,0.0,0,380,0,0,0,0.2135
1041,Paolo Banchero,ORL,PF,2025-01-06,22,4.84,0.0,1,0,27.11,21.56,23.63,0.147,1,4,11,2,1,1.89,-0.123,873.6,35,0.462,97.96,0.038,1,51,0,0,0,0.4865
1041,Paolo Banchero,ORL,PF,2025-01-10,22,4.84,0.0,1,0,31.43,32.73,36.23,-0.133,3,5,14,0,0,1.85,0.405,1297.2,38,0.497,97.36,0.063,0,207,0,0,0,0.1386
1041,Paolo Banchero,ORL,PF,2025-01-11,24,5.76,0.0,1,0,24.8,23.18,26.37,-0.06,1,3,10,1,1,2.29,-0.421,1053.6,39,0.907,99.24,0.039,0,179,0,0,0,0.1669
1041,Paolo Banchero,ORL,PF,2025-01-13,23,5.29,0.0,1,0,34.17,31.78,25.23,0.355,3,5,13,3,3,1.43,0.838,1236.1,44,0.67,98.44,0.219,0,168,0,0,1,0.8388
1041,Paolo Banchero,ORL,PF,2025-01-14,23,5.29,0.0,1,0,29.32,30.76,30.31,-0.033,3,7,15,1,1,1.9,0.062,1318.3,42,0.488,98.5,0.005,0,187,0,0,0,0.2063
1041,Paolo Banchero,ORL,PF,2025-01-16,24,5.76,0.0,1,0,36.83,36.26,38.0,-0.031,3,7,12,6,1,1.79,-0.361,1578.6,43,0.774,98.61,0.06,0,367,0,0,0,0.3533
1041,Paolo Banchero,ORL,PF,2025-01-24,23,5.29,0.0,1,0,21.84,23.95,27.93,-0.218,1,4,9,3,0,1.53,0.389,1000.9,42,1.014,98.89,0.053,1,24,0,0,0,0.4244
1041,Paolo Banchero,ORL,PF,2025-01-28,24,5.76,0.0,1,0,37.75,37.06,29.02,0.301,2,4,12,3,0,3.11,0.164,1439.1,48,0.585,98.42,0.168,0,398,0,0,0,0.2379
1041,Paolo Banchero,ORL,PF,2025-01-28,22,4.84,0.0,1,0,34.88,31.22,26.67,0.308,2,5,9,4,0,1.42,1.039,1365.2,45,0.614,98.32,0.246,0,221,0,0,0,0.4816
1041,Paolo Banchero,ORL,PF,2025-01-28,23,5.29,0.0,1,0,42.0,40.0,38.0,0.105,2,4,12,2,1,1.74,0.003,1906.6,50,0.638,97.87,0.1,2,76,0,0,1,0.6797
1041,Paolo Banchero,ORL,PF,2025-01-30,23,5.29,0.0,1,0,22.94,27.0,23.76,-0.034,2,5,9,5,1,1.5,-0.143,1059.6,45,0.504,97.25,0.029,0,326,0,0,1,0.2327
1041,Paolo Banchero,ORL,PF,2025-01-31,22,4.84,0.0,1,0,29.32,29.09,30.53,-0.04,3,7,11,4,0,2.05,-0.504,1527.3,50,0.695,98.95,0.0,1,31,0,1,0,0.5001
1041,Paolo Banchero,ORL,PF,2025-02-04,22,4.84,0.0,1,0,34.13,30.16,36.67,-0.069,1,3,11,2,2,1.96,0.707,1955.9,53,0.694,96.97,0.176,0,364,0,0,0,0.4455
1041,Paolo Banchero,ORL,PF,2025-02-05,23,5.29,0.0,1,0,34.25,33.78,25.04,0.368,3,7,13,7,0,1.8,0.278,1617.3,51,0.883,97.55,0.167,0,393,0,0,0,0.4914
1041,Paolo Banchero,ORL,PF,2025-02-05,23,5.29,0.0,1,0,38.79,38.06,38.0,0.021,3,5,10,1,0,2.62,0.117,1878.0,49,0.846,97.28,0.033,0,173,0,0,0,0.1522
1041,Paolo Banchero,ORL,PF,2025-02-09,22,4.84,0.0,1,0,28.75,31.44,32.26,-0.109,2,4,10,1,2,1.52,-0.914,1595.1,50,0.703,95.84,0.07,1,77,0,0,1,0.554
1041,Paolo Banchero,ORL,PF,2025-02-19,22,4.84,0.0,1,0,31.86,31.04,30.85,0.033,3,6,14,0,0,2.03,0.366,1816.3,59,0.504,96.18,0.0,0,331,0,0,0,0.1311
1041,Paolo Banchero,ORL,PF,2025-02-26,24,5.76,0.0,1,0,25.62,24.4,27.4,-0.065,4,6,11,5,1,1.35,0.696,1299.7,57,0.879,96.94,0.169,0,288,0,0,1,0.3793
1041,Paolo Banchero,ORL,PF,2025-02-27,23,5.29,0.0,1,0,42.0,39.69,34.87,0.205,2,6,10,6,0,2.2,0.818,2190.7,64,0.709,98.6,0.207,0,238,0,0,1,0.4593
1041,Paolo Banchero,ORL,PF,2025-03-01,22,4.84,0.0,1,0,22.21,22.66,22.55,-0.015,2,5,13,0,1,2.12,0.059,1510.4,61,0.488,98.86,0.087,0,323,0,0,0,0.1339
1041,Paolo Banchero,ORL,PF,2025-03-02,24,5.76,0.0,1,0,30.7,31.81,33.4,-0.081,2,5,9,2,0,1.6,0.253,2120.8,63,0.904,98.57,0.0,0,347,0,0,0,0.1584
1041,Paolo Banchero,ORL,PF,2025-03-04,24,5.76,0.0,1,0,31.29,31.23,29.47,0.062,2,5,10,3,0,2.07,0.499,1934.2,66,0.513,97.74,0.069,0,278,0,0,0,0.1857
1041,Paolo Banchero,ORL,PF,2025-03-05,22,4.84,0.0,1,0,37.13,38.5,34.03,0.091,2,5,11,2,0,1.74,0.019,2185.4,60,0.77,98.76,0.037,1,16,0,0,0,0.4871
1041,Paolo Banchero,ORL,PF,2025-03-07,23,5.29,0.0,1,0,35.37,31.47,34.5,0.025,1,3,10,3,0,2.39,-0.511,2083.8,67,0.673,98.67,0.003,1,50,0,0,0,0.3563
1041,Paolo Banchero,ORL,PF,2025-03-07,24,5.76,0.0,1,0,42.0,40.0,35.62,0.179,2,5,9,5,0,2.26,0.716,2336.4,63,0.52,96.17,0.166,0,209,0,0,0,0.3766
1041,Paolo Banchero,ORL,PF,2025-03-08,23,5.29,0.0,1,0,26.23,28.72,25.41,0.032,2,6,10,2,1,1.93,0.689,1721.2,65,0.711,97.06,0.044,1,58,0,0,1,0.5156
1041,Paolo Banchero,ORL,PF,2025-03-14,23,5.29,0.0,1,0,24.1,27.34,26.43,-0.088,3,7,15,5,0,2.04,-0.645,1726.9,66,0.633,98.47,0.036,0,324,0,0,0,0.1607
1041,Paolo Banchero,ORL,PF,2025-03-18,24,5.76,0.0,1,0,33.89,35.53,36.88,-0.081,3,6,14,0,1,1.34,0.036,2228.8,67,0.624,98.19,0.0,0,204,0,0,0,0.2141
1041,Paolo Banchero,ORL,PF,2025-03-20,23,5.29,0.0,1,0,39.46,38.35,38.0,0.038,3,6,14,2,1,0.6,-0.082,2651.8,69,0.764,96.55,0.0,0,228,0,0,0,0.3141
1041,Paolo Banchero,ORL,PF,2025-03-20,24,5.76,0.0,1,0,27.98,29.7,23.4,0.196,1,3,8,2,1,1.53,-0.13,2031.4,72,0.831,97.58,0.0,0,194,0,0,0,0.2868
1040,Pascal Siakam,IND,PF,2024-10-22,32,10.24,2.0,1,0,42.0,37.64,35.79,0.174,4,7,15,3,0,1.84,0.978,157.8,5,0.639,104.77,0.252,1,67,0,0,1,0.7791
1040,Pascal Siakam,IND,PF,2024-10-23,33,10.89,3.0,1,0,33.92,31.22,27.46,0.235,2,5,13,3,1,1.43,1.207,125.2,4,0.848,104.04,0.32,0,124,0,0,0,0.7763
1040,Pascal Siakam,IND,PF,2024-10-24,32,10.24,2.0,1,0,23.88,22.56,21.73,0.099,2,4,12,2,0,1.5,-0.382,102.6,6,0.594,104.51,0.011,0,348,0,0,0,0.1752
1040,Pascal Siakam,IND,PF,2024-10-31,31,9.61,1.0,1,0,25.54,25.62,25.54,-0.0,2,4,8,2,0,2.0,0.02,231.7,6,0.927,104.73,0.016,0,176,0,0,0,0.1614
1040,Pascal Siakam,IND,PF,2024-11-03,33,10.89,3.0,1,0,35.88,37.89,36.04,-0.004,2,6,14,0,2,0.66,-0.446,255.6,8,0.543,104.84,0.026,0,156,0,0,1,0.481
1040,Pascal Siakam,IND,PF,2024-11-07,31,9.61,1.0,1,0,28.62,30.22,28.48,0.005,2,6,11,4,0,2.14,-0.342,264.3,9,0.583,103.93,0.039,0,388,0,0,0,0.1685
1040,Pascal Siakam,IND,PF,2024-11-10,32,10.24,2.0,1,0,26.56,28.01,23.84,0.114,1,5,13,3,0,1.72,-0.483,175.1,8,0.777,105.66,0.079,1,54,0,1,1,0.6304
1040,Pascal Siakam,IND,PF,2024-11-11,32,10.24,2.0,1,0,22.1,23.29,23.13,-0.045,3,6,13,1,0,2.33,0.045,297.7,11,0.925,105.09,0.086,2,18,0,1,1,0.5887
1040,Pascal Siakam,IND,PF,2024-11-13,33,10.89,3.0,1,0,30.04,25.13,24.42,0.23,4,6,13,6,1,1.76,0.37,251.1,12,0.677,103.4,0.1,0,270,0,0,0,0.5572
1040,Pascal Siakam,IND,PF,2024-11-13,33,10.89,3.0,1,0,26.4,27.84,25.84,0.022,4,7,16,6,0,2.13,0.812,221.5,10,0.766,104.8,0.168,3,83,1,1,1,0.85
1040,Pascal Siakam,IND,PF,2024-11-15,31,9.61,1.0,1,0,30.86,29.11,26.7,0.156,3,5,11,5,1,1.89,-0.417,418.2,14,0.515,104.67,0.032,0,127,0,0,1,0.4827
1040,Pascal Siakam,IND,PF,2024-11-17,31,9.61,1.0,1,0,36.58,33.64,35.61,0.027,1,3,10,1,0,2.23,-0.454,598.2,16,0.58,103.23,0.005,0,370,0,0,0,0.1478
1040,Pascal Siakam,IND,PF,2024-11-17,31,9.61,1.0,1,0,33.9,32.65,34.4,-0.014,1,4,9,4,0,1.83,-0.16,490.6,15,0.489,103.18,0.053,0,304,0,0,0,0.2014
1040,Pascal Siakam,IND,PF,2024-11-21,31,9.61,1.0,1,0,33.47,31.69,29.92,0.119,3,7,15,4,0,2.23,0.203,439.0,13,0.668,102.65,0.044,2,29,0,1,1,0.7723
1040,Pascal Siakam,IND,PF,2024-11-24,32,10.24,2.0,1,0,30.95,34.05,28.14,0.1,3,5,9,2,2,2.21,0.122,737.9,21,0.636,103.54,0.0,0,134,0,0,1,0.4844
1040,Pascal Siakam,IND,PF,2024-11-26,31,9.61,1.0,1,0,25.94,25.09,23.61,0.099,2,6,11,1,0,2.88,-0.573,387.4,17,0.586,103.71,0.052,0,217,0,0,0,0.1106
1040,Pascal Siakam,IND,PF,2024-11-27,31,9.61,1.0,1,0,31.74,25.53,23.26,0.365,1,5,14,1,2,0.97,-0.161,590.6,23,0.595,103.72,0.0,1,74,0,0,0,0.7883
1040,Pascal Siakam,IND,PF,2024-11-27,33,10.89,3.0,1,0,28.86,29.34,31.3,-0.078,3,6,10,2,1,2.71,-0.279,706.5,23,0.594,103.94,0.017,0,354,0,0,0,0.199
1040,Pascal Siakam,IND,PF,2024-12-06,31,9.61,1.0,1,0,40.04,37.45,35.82,0.118,1,3,11,0,1,1.55,-0.248,941.0,24,0.826,103.2,0.05,1,85,0,0,0,0.5799
1040,Pascal Siakam,IND,PF,2024-12-06,33,10.89,3.0,1,0,33.78,32.96,33.93,-0.005,3,6,13,1,2,1.7,0.578,880.9,27,0.765,103.41,0.051,1,66,0,1,0,0.8251
1040,Pascal Siakam,IND,PF,2024-12-08,31,9.61,1.0,1,0,17.76,20.59,17.97,-0.012,1,4,12,2,0,1.0,-0.416,513.6,26,0.669,104.36,0.057,0,122,0,0,1,0.1831
1040,Pascal Siakam,IND,PF,2024-12-09,33,10.89,3.0,1,0,20.93,23.83,23.5,-0.109,2,5,13,5,0,2.33,-0.61,375.5,21,0.469,104.95,0.035,2,10,0,0,0,0.5433
1040,Pascal Siakam,IND,PF,2024-12-13,31,9.61,1.0,1,0,24.63,26.65,24.14,0.02,2,4,13,2,1,2.17,-0.363,678.6,26,0.907,104.93,0.021,1,45,0,0,0,0.5046
1040,Pascal Siakam,IND,PF,2024-12-18,32,10.24,2.0,1,0,23.52,25.02,22.24,0.057,2,5,14,2,1,1.61,0.976,561.0,27,0.864,103.93,0.224,1,47,0,1,1,0.8163
1040,Pascal Siakam,IND,PF,2024-12-18,32,10.24,2.0,1,0,29.35,25.83,26.22,0.119,3,7,12,4,0,1.16,-0.166,791.9,28,0.713,104.02,0.042,0,348,0,0,0,0.2606
1040,Pascal Siakam,IND,PF,2024-12-21,33,10.89,3.0,1,0,33.99,32.22,33.11,0.026,2,5,11,2,1,2.04,0.389,914.3,30,0.557,104.14,0.074,0,261,0,0,0,0.3306
1040,Pascal Siakam,IND,PF,2024-12-29,31,9.61,1.0,1,0,33.34,34.62,32.65,0.021,4,7,15,1,2,2.21,0.497,850.4,31,0.502,104.0,0.141,0,256,0,0,1,0.4568
1040,Pascal Siakam,IND,PF,2025-01-01,32,10.24,2.0,1,0,31.91,30.17,29.82,0.07,2,4,11,3,1,1.79,-0.142,1077.1,34,0.522,103.81,0.028,0,196,0,0,0,0.3138
1040,Pascal Siakam,IND,PF,2025-01-02,32,10.24,2.0,1,0,30.01,30.69,31.21,-0.038,2,4,9,2,2,0.88,-0.269,1019.5,33,0.996,102.23,0.039,0,271,0,0,0,0.4037
1040,Pascal Siakam,IND,PF,2025-01-10,33,10.89,3.0,1,0,23.26,25.44,21.79,0.067,1,5,13,4,1,1.56,-0.472,916.2,41,0.591,104.46,0.0,1,67,0,0,1,0.5853
1040,Pascal Siakam,IND,PF,2025-01-12,33,10.89,3.0,1,0,32.8,34.17,31.59,0.038,1,4,13,4,1,1.52,-0.42,1444.0,40,0.74,103.49,0.0,0,138,0,0,0,0.46
1040,Pascal Siakam,IND,PF,2025-01-17,33,10.89,3.0,1,0,29.8,27.85,33.22,-0.103,2,6,15,2,0,2.5,0.684,1062.3,39,0.545,103.02,0.101,1,46,0,1,1,0.6097
1040,Pascal Siakam,IND,PF,2025-01-21,32,10.24,2.0,1,0,29.05,29.36,29.65,-0.02,2,4,9,4,0,1.67,0.437,1316.6,42,1.03,104.06,0.102,0,377,0,0,0,0.2758
1040,Pascal Siakam,IND,PF,2025-01-22,33,10.89,3.0,1,0,30.2,30.31,29.89,0.01,3,7,13,3,0,1.28,-0.165,1340.6,44,0.642,105.18,0.04,0,343,0,0,0,0.2279
1040,Pascal Siakam,IND,PF,2025-01-22,31,9.61,1.0,1,0,34.12,32.97,32.62,0.046,3,5,13,2,0,1.81,-0.255,1580.4,48,0.988,104.69,0.009,0,282,0,0,0,0.2154
1040,Pascal Siakam,IND,PF,2025-02-05,31,9.61,1.0,1,0,34.22,33.52,29.21,0.172,3,7,16,6,2,1.52,0.266,1643.3,49,0.894,103.46,0.001,0,275,0,0,0,0.703
1040,Pascal Siakam,IND,PF,2025-02-07,31,9.61,1.0,1,0,26.16,24.18,24.82,0.054,2,6,14,5,1,1.77,-0.228,1261.3,55,0.941,102.33,0.037,2,72,0,0,1,0.6984
1040,Pascal Siakam,IND,PF,2025-02-12,32,10.24,2.0,1,0,31.8,29.02,30.9,0.029,2,5,12,2,0,2.22,-0.276,1682.4,58,0.696,103.66,0.05,0,312,0,0,0,0.1644
1040,Pascal Siakam,IND,PF,2025-02-13,32,10.24,2.0,1,0,38.26,32.3,30.49,0.255,2,4,9,1,2,0.6,0.657,1793.2,58,0.62,104.5,0.213,0,227,0,0,1,0.6818
1040,Pascal Siakam,IND,PF,2025-02-14,32,10.24,2.0,1,0,34.29,34.17,29.13,0.177,2,4,9,2,1,2.59,0.188,1574.5,53,0.912,102.47,0.188,0,230,0,0,1,0.3646
1040,Pascal Siakam,IND,PF,2025-02-19,33,10.89,3.0,1,0,34.23,29.64,30.25,0.132,2,5,14,2,1,1.64,0.282,1744.1,57,0.699,104.19,0.033,0,301,0,0,0,0.4269
1040,Pascal Siakam,IND,PF,2025-02-21,32,10.24,2.0,1,0,34.57,40.0,30.61,0.129,1,5,9,5,1,1.72,-0.243,2255.5,62,0.769,104.15,0.0,1,50,0,0,1,0.7161
1040,Pascal Siakam,IND,PF,2025-02-24,31,9.61,1.0,1,0,24.8,25.26,24.43,0.015,1,3,11,2,0,1.55,0.407,1528.1,61,0.63,104.34,0.0,0,143,0,0,0,0.2237
1040,Pascal Siakam,IND,PF,2025-02-24,33,10.89,3.0,1,0,33.25,38.67,36.33,-0.085,3,6,11,4,0,1.73,-0.372,2129.6,60,0.709,103.44,0.0,0,256,0,0,0,0.2226
1040,Pascal Siakam,IND,PF,2025-03-04,31,9.61,1.0,1,0,31.66,37.38,29.61,0.069,2,6,14,2,1,1.95,-1.018,2058.7,64,0.887,102.37,0.03,0,249,0,0,0,0.2973
1040,Pascal Siakam,IND,PF,2025-03-04,33,10.89,3.0,1,0,35.0,38.0,38.0,-0.079,3,6,11,5,1,2.0,0.044,2588.2,67,0.835,103.94,0.0,2,39,0,0,0,0.7527
1040,Pascal Siakam,IND,PF,2025-03-09,33,10.89,3.0,1,0,35.07,37.22,36.49,-0.039,1,4,9,4,0,2.03,0.238,2454.4,69,0.387,104.16,0.088,0,398,0,0,0,0.2424
1040,Pascal Siakam,IND,PF,2025-03-13,33,10.89,3.0,1,0,17.09,25.52,21.93,-0.221,1,5,12,2,1,1.21,0.82,1578.0,71,0.689,104.35,0.028,1,39,0,1,0,0.701
1040,Pascal Siakam,IND,PF,2025-03-14,32,10.24,2.0,1,0,22.46,21.83,20.96,0.071,2,5,12,3,0,1.61,-1.074,1598.2,70,0.822,103.66,0.009,1,42,0,0,1,0.4297
1040,Pascal Siakam,IND,PF,2025-03-16,32,10.24,2.0,1,0,25.69,23.78,22.53,0.14,2,4,10,3,0,1.86,-0.148,1742.1,69,0.436,103.11,0.001,0,121,0,0,1,0.2526
1040,Pascal Siakam,IND,PF,2025-03-16,31,9.61,1.0,1,0,30.7,30.02,33.12,-0.073,1,4,12,1,0,3.44,-0.171,1993.7,66,0.659,104.76,0.021,0,256,0,0,0,0.0929
1040,Pascal Siakam,IND,PF,2025-03-22,31,9.61,1.0,1,0,21.98,23.41,27.42,-0.198,2,6,10,3,1,1.73,-0.06,1558.3,70,0.727,103.69,0.073,0,299,0,0,1,0.234
1030,Paul George,LAC,SF,2024-10-24,36,12.96,6.0,0,0,18.33,17.88,19.49,-0.06,2,6,15,0,0,2.24,-0.839,164.6,6,0.661,99.17,0.029,0,398,0,0,0,0.0577
1030,Paul George,LAC,SF,2024-10-24,34,11.56,4.0,0,0,28.25,33.46,31.99,-0.117,3,5,9,2,1,1.04,-0.209,160.7,4,0.861,97.84,0.078,0,320,0,0,0,0.1648
1030,Paul George,LAC,SF,2024-10-26,36,12.96,6.0,0,0,31.7,33.1,36.41,-0.129,1,3,10,3,0,1.33,0.139,206.7,8,0.736,98.92,0.067,0,172,0,0,0,0.1587
1030,Paul George,LAC,SF,2024-10-29,35,12.25,5.0,0,0,24.42,26.37,25.82,-0.054,2,6,14,4,0,1.59,0.442,119.1,4,0.806,98.94,0.016,0,316,0,0,0,0.1443
1030,Paul George,LAC,SF,2024-11-05,36,12.96,6.0,0,0,28.11,31.87,30.9,-0.09,1,4,9,3,1,1.34,0.265,234.8,9,0.871,97.72,0.0,0,391,0,0,0,0.2047
1030,Paul George,LAC,SF,2024-11-07,34,11.56,4.0,0,0,32.13,32.13,36.95,-0.13,1,5,14,2,2,1.56,-0.721,313.7,12,0.91,98.59,0.032,0,344,0,0,0,0.2922
1030,Paul George,LAC,SF,2024-11-13,36,12.96,6.0,0,0,34.76,30.52,25.93,0.34,3,7,14,5,2,1.37,0.533,474.2,15,0.395,98.26,0.195,0,370,0,0,0,0.6573
1030,Paul George,LAC,SF,2024-11-14,34,11.56,4.0,0,0,29.82,28.41,26.52,0.124,1,5,11,1,0,2.24,0.277,305.1,10,0.674,99.07,0.077,2,39,0,0,0,0.3767
1030,Paul George,LAC,SF,2024-11-21,36,12.96,6.0,0,0,24.93,25.4,28.13,-0.114,1,3,8,2,0,1.14,0.472,430.7,17,0.618,98.3,0.025,2,67,0,0,0,0.3584
1030,Paul George,LAC,SF,2024-11-27,35,12.25,5.0,0,0,26.97,27.58,28.07,-0.039,2,4,9,1,0,1.54,-0.08,584.0,22,0.864,98.56,0.013,1,84,0,1,0,0.2996
1030,Paul George,LAC,SF,2024-11-30,34,11.56,4.0,0,0,23.86,27.49,21.72,0.099,2,4,11,3,0,2.11,-0.448,639.7,23,0.772,98.56,0.058,0,157,0,0,0,0.1186
1030,Paul George,LAC,SF,2024-12-01,35,12.25,5.0,0,0,40.63,33.22,33.45,0.214,4,7,11,0,1,1.65,1.428,532.0,18,0.655,98.22,0.246,0,154,0,0,1,0.5136
1030,Paul George,LAC,SF,2024-12-02,35,12.25,5.0,0,0,25.45,21.73,27.59,-0.078,3,5,9,4,1,1.3,-0.602,649.1,25,0.423,98.84,0.023,1,58,0,1,0,0.5116
1030,Paul George,LAC,SF,2024-12-08,35,12.25,5.0,0,0,27.15,23.76,25.08,0.082,2,5,9,5,0,1.37,-0.129,721.8,28,0.776,98.4,0.007,1,26,0,1,1,0.5248
1030,Paul George,LAC,SF,2024-12-09,35,12.25,5.0,0,0,35.06,34.42,33.6,0.043,3,7,14,3,0,1.66,-0.617,959.5,27,0.396,99.37,0.01,0,339,0,0,0,0.1385
1030,Paul George,LAC,SF,2024-12-13,34,11.56,4.0,0,0,32.37,34.62,28.97,0.117,3,5,14,4,1,1.25,0.074,824.3,27,0.698,98.91,0.002,0,222,0,0,0,0.2704
1030,Paul George,LAC,SF,2024-12-13,35,12.25,5.0,0,0,21.63,20.29,21.98,-0.016,2,5,11,2,1,1.39,-0.034,564.2,27,1.048,97.28,0.0,0,349,0,0,0,0.1401
1030,Paul George,LAC,SF,2024-12-14,34,11.56,4.0,0,0,24.93,25.45,25.29,-0.014,2,5,13,1,3,0.99,0.343,645.5,24,0.699,99.39,0.017,0,240,0,0,0,0.3502
1030,Paul George,LAC,SF,2024-12-15,35,12.25,5.0,0,0,23.58,25.09,22.77,0.035,2,4,10,2,1,0.97,-0.917,879.2,31,0.816,99.61,0.044,1,85,0,1,1,0.4588
1030,Paul George,LAC,SF,2024-12-25,36,12.96,6.0,0,0,37.49,40.0,37.62,-0.004,3,6,10,4,1,1.61,0.399,1347.9,36,0.517,98.9,0.107,1,44,0,0,1,0.5852
1030,Paul George,LAC,SF,2025-01-01,35,12.25,5.0,0,0,34.61,35.56,31.38,0.103,3,6,10,4,2,0.97,-0.63,1268.1,38,1.01,98.29,0.054,2,29,0,1,1,0.85
1030,Paul George,LAC,SF,2025-01-02,36,12.96,6.0,0,0,24.18,24.41,23.73,0.019,2,4,8,2,1,1.4,1.402,717.5,32,0.826,97.77,0.169,0,391,0,0,0,0.3049
1030,Paul George,LAC,SF,2025-01-02,35,12.25,5.0,0,0,31.01,32.19,31.72,-0.023,3,6,12,1,3,1.33,0.012,1047.2,35,0.658,97.16,0.016,0,231,0,0,1,0.348
1030,Paul George,LAC,SF,2025-01-08,36,12.96,6.0,0,0,27.42,28.88,32.1,-0.146,3,6,15,5,1,2.2,-0.618,1098.9,38,0.855,98.99,0.038,1,41,0,1,0,0.6168
1030,Paul George,LAC,SF,2025-01-08,34,11.56,4.0,0,0,26.13,29.32,29.72,-0.121,3,6,10,6,1,2.41,-0.352,1026.2,38,0.56,97.2,0.0,0,333,0,0,0,0.1575
1030,Paul George,LAC,SF,2025-01-15,35,12.25,5.0,0,0,22.13,20.35,23.73,-0.068,2,6,13,4,2,1.32,0.014,914.4,40,0.566,97.98,0.068,0,217,0,0,0,0.2667
1030,Paul George,LAC,SF,2025-01-20,34,11.56,4.0,0,0,26.89,25.79,26.87,0.001,2,5,14,0,1,2.2,-0.516,1233.2,44,0.837,99.14,0.032,1,10,0,0,0,0.346
1030,Paul George,LAC,SF,2025-01-22,36,12.96,6.0,0,0,29.83,27.84,29.3,0.018,2,5,14,4,0,2.28,-0.954,1326.1,44,0.482,98.68,0.023,0,162,0,0,0,0.137
1030,Paul George,LAC,SF,2025-01-22,34,11.56,4.0,0,0,31.1,25.03,21.8,0.427,4,7,11,5,2,1.06,-0.366,1069.0,48,0.621,98.72,0.094,1,51,0,1,1,0.85
1030,Paul George,LAC,SF,2025-01-24,35,12.25,5.0,0,0,25.33,26.37,28.39,-0.108,1,5,12,3,1,1.82,-0.446,1227.0,46,0.415,99.26,0.0,1,72,0,0,0,0.3159
1030,Paul George,LAC,SF,2025-01-25,36,12.96,6.0,0,0,36.08,34.47,26.57,0.358,2,6,13,6,0,2.21,0.372,1503.4,50,0.877,99.11,0.22,1,39,0,1,1,0.7899
1030,Paul George,LAC,SF,2025-02-04,34,11.56,4.0,0,0,33.57,30.16,25.45,0.319,1,4,12,3,2,1.72,-0.347,1598.9,53,0.867,99.22,0.023,2,60,0,0,1,0.7795
1030,Paul George,LAC,SF,2025-02-08,34,11.56,4.0,0,0,26.83,20.57,28.1,-0.045,3,5,11,4,1,1.37,0.898,1388.2,56,0.978,98.98,0.017,1,59,0,0,1,0.5358
1030,Paul George,LAC,SF,2025-02-11,34,11.56,4.0,0,0,19.7,20.22,16.5,0.193,1,5,12,1,0,2.32,-0.258,1062.7,51,0.831,98.62,0.079,1,56,0,0,0,0.2177
1030,Paul George,LAC,SF,2025-02-14,35,12.25,5.0,0,0,20.29,23.5,26.61,-0.238,3,6,13,3,3,1.97,-0.823,1182.8,54,0.622,99.15,0.03,1,13,0,0,1,0.6437
1030,Paul George,LAC,SF,2025-02-14,36,12.96,6.0,0,0,21.89,24.81,19.67,0.113,3,6,10,0,0,2.21,-0.461,1203.8,56,0.889,98.31,0.019,0,352,0,0,0,0.0709
1030,Paul George,LAC,SF,2025-02-15,35,12.25,5.0,0,0,30.37,27.51,23.81,0.275,1,5,11,2,0,1.5,-0.782,1568.4,56,0.845,98.91,0.001,0,127,0,0,0,0.2327
1030,Paul George,LAC,SF,2025-02-19,36,12.96,6.0,0,0,24.58,23.56,21.7,0.133,3,6,13,3,1,1.24,-0.197,1510.0,60,0.76,99.16,0.0,1,76,0,0,0,0.4397
1030,Paul George,LAC,SF,2025-03-03,36,12.96,6.0,0,0,34.06,34.45,36.99,-0.079,3,5,9,3,0,1.66,0.182,2155.9,64,0.804,98.07,0.053,0,154,0,0,1,0.1797
1030,Paul George,LAC,SF,2025-03-05,35,12.25,5.0,0,0,31.03,31.11,31.64,-0.019,3,6,14,5,1,1.13,-0.93,2084.0,66,0.891,99.3,0.0,1,55,0,0,0,0.5271
1030,Paul George,LAC,SF,2025-03-08,36,12.96,6.0,0,0,42.0,37.15,38.0,0.105,4,6,15,2,2,1.51,0.581,2277.3,65,0.585,98.34,0.162,1,75,0,1,0,0.8484
1030,Paul George,LAC,SF,2025-03-09,34,11.56,4.0,0,0,23.53,25.14,24.01,-0.02,3,6,13,1,0,2.73,-0.935,1539.5,63,0.61,97.36,0.024,0,152,0,0,0,0.0661
1030,Paul George,LAC,SF,2025-03-15,36,12.96,6.0,0,0,34.15,28.7,34.2,-0.002,2,4,9,1,0,1.97,-0.292,2025.6,66,0.394,99.4,0.017,0,365,0,0,0,0.0875
1030,Paul George,LAC,SF,2025-03-15,36,12.96,6.0,0,0,26.22,21.23,23.57,0.112,3,7,13,2,0,2.02,-0.791,1669.3,70,0.72,98.77,0.0,0,165,0,0,0,0.1241
1030,Paul George,LAC,SF,2025-03-16,35,12.25,5.0,0,0,27.34,25.1,23.98,0.14,2,4,13,0,1,1.06,-0.567,1843.5,67,0.506,98.0,0.056,0,266,0,0,0,0.1635
1030,Paul George,LAC,SF,2025-03-20,35,12.25,5.0,0,0,27.74,24.86,21.89,0.267,1,3,11,0,1,1.12,-0.396,1850.6,72,0.898,99.03,0.021,1,27,0,0,0,0.4963
1030,Paul George,LAC,SF,2025-03-23,36,12.96,6.0,0,0,23.59,23.25,26.7,-0.117,1,5,11,0,0,1.23,-0.02,1772.4,70,0.775,98.99,0.0,1,80,0,1,0,0.2624
1030,Paul George,LAC,SF,2025-03-23,34,11.56,4.0,0,0,30.08,32.43,27.21,0.105,3,6,10,4,2,2.41,0.638,1877.7,72,0.667,98.51,0.123,0,348,0,0,1,0.3673
1030,Paul George,LAC,SF,2025-03-24,36,12.96,6.0,0,0,28.75,34.26,30.47,-0.056,3,5,11,5,0,1.96,0.587,2199.6,72,0.701,98.39,0.052,0,282,0,0,0,0.1643
1030,Paul George,LAC,SF,2025-03-25,36,12.96,6.0,0,0,27.29,27.84,22.47,0.214,2,6,11,3,1,1.83,-0.068,1682.2,72,0.71,98.7,0.122,2,71,0,1,0,0.703
1030,Paul George,LAC,SF,2025-03-27,34,11.56,4.0,0,0,28.12,26.68,26.98,0.042,1,3,9,1,1,1.7,-0.193,1855.7,71,0.596,97.73,0.087,2,15,0,1,1,0.6181
1030,Paul George,LAC,SF,2025-03-30,36,12.96,6.0,0,0,19.77,19.81,20.91,-0.055,2,6,11,1,1,1.75,-0.407,1517.8,72,0.833,98.3,0.042,0,238,0,0,0,0.1147
1004,Rui Hachimura,LAL,PF,2024-10-22,27,7.29,0.0,1,0,33.99,31.24,27.05,0.257,3,7,12,3,2,1.58,0.107,141.7,5,0.634,101.24,0.116,0,220,0,0,1,0.5586
1004,Rui Hachimura,LAL,PF,2024-10-25,28,7.84,0.0,1,0,27.04,25.67,25.43,0.063,2,6,13,6,1,1.26,-0.649,242.1,8,0.89,100.13,0.054,0,148,0,0,0,0.4304
1004,Rui Hachimura,LAL,PF,2024-10-29,28,7.84,0.0,1,0,23.35,25.85,22.49,0.038,2,4,11,0,0,2.72,-0.391,46.9,4,0.571,99.47,0.112,1,28,0,0,1,0.234
1004,Rui Hachimura,LAL,PF,2024-11-04,26,6.76,0.0,1,0,36.59,33.13,35.58,0.028,1,3,10,0,0,1.92,-0.16,204.9,7,0.495,100.25,0.0,1,80,0,0,0,0.2832
1004,Rui Hachimura,LAL,PF,2024-11-04,27,7.29,0.0,1,0,30.85,32.32,31.51,-0.021,1,4,9,2,2,0.81,1.134,302.3,8,0.824,99.27,0.135,1,55,0,1,1,0.8479
1004,Rui Hachimura,LAL,PF,2024-11-22,28,7.84,0.0,1,0,25.62,25.66,27.61,-0.072,3,5,13,0,0,2.05,0.062,547.1,19,0.384,99.71,0.0,0,176,0,0,0,0.0953
1004,Rui Hachimura,LAL,PF,2024-11-23,27,7.29,0.0,1,0,26.0,27.29,25.96,0.002,3,6,14,1,0,2.11,-0.66,493.9,20,0.812,100.44,0.045,1,49,0,0,0,0.3059
1004,Rui Hachimura,LAL,PF,2024-11-26,26,6.76,0.0,1,0,38.77,33.99,35.68,0.087,2,6,10,5,3,1.41,0.226,698.6,20,0.801,99.09,0.137,2,81,0,1,1,0.85
1004,Rui Hachimura,LAL,PF,2024-11-28,26,6.76,0.0,1,0,38.73,39.82,36.7,0.055,1,5,10,0,0,1.46,0.319,778.4,20,0.392,99.24,0.06,1,58,0,1,0,0.526
1004,Rui Hachimura,LAL,PF,2024-12-02,27,7.29,0.0,1,0,37.33,37.38,33.85,0.103,1,4,8,3,0,2.07,-0.302,848.6,23,0.967,100.35,0.0,0,195,0,0,0,0.2121
1004,Rui Hachimura,LAL,PF,2024-12-07,26,6.76,0.0,1,0,26.32,26.07,23.74,0.108,3,6,10,6,0,2.15,-1.25,597.6,23,0.768,99.99,0.012,1,55,0,0,1,0.4432
1004,Rui Hachimura,LAL,PF,2024-12-07,26,6.76,0.0,1,0,21.56,26.26,23.43,-0.08,1,3,8,0,2,1.28,-0.176,553.1,25,0.728,99.98,0.0,4,31,1,1,1,0.85
1004,Rui Hachimura,LAL,PF,2024-12-12,28,7.84,0.0,1,0,35.41,33.55,34.89,0.015,1,5,14,5,0,1.62,-0.384,909.5,29,0.984,99.3,0.0,1,74,0,0,1,0.4913
1004,Rui Hachimura,LAL,PF,2024-12-14,28,7.84,0.0,1,0,26.53,28.77,34.58,-0.233,3,5,13,1,0,2.7,0.011,867.0,30,0.623,100.07,0.0,1,63,0,0,1,0.2235
1004,Rui Hachimura,LAL,PF,2024-12-16,28,7.84,0.0,1,0,28.52,29.34,28.9,-0.013,2,6,11,6,0,1.1,0.381,779.9,28,0.789,99.59,0.03,2,28,0,0,0,0.6371
1004,Rui Hachimura,LAL,PF,2024-12-18,26,6.76,0.0,1,0,38.73,34.99,26.8,0.445,3,7,14,4,2,2.24,0.163,683.9,27,0.824,100.95,0.091,1,76,0,1,1,0.85
1004,Rui Hachimura,LAL,PF,2024-12-27,26,6.76,0.0,1,0,23.56,24.5,24.43,-0.036,3,5,14,0,1,0.92,-0.465,712.5,29,0.829,100.17,0.083,0,339,0,0,0,0.1901
1004,Rui Hachimura,LAL,PF,2024-12-27,26,6.76,0.0,1,0,18.32,21.39,19.74,-0.072,3,7,11,4,0,1.71,0.208,600.4,29,0.835,99.84,0.039,2,41,0,0,0,0.4514
1004,Rui Hachimura,LAL,PF,2024-12-30,27,7.29,0.0,1,0,33.07,35.0,31.85,0.038,2,6,12,2,0,1.82,-0.518,1182.8,38,0.803,100.6,0.025,1,45,0,0,0,0.3961
1004,Rui Hachimura,LAL,PF,2025-01-06,27,7.29,0.0,1,0,29.18,30.25,28.49,0.024,1,5,12,2,1,1.5,0.104,1047.2,34,0.689,99.54,0.065,0,354,0,0,0,0.2432
1004,Rui Hachimura,LAL,PF,2025-01-06,28,7.84,0.0,1,0,34.94,29.05,31.25,0.118,2,5,9,4,1,1.77,0.351,1089.1,37,0.969,99.12,0.075,1,83,0,0,1,0.6492
1004,Rui Hachimura,LAL,PF,2025-01-10,26,6.76,0.0,1,0,29.81,27.2,27.04,0.103,4,7,11,5,2,1.47,-0.464,898.4,37,0.742,97.42,0.086,0,188,0,0,0,0.4957
1004,Rui Hachimura,LAL,PF,2025-01-11,27,7.29,0.0,1,0,42.0,38.78,35.73,0.175,3,7,12,1,1,1.62,0.439,1342.5,39,0.62,101.22,0.152,1,10,0,1,1,0.8394
1004,Rui Hachimura,LAL,PF,2025-01-12,27,7.29,0.0,1,0,34.69,32.25,32.14,0.079,1,4,9,4,0,2.54,0.047,1433.9,42,0.652,99.86,0.0,0,352,0,0,1,0.1692
1004,Rui Hachimura,LAL,PF,2025-01-13,28,7.84,0.0,1,0,33.58,34.33,34.44,-0.025,1,4,8,0,0,2.17,-0.137,1373.9,40,0.669,100.23,0.07,0,393,0,0,0,0.1119
1004,Rui Hachimura,LAL,PF,2025-01-17,26,6.76,0.0,1,0,17.39,17.62,21.2,-0.18,1,3,10,2,1,1.38,-0.143,756.8,40,0.759,99.43,0.015,0,356,0,0,0,0.1609
1004,Rui Hachimura,LAL,PF,2025-01-21,27,7.29,0.0,1,0,28.98,28.73,28.54,0.016,2,6,14,6,0,1.82,-0.713,1092.5,41,0.798,99.17,0.027,0,171,0,0,0,0.2447
1004,Rui Hachimura,LAL,PF,2025-01-27,26,6.76,0.0,1,0,37.16,35.42,32.91,0.129,4,7,12,0,3,1.36,-0.195,1455.4,49,0.59,100.06,0.075,1,18,0,0,1,0.8206
1004,Rui Hachimura,LAL,PF,2025-01-28,27,7.29,0.0,1,0,23.96,22.46,23.02,0.041,1,3,12,1,1,1.96,0.124,1017.0,44,0.328,101.56,0.0,2,37,0,0,0,0.5079
1004,Rui Hachimura,LAL,PF,2025-02-03,26,6.76,0.0,1,0,25.92,26.58,26.55,-0.024,1,5,9,0,0,1.86,-0.274,1398.2,52,0.654,100.08,0.088,0,236,0,0,0,0.0989
1004,Rui Hachimura,LAL,PF,2025-02-04,27,7.29,0.0,1,0,28.99,27.31,28.87,0.004,1,3,9,0,0,1.36,0.139,1449.4,52,0.772,100.36,0.058,0,165,0,0,0,0.1529
1004,Rui Hachimura,LAL,PF,2025-02-04,28,7.84,0.0,1,0,20.7,25.41,24.4,-0.152,2,5,12,1,1,1.73,0.304,1242.1,53,0.727,102.29,0.056,0,182,0,0,0,0.208
1004,Rui Hachimura,LAL,PF,2025-02-05,26,6.76,0.0,1,0,37.33,35.94,37.32,0.0,2,4,13,0,0,2.42,-0.506,1918.8,51,0.516,99.43,0.0,0,384,0,0,0,0.1064
1004,Rui Hachimura,LAL,PF,2025-02-07,26,6.76,0.0,1,0,30.59,35.05,33.15,-0.077,1,3,11,0,0,1.89,-0.439,1728.5,55,0.477,98.94,0.012,0,161,0,0,0,0.1155
1004,Rui Hachimura,LAL,PF,2025-02-10,27,7.29,0.0,1,0,37.1,34.15,34.63,0.072,2,6,14,3,2,1.66,-0.593,1740.5,50,0.762,100.37,0.019,0,387,0,0,0,0.4761
1004,Rui Hachimura,LAL,PF,2025-02-11,27,7.29,0.0,1,0,38.33,37.1,29.95,0.28,2,4,12,3,1,1.18,0.17,1645.6,52,0.687,98.06,0.061,1,85,0,0,1,0.6916
1004,Rui Hachimura,LAL,PF,2025-02-13,27,7.29,0.0,1,0,33.44,30.96,36.08,-0.073,1,4,11,3,2,2.02,0.19,1795.8,54,0.647,99.78,0.093,0,312,0,0,1,0.384
1004,Rui Hachimura,LAL,PF,2025-02-18,28,7.84,0.0,1,0,29.58,36.83,27.37,0.081,3,7,13,5,0,1.74,0.098,1889.1,60,0.838,98.64,0.004,0,172,0,0,0,0.2476
1004,Rui Hachimura,LAL,PF,2025-02-23,28,7.84,0.0,1,0,33.73,33.8,32.44,0.04,2,6,10,1,1,0.96,-0.307,1885.9,58,0.799,101.19,0.023,0,330,0,0,1,0.2537
1004,Rui Hachimura,LAL,PF,2025-02-24,28,7.84,0.0,1,0,30.53,28.12,29.85,0.023,2,6,10,0,0,1.76,-0.37,1661.4,56,0.845,100.61,0.025,0,338,0,0,0,0.1219
1004,Rui Hachimura,LAL,PF,2025-02-25,26,6.76,0.0,1,0,25.08,24.61,28.66,-0.125,3,5,11,4,0,2.43,-0.083,1453.0,61,0.551,99.66,0.02,0,319,0,0,0,0.1129
1004,Rui Hachimura,LAL,PF,2025-03-04,27,7.29,0.0,1,0,32.42,33.73,28.84,0.124,2,6,11,1,0,1.72,-0.249,1975.8,61,0.854,100.24,0.0,1,75,0,0,1,0.3658
1004,Rui Hachimura,LAL,PF,2025-03-06,27,7.29,0.0,1,0,38.06,36.52,31.8,0.197,4,7,14,4,2,0.99,0.806,2022.5,64,0.901,98.53,0.235,0,191,0,0,1,0.7377
1004,Rui Hachimura,LAL,PF,2025-03-12,26,6.76,0.0,1,0,22.7,24.41,23.51,-0.035,2,5,14,2,1,1.83,0.193,1624.6,65,0.713,100.74,0.033,0,349,0,0,0,0.2123
1004,Rui Hachimura,LAL,PF,2025-03-13,26,6.76,0.0,1,0,39.53,38.64,32.24,0.226,4,7,16,3,2,1.6,0.145,2281.5,69,0.617,100.26,0.171,0,326,0,0,1,0.6508
1004,Rui Hachimura,LAL,PF,2025-03-14,27,7.29,0.0,1,0,35.14,32.73,34.45,0.02,2,4,9,1,0,3.28,-0.702,2316.9,67,0.781,99.59,0.03,0,270,0,0,0,0.0948
1004,Rui Hachimura,LAL,PF,2025-03-14,27,7.29,0.0,1,0,32.07,32.87,32.15,-0.003,2,6,14,6,0,1.92,-0.035,2169.6,68,0.555,100.68,0.039,0,359,0,0,1,0.2226
1004,Rui Hachimura,LAL,PF,2025-03-15,26,6.76,0.0,1,0,42.0,40.0,36.9,0.138,4,7,11,1,1,1.8,0.712,2440.3,66,0.754,99.34,0.116,0,314,0,0,0,0.4156
1004,Rui Hachimura,LAL,PF,2025-03-15,26,6.76,0.0,1,0,22.83,24.68,24.7,-0.076,3,7,13,5,0,1.82,0.73,1613.8,69,0.567,100.65,0.085,0,176,0,0,0,0.2414
1004,Rui Hachimura,LAL,PF,2025-03-24,26,6.76,0.0,1,0,37.51,33.84,29.12,0.288,4,7,12,2,0,1.86,0.052,2110.9,72,0.847,100.06,0.09,0,391,0,0,0,0.2816
1004,Rui Hachimura,LAL,PF,2025-03-28,27,7.29,0.0,1,0,30.42,31.79,31.79,-0.043,2,6,12,3,1,2.47,0.198,2221.5,71,0.728,98.69,0.102,2,10,0,0,0,0.6335
1004,Rui Hachimura,LAL,PF,2025-03-29,27,7.29,0.0,1,0,35.97,32.98,32.0,0.124,2,4,11,2,1,1.42,-0.794,2397.5,72,0.562,100.56,0.0,1,55,0,0,1,0.5836
1043,Scottie Barnes,TOR,SF,2024-10-24,23,5.29,0.0,0,0,33.37,31.91,32.61,0.023,3,7,16,2,1,1.78,-0.599,178.2,7,0.757,99.37,0.059,0,185,0,0,0,0.1955
1043,Scottie Barnes,TOR,SF,2024-10-26,25,6.25,0.0,0,0,22.78,24.43,20.22,0.127,3,6,15,6,0,1.69,0.707,84.5,5,0.843,99.67,0.045,0,393,0,0,1,0.2049
1043,Scottie Barnes,TOR,SF,2024-11-07,24,5.76,0.0,0,0,24.49,25.51,29.24,-0.162,2,6,12,0,1,2.44,-0.122,327.8,12,1.177,100.18,0.0,0,230,0,0,0,0.0812
1043,Scottie Barnes,TOR,SF,2024-11-17,24,5.76,0.0,0,0,33.46,38.11,33.25,0.006,2,4,9,2,1,1.07,-0.841,378.0,11,0.592,99.12,0.078,1,50,0,0,0,0.3744
1043,Scottie Barnes,TOR,SF,2024-11-18,23,5.29,0.0,0,0,35.12,34.0,36.71,-0.043,1,3,8,0,0,2.38,-0.309,373.6,12,0.72,98.54,0.003,1,85,0,0,1,0.1434
1043,Scottie Barnes,TOR,SF,2024-11-19,25,6.25,0.0,0,0,29.19,27.26,25.7,0.136,2,6,12,0,1,1.84,0.531,244.8,12,0.607,99.17,0.146,1,40,0,0,1,0.4163
1043,Scottie Barnes,TOR,SF,2024-11-23,25,6.25,0.0,0,0,28.18,26.39,23.54,0.197,3,7,16,0,0,1.98,0.381,454.6,21,0.422,100.16,0.162,0,128,0,0,0,0.1766
1043,Scottie Barnes,TOR,SF,2024-11-28,23,5.29,0.0,0,0,21.02,22.07,22.21,-0.053,3,7,11,3,2,2.05,-0.738,338.0,16,0.828,100.0,0.022,0,273,0,0,0,0.1691
1043,Scottie Barnes,TOR,SF,2024-12-01,24,5.76,0.0,0,0,27.94,27.19,34.06,-0.18,3,5,12,4,0,2.02,-0.054,550.6,20,0.517,98.16,0.035,0,231,0,0,0,0.0789
1043,Scottie Barnes,TOR,SF,2024-12-01,25,6.25,0.0,0,0,36.33,34.45,35.84,0.014,3,5,14,3,1,1.68,0.218,735.3,19,0.466,99.41,0.0,1,73,0,1,0,0.5362
1043,Scottie Barnes,TOR,SF,2024-12-14,23,5.29,0.0,0,0,34.97,31.51,27.12,0.289,2,6,14,6,1,1.77,0.579,799.4,29,0.905,97.83,0.123,0,391,0,0,0,0.4597
1043,Scottie Barnes,TOR,SF,2024-12-15,24,5.76,0.0,0,0,36.96,40.0,38.0,-0.027,2,5,13,4,3,1.2,0.662,1146.0,31,0.606,99.17,0.072,2,67,0,1,1,0.85
1043,Scottie Barnes,TOR,SF,2024-12-16,25,6.25,0.0,0,0,25.07,23.02,22.79,0.1,3,5,13,0,3,0.98,0.668,712.2,30,0.782,100.52,0.176,1,87,0,1,1,0.7645
1043,Scottie Barnes,TOR,SF,2024-12-17,23,5.29,0.0,0,0,31.18,30.02,33.52,-0.07,3,5,10,3,1,1.66,0.099,828.4,28,0.732,97.84,0.022,0,203,0,0,0,0.1531
1043,Scottie Barnes,TOR,SF,2024-12-21,24,5.76,0.0,0,0,29.08,24.06,19.14,0.519,4,6,14,1,3,0.78,0.235,780.5,32,0.893,98.86,0.112,0,325,0,0,1,0.6241
1043,Scottie Barnes,TOR,SF,2024-12-28,25,6.25,0.0,0,0,19.78,20.58,21.0,-0.058,1,5,10,3,0,1.99,0.518,729.6,36,0.623,99.13,0.08,1,68,0,1,0,0.2937
1043,Scottie Barnes,TOR,SF,2025-01-11,23,5.29,0.0,0,0,25.58,25.35,20.85,0.227,2,4,12,4,1,1.2,0.776,878.3,43,0.64,100.03,0.137,0,141,0,0,0,0.3867
1043,Scottie Barnes,TOR,SF,2025-01-12,24,5.76,0.0,0,0,22.69,22.93,21.62,0.049,2,4,10,4,0,1.35,0.567,950.0,41,1.025,98.47,0.014,0,239,0,0,0,0.1247
1043,Scottie Barnes,TOR,SF,2025-01-16,23,5.29,0.0,0,0,22.46,23.87,24.2,-0.072,2,4,9,0,0,1.18,0.014,1040.3,43,0.63,99.81,0.077,0,191,0,0,0,0.0585
1043,Scottie Barnes,TOR,SF,2025-01-17,25,6.25,0.0,0,0,31.25,34.81,30.15,0.036,2,5,11,1,1,1.71,0.269,1448.0,44,0.845,99.17,0.02,0,395,0,0,0,0.1459
1043,Scottie Barnes,TOR,SF,2025-01-18,24,5.76,0.0,0,0,17.39,21.43,19.36,-0.101,1,3,11,3,0,1.95,-0.169,911.2,43,0.825,99.13,0.068,0,134,0,0,0,0.0834
1043,Scottie Barnes,TOR,SF,2025-01-19,23,5.29,0.0,0,0,34.45,32.58,35.01,-0.016,3,5,11,0,0,2.42,-0.243,1505.6,46,0.561,98.73,0.012,0,207,0,0,0,0.0537
1043,Scottie Barnes,TOR,SF,2025-01-19,23,5.29,0.0,0,0,30.54,31.14,27.59,0.107,1,3,8,2,0,1.7,0.086,1190.9,40,0.755,100.1,0.071,1,14,0,1,0,0.4504
1043,Scottie Barnes,TOR,SF,2025-01-19,23,5.29,0.0,0,0,30.7,29.55,21.39,0.435,3,5,13,1,0,2.05,0.393,1249.8,41,0.812,98.2,0.095,0,148,0,0,0,0.2365
1043,Scottie Barnes,TOR,SF,2025-01-22,24,5.76,0.0,0,0,42.0,38.18,36.16,0.161,4,7,16,6,1,0.72,0.83,1616.4,46,0.464,98.97,0.158,1,71,0,0,0,0.7567
1043,Scottie Barnes,TOR,SF,2025-01-24,24,5.76,0.0,0,0,21.58,19.48,20.72,0.041,3,5,11,4,2,1.74,0.349,888.3,45,0.448,98.19,0.103,0,279,0,0,0,0.2382
1043,Scottie Barnes,TOR,SF,2025-01-26,25,6.25,0.0,0,0,23.54,22.3,29.16,-0.193,3,5,10,3,0,2.72,0.651,1084.5,44,0.673,99.28,0.065,0,205,0,0,0,0.074
1043,Scottie Barnes,TOR,SF,2025-01-27,24,5.76,0.0,0,0,30.91,26.95,32.75,-0.056,2,5,10,3,0,2.06,0.516,1374.9,46,0.657,99.71,0.129,0,158,0,0,0,0.1379
1043,Scottie Barnes,TOR,SF,2025-02-02,25,6.25,0.0,0,0,37.01,39.76,38.0,-0.026,3,6,10,1,2,2.14,0.361,1929.6,53,0.884,99.64,0.019,1,17,0,0,0,0.5542
1043,Scottie Barnes,TOR,SF,2025-02-04,25,6.25,0.0,0,0,26.5,27.21,27.66,-0.042,1,5,13,2,0,2.2,0.111,1304.7,48,0.615,98.94,0.0,1,74,0,0,0,0.1646
1043,Scottie Barnes,TOR,SF,2025-02-04,24,5.76,0.0,0,0,31.13,26.24,34.87,-0.107,1,4,11,2,0,1.51,-0.375,1607.7,54,0.578,98.57,0.053,1,33,0,1,0,0.3553
1043,Scottie Barnes,TOR,SF,2025-02-11,24,5.76,0.0,0,0,26.7,33.22,33.42,-0.201,1,3,8,2,0,1.5,-0.141,1673.0,56,0.489,100.16,0.068,1,55,0,0,0,0.2108
1043,Scottie Barnes,TOR,SF,2025-02-17,23,5.29,0.0,0,0,42.0,40.0,37.81,0.111,2,4,11,0,2,1.39,-0.201,2207.2,60,0.842,98.22,0.131,1,54,0,0,1,0.5952
1043,Scottie Barnes,TOR,SF,2025-02-21,25,6.25,0.0,0,0,39.51,33.68,28.74,0.375,4,7,16,5,1,1.5,0.445,1777.5,56,1.091,98.76,0.285,0,172,0,0,0,0.6364
1043,Scottie Barnes,TOR,SF,2025-02-22,23,5.29,0.0,0,0,17.55,19.3,16.12,0.089,1,3,9,0,0,2.39,0.091,1118.1,61,0.601,99.5,0.0,0,140,0,0,0,0.0557
1043,Scottie Barnes,TOR,SF,2025-02-23,23,5.29,0.0,0,0,31.23,37.49,35.56,-0.122,2,5,11,0,1,2.01,0.401,2094.8,63,0.629,98.71,0.061,2,25,0,0,1,0.4268
1043,Scottie Barnes,TOR,SF,2025-02-25,25,6.25,0.0,0,0,42.0,40.0,38.0,0.105,4,7,15,1,1,1.86,0.001,2239.7,60,0.833,100.19,0.113,0,338,0,0,0,0.2405
1043,Scottie Barnes,TOR,SF,2025-02-27,25,6.25,0.0,0,0,34.42,30.7,27.09,0.27,3,6,12,0,2,0.78,-0.026,1628.2,58,0.6,101.25,0.07,0,274,0,0,1,0.3162
1043,Scottie Barnes,TOR,SF,2025-03-05,23,5.29,0.0,0,0,16.5,15.24,15.25,0.082,2,6,13,2,2,1.47,0.818,910.7,66,0.893,98.11,0.193,1,18,0,0,1,0.623
1043,Scottie Barnes,TOR,SF,2025-03-08,23,5.29,0.0,0,0,23.73,25.06,24.23,-0.021,3,6,15,3,0,2.15,-0.128,1773.8,68,0.721,99.46,0.0,2,22,0,1,1,0.4269
1043,Scottie Barnes,TOR,SF,2025-03-09,24,5.76,0.0,0,0,30.0,26.66,28.65,0.047,2,6,11,0,1,2.24,0.297,1892.6,68,0.62,98.33,0.0,1,23,0,0,0,0.3089
1043,Scottie Barnes,TOR,SF,2025-03-10,25,6.25,0.0,0,0,28.5,29.29,24.19,0.178,2,5,11,5,2,1.19,0.692,1583.6,66,0.722,100.53,0.164,2,41,0,1,1,0.85
1043,Scottie Barnes,TOR,SF,2025-03-14,23,5.29,0.0,0,0,29.45,24.74,24.11,0.222,4,6,13,5,0,1.87,0.325,1640.7,69,1.005,99.47,0.169,0,357,0,0,1,0.2204
1043,Scottie Barnes,TOR,SF,2025-03-14,23,5.29,0.0,0,0,27.6,27.12,23.98,0.151,3,5,13,1,0,1.25,0.136,1520.1,64,0.565,100.48,0.046,0,390,0,0,0,0.1045
1043,Scottie Barnes,TOR,SF,2025-03-20,24,5.76,0.0,0,0,29.19,25.92,29.64,-0.015,1,3,9,2,1,1.97,0.2,1774.9,67,0.987,98.77,0.036,1,78,0,1,1,0.4255
1043,Scottie Barnes,TOR,SF,2025-03-24,25,6.25,0.0,0,0,26.28,19.46,20.02,0.312,3,6,12,5,1,1.5,0.283,1365.0,69,0.694,99.85,0.13,0,383,0,0,0,0.3279
1043,Scottie Barnes,TOR,SF,2025-03-24,23,5.29,0.0,0,0,19.14,23.02,21.63,-0.115,2,6,14,5,1,0.68,0.241,1539.9,72,0.701,101.02,0.029,0,176,0,0,0,0.1975
1043,Scottie Barnes,TOR,SF,2025-03-25,23,5.29,0.0,0,0,25.34,25.91,23.76,0.067,1,3,11,3,1,1.54,-0.358,1791.1,72,0.768,98.79,0.017,2,79,0,0,0,0.4145
1043,Scottie Barnes,TOR,SF,2025-03-26,25,6.25,0.0,0,0,40.52,33.95,28.23,0.435,2,5,14,1,1,1.08,-0.386,2176.4,70,0.712,100.15,0.161,0,334,0,0,1,0.3855
1043,Scottie Barnes,TOR,SF,2025-03-27,24,5.76,0.0,0,0,27.56,24.67,26.99,0.021,3,7,14,7,0,2.07,-0.684,1833.0,71,0.786,100.23,0.0,0,192,0,0,0,0.1382
1043,Scottie Barnes,TOR,SF,2025-03-29,23,5.29,0.0,0,0,29.72,30.36,28.66,0.037,3,7,15,1,1,2.23,-0.664,2182.9,72,0.914,100.23,0.013,2,81,0,0,1,0.3859
1043,Scottie Barnes,TOR,SF,2025-03-30,25,6.25,0.0,0,0,19.31,18.15,20.22,-0.045,2,4,13,0,0,1.99,0.325,1455.6,72,0.913,99.99,0.053,1,18,0,0,1,0.1939
1035,Shai Gilgeous-Alexander,OKC,PG,2024-10-25,27,7.29,0.0,0,1,38.45,36.31,38.0,0.012,1,4,11,4,0,2.9,0.234,36.6,2,0.953,101.53,0.062,1,89,0,1,1,0.3751
1035,Shai Gilgeous-Alexander,OKC,PG,2024-10-27,26,6.76,0.0,0,1,34.08,31.61,32.13,0.061,1,5,10,0,0,1.51,-0.121,197.9,6,0.772,100.77,0.068,0,277,0,0,0,0.0932
1035,Shai Gilgeous-Alexander,OKC,PG,2024-10-28,28,7.84,0.0,0,1,21.1,16.92,18.12,0.164,2,6,12,0,0,1.86,0.243,166.7,9,0.902,101.83,0.035,1,34,0,1,0,0.3461
1035,Shai Gilgeous-Alexander,OKC,PG,2024-10-29,27,7.29,0.0,0,1,28.37,24.1,26.23,0.082,3,6,10,4,0,1.65,-0.095,231.7,7,0.864,100.35,0.002,1,76,0,1,0,0.3823
1035,Shai Gilgeous-Alexander,OKC,PG,2024-10-30,28,7.84,0.0,0,1,24.29,21.43,16.94,0.434,1,5,10,5,0,1.66,-0.397,133.5,7,1.25,99.73,0.0,1,78,0,1,0,0.5721
1035,Shai Gilgeous-Alexander,OKC,PG,2024-11-03,26,6.76,0.0,0,1,27.9,22.37,22.5,0.24,3,7,12,2,1,1.68,0.48,177.2,8,0.731,101.83,0.186,1,29,0,0,0,0.5844
1035,Shai Gilgeous-Alexander,OKC,PG,2024-11-03,26,6.76,0.0,0,1,33.14,31.83,31.67,0.047,1,5,13,4,0,1.95,-0.754,290.5,7,0.75,100.37,0.065,0,218,0,0,0,0.1235
1035,Shai Gilgeous-Alexander,OKC,PG,2024-11-04,28,7.84,0.0,0,1,26.4,25.81,25.24,0.046,3,5,11,5,1,1.27,-0.793,152.7,6,0.973,102.86,0.047,0,292,0,0,0,0.2183
1035,Shai Gilgeous-Alexander,OKC,PG,2024-11-05,28,7.84,0.0,0,1,30.36,30.83,30.02,0.012,2,6,12,4,0,1.94,-0.136,126.6,6,0.935,100.0,0.0,0,220,0,0,0,0.0993
1035,Shai Gilgeous-Alexander,OKC,PG,2024-11-18,26,6.76,0.0,0,1,40.77,37.35,28.2,0.446,4,6,13,0,2,0.6,0.601,543.3,16,1.081,100.29,0.228,0,273,0,0,1,0.6046
1035,Shai Gilgeous-Alexander,OKC,PG,2024-11-19,26,6.76,0.0,0,1,25.67,26.29,28.5,-0.099,1,5,13,3,1,2.15,-0.494,518.5,19,0.911,100.31,0.074,2,14,0,0,0,0.4781
1035,Shai Gilgeous-Alexander,OKC,PG,2024-11-19,28,7.84,0.0,0,1,35.7,35.88,38.0,-0.061,1,5,12,1,0,3.12,0.507,628.0,19,1.011,100.24,0.128,0,357,0,0,0,0.0855
1035,Shai Gilgeous-Alexander,OKC,PG,2024-11-24,26,6.76,0.0,0,1,28.58,30.68,29.86,-0.043,3,6,13,1,2,1.29,-0.083,474.9,15,0.848,102.55,0.003,0,200,0,0,0,0.2199
1035,Shai Gilgeous-Alexander,OKC,PG,2024-11-26,27,7.29,0.0,0,1,26.39,27.69,23.68,0.114,3,7,12,7,0,1.33,-0.429,585.8,20,0.907,101.46,0.021,0,269,0,0,1,0.1746
1035,Shai Gilgeous-Alexander,OKC,PG,2024-11-27,28,7.84,0.0,0,1,42.0,40.0,37.82,0.111,2,4,8,2,1,1.77,-0.167,610.7,17,1.042,102.31,0.128,0,380,0,0,1,0.2676
1035,Shai Gilgeous-Alexander,OKC,PG,2024-11-28,28,7.84,0.0,0,1,30.3,29.72,25.91,0.17,1,5,9,1,0,2.28,0.566,624.3,20,0.857,102.06,0.133,1,75,0,0,0,0.3091
1035,Shai Gilgeous-Alexander,OKC,PG,2024-12-11,27,7.29,0.0,0,1,20.32,19.95,25.29,-0.196,2,5,13,0,0,1.35,0.532,526.5,27,0.973,101.42,0.0,2,10,0,0,0,0.334
1035,Shai Gilgeous-Alexander,OKC,PG,2024-12-13,26,6.76,0.0,0,1,26.54,25.55,28.81,-0.079,2,5,9,0,0,1.46,-0.868,826.5,29,0.88,102.25,0.05,0,313,0,0,0,0.0716
1035,Shai Gilgeous-Alexander,OKC,PG,2024-12-13,26,6.76,0.0,0,1,22.98,26.97,28.24,-0.186,2,6,12,1,0,1.39,0.738,633.2,25,0.764,100.48,0.071,2,25,0,0,0,0.3668
1035,Shai Gilgeous-Alexander,OKC,PG,2024-12-16,27,7.29,0.0,0,1,29.13,30.26,24.83,0.173,1,5,13,4,2,1.41,0.334,824.1,29,0.817,100.34,0.073,1,88,0,0,0,0.6459
1035,Shai Gilgeous-Alexander,OKC,PG,2024-12-26,28,7.84,0.0,0,1,37.4,39.03,29.6,0.264,2,5,14,1,2,1.65,1.507,999.2,35,0.892,99.98,0.29,1,75,0,1,1,0.85
1035,Shai Gilgeous-Alexander,OKC,PG,2024-12-29,28,7.84,0.0,0,1,33.28,31.03,35.06,-0.051,3,5,13,2,2,1.2,-0.312,1001.1,35,0.784,101.09,0.067,0,378,0,0,0,0.2683
1035,Shai Gilgeous-Alexander,OKC,PG,2024-12-29,28,7.84,0.0,0,1,20.42,20.06,21.31,-0.042,3,6,11,0,0,1.49,0.039,778.7,32,0.869,100.43,0.011,0,314,0,0,0,0.0543
1035,Shai Gilgeous-Alexander,OKC,PG,2025-01-07,28,7.84,0.0,0,1,26.38,29.55,30.42,-0.133,2,6,14,0,0,2.11,-0.192,1106.9,35,0.927,100.38,0.0,0,283,0,0,0,0.0597
1035,Shai Gilgeous-Alexander,OKC,PG,2025-01-09,26,6.76,0.0,0,1,26.36,20.75,20.28,0.3,1,4,11,1,1,2.06,-0.45,907.5,35,0.871,100.96,0.003,2,76,0,1,0,0.5886
1035,Shai Gilgeous-Alexander,OKC,PG,2025-01-11,26,6.76,0.0,0,1,38.25,38.65,34.15,0.12,2,5,12,5,2,1.46,-0.778,1477.7,37,0.87,100.55,0.0,0,236,0,0,1,0.4077
1035,Shai Gilgeous-Alexander,OKC,PG,2025-01-17,27,7.29,0.0,0,1,24.22,25.28,21.68,0.117,1,5,11,2,0,2.73,0.025,1017.2,41,0.932,100.9,0.0,0,150,0,0,0,0.0862
1035,Shai Gilgeous-Alexander,OKC,PG,2025-01-25,26,6.76,0.0,0,1,32.6,29.77,32.43,0.005,3,5,14,0,0,2.38,-0.122,1447.2,46,0.995,101.54,0.0,0,164,0,0,0,0.0854
1035,Shai Gilgeous-Alexander,OKC,PG,2025-01-25,27,7.29,0.0,0,1,35.8,29.57,26.55,0.348,2,6,13,4,0,0.93,-0.119,1241.2,45,0.933,101.67,0.102,2,70,0,1,1,0.7304
1035,Shai Gilgeous-Alexander,OKC,PG,2025-01-27,28,7.84,0.0,0,1,41.96,38.25,34.85,0.204,3,5,9,4,0,2.47,-0.002,1492.8,45,0.663,101.3,0.035,1,72,0,0,1,0.3713
1035,Shai Gilgeous-Alexander,OKC,PG,2025-01-31,27,7.29,0.0,0,1,27.24,25.57,24.59,0.108,3,5,9,2,2,1.4,0.311,1280.0,52,0.786,100.89,0.025,0,222,0,0,0,0.2811
1035,Shai Gilgeous-Alexander,OKC,PG,2025-02-01,28,7.84,0.0,0,1,32.16,33.85,26.65,0.207,1,3,10,0,1,1.28,-0.014,1601.8,50,1.013,99.59,0.059,1,20,0,0,0,0.4736
1035,Shai Gilgeous-Alexander,OKC,PG,2025-02-01,26,6.76,0.0,0,1,37.47,35.97,33.52,0.118,2,6,14,2,3,1.83,0.508,1771.7,47,0.991,100.72,0.039,0,333,0,0,0,0.5352
1035,Shai Gilgeous-Alexander,OKC,PG,2025-02-04,26,6.76,0.0,0,1,28.9,31.46,30.3,-0.046,2,5,13,5,0,1.62,-0.791,1331.8,49,0.703,101.08,0.0,0,267,0,0,0,0.1172
1035,Shai Gilgeous-Alexander,OKC,PG,2025-02-06,26,6.76,0.0,0,1,34.68,35.86,37.0,-0.063,1,4,10,2,1,1.79,-0.125,1797.0,52,0.736,101.64,0.033,2,50,0,0,1,0.474
1035,Shai Gilgeous-Alexander,OKC,PG,2025-02-09,27,7.29,0.0,0,1,26.71,25.54,30.52,-0.125,1,5,9,5,0,2.17,0.233,1419.0,52,0.798,101.85,0.078,1,82,0,0,0,0.2625
1035,Shai Gilgeous-Alexander,OKC,PG,2025-02-11,26,6.76,0.0,0,1,25.5,26.55,24.51,0.04,2,4,11,4,0,2.2,-0.24,1497.3,55,0.749,101.74,0.038,0,366,0,0,0,0.0886
1035,Shai Gilgeous-Alexander,OKC,PG,2025-02-20,26,6.76,0.0,0,1,25.09,26.31,27.34,-0.082,1,5,11,1,1,1.55,0.188,1634.9,59,0.945,100.05,0.041,0,232,0,0,0,0.126
1035,Shai Gilgeous-Alexander,OKC,PG,2025-02-21,28,7.84,0.0,0,1,39.42,38.0,35.89,0.098,3,5,9,5,1,2.14,-0.074,1771.8,56,0.682,101.37,0.068,0,199,0,0,0,0.2538
1035,Shai Gilgeous-Alexander,OKC,PG,2025-02-23,26,6.76,0.0,0,1,42.0,40.0,37.96,0.106,4,7,11,3,0,2.2,0.388,2181.9,59,0.951,101.17,0.116,1,53,0,1,1,0.5533
1035,Shai Gilgeous-Alexander,OKC,PG,2025-02-28,28,7.84,0.0,0,1,34.08,31.16,34.24,-0.005,2,5,14,5,1,2.15,0.114,2231.8,65,0.983,99.94,0.0,0,271,0,0,0,0.2111
1035,Shai Gilgeous-Alexander,OKC,PG,2025-03-05,27,7.29,0.0,0,1,23.18,21.93,25.25,-0.082,3,7,11,5,1,2.05,0.817,1563.0,65,0.91,101.85,0.09,2,72,0,0,0,0.553
1035,Shai Gilgeous-Alexander,OKC,PG,2025-03-05,28,7.84,0.0,0,1,26.92,27.63,26.21,0.027,3,5,13,3,3,1.24,0.221,1825.5,65,0.93,100.96,0.056,0,372,0,0,1,0.4147
1035,Shai Gilgeous-Alexander,OKC,PG,2025-03-07,28,7.84,0.0,0,1,31.22,32.53,31.57,-0.011,3,6,14,5,0,1.82,-0.752,2129.6,65,0.929,101.3,0.096,0,260,0,0,1,0.1462
1035,Shai Gilgeous-Alexander,OKC,PG,2025-03-08,26,6.76,0.0,0,1,36.48,35.96,33.51,0.089,3,5,11,0,2,0.71,0.632,2276.8,66,0.961,102.09,0.117,1,52,0,0,0,0.6537
1035,Shai Gilgeous-Alexander,OKC,PG,2025-03-10,26,6.76,0.0,0,1,41.31,40.0,33.22,0.244,4,6,15,5,0,2.11,0.371,2224.2,67,0.754,100.46,0.135,0,132,0,0,1,0.384
1035,Shai Gilgeous-Alexander,OKC,PG,2025-03-13,26,6.76,0.0,0,1,26.65,27.71,25.94,0.028,1,4,8,0,1,1.92,-0.424,1716.6,64,0.609,100.52,0.018,0,335,0,0,0,0.0935
1035,Shai Gilgeous-Alexander,OKC,PG,2025-03-16,26,6.76,0.0,0,1,33.73,30.95,31.31,0.077,3,5,11,3,0,2.46,0.235,2007.5,65,0.898,100.49,0.06,1,41,0,0,1,0.3086
1035,Shai Gilgeous-Alexander,OKC,PG,2025-03-16,28,7.84,0.0,0,1,33.82,28.85,24.53,0.379,3,6,14,3,1,1.67,0.168,1820.5,65,0.754,100.19,0.117,1,65,0,0,0,0.6375
1035,Shai Gilgeous-Alexander,OKC,PG,2025-03-21,28,7.84,0.0,0,1,22.98,21.62,19.73,0.165,1,4,10,3,1,1.92,-1.154,1430.4,69,0.841,102.0,0.069,0,265,0,0,1,0.1718
1035,Shai Gilgeous-Alexander,OKC,PG,2025-03-28,26,6.76,0.0,0,1,32.27,27.68,24.63,0.31,2,4,13,3,2,1.59,0.337,1999.6,72,0.945,100.86,0.144,1,20,0,1,1,0.85
1035,Shai Gilgeous-Alexander,OKC,PG,2025-03-30,28,7.84,0.0,0,1,24.49,24.61,24.34,0.006,1,4,9,0,2,1.29,0.348,1795.3,72,0.733,99.14,0.009,0,388,0,0,0,0.1746
1011,Stephen Curry,GSW,PG,2024-11-06,37,13.69,7.0,0,1,27.93,29.97,29.68,-0.059,1,3,12,0,0,2.07,0.236,242.7,8,1.045,102.62,0.058,2,82,0,1,0,0.438
1011,Stephen Curry,GSW,PG,2024-11-10,39,15.21,9.0,0,1,38.88,35.86,30.77,0.264,4,7,16,1,1,1.7,0.351,357.4,15,0.637,102.05,0.134,0,393,0,0,0,0.4615
1011,Stephen Curry,GSW,PG,2024-11-10,37,13.69,7.0,0,1,22.72,22.79,23.7,-0.041,1,3,12,2,1,1.7,-0.124,243.2,10,0.746,102.85,0.067,1,70,0,0,0,0.3753
1011,Stephen Curry,GSW,PG,2024-11-15,39,15.21,9.0,0,1,34.57,32.74,34.55,0.001,2,6,14,2,0,0.85,-0.923,421.3,13,0.634,102.16,0.0,0,370,0,0,0,0.1649
1011,Stephen Curry,GSW,PG,2024-11-21,38,14.44,8.0,0,1,35.09,36.61,34.62,0.013,3,6,11,6,1,1.35,-0.587,715.5,19,0.95,102.34,0.056,1,58,0,0,0,0.6461
1011,Stephen Curry,GSW,PG,2024-11-24,38,14.44,8.0,0,1,25.03,19.92,27.48,-0.089,1,4,13,1,1,1.55,0.486,524.9,21,1.067,103.56,0.049,1,20,0,1,0,0.6738
1011,Stephen Curry,GSW,PG,2024-12-02,39,15.21,9.0,0,1,41.22,38.36,36.31,0.135,2,5,11,3,3,1.8,0.094,759.6,24,0.964,102.98,0.065,2,20,0,0,1,0.85
1011,Stephen Curry,GSW,PG,2024-12-10,37,13.69,7.0,0,1,35.22,31.04,24.76,0.422,2,4,10,4,2,0.9,-0.208,732.8,29,0.712,102.63,0.188,0,221,0,0,1,0.6474
1011,Stephen Curry,GSW,PG,2024-12-14,38,14.44,8.0,0,1,31.88,30.18,28.34,0.125,3,5,11,4,1,1.51,0.542,718.7,24,1.131,102.96,0.134,0,373,0,0,0,0.4386
1011,Stephen Curry,GSW,PG,2024-12-14,39,15.21,9.0,0,1,35.82,25.21,22.95,0.561,3,5,9,1,0,1.85,0.564,568.8,24,0.729,102.06,0.205,0,317,0,0,1,0.4298
1011,Stephen Curry,GSW,PG,2024-12-17,38,14.44,8.0,0,1,34.86,30.17,25.46,0.369,3,6,12,3,3,0.93,0.433,620.5,25,0.864,103.29,0.135,1,11,0,0,1,0.85
1011,Stephen Curry,GSW,PG,2024-12-17,39,15.21,9.0,0,1,38.43,36.49,37.2,0.033,2,5,11,5,1,1.98,-1.107,948.8,25,0.848,102.6,0.0,0,338,0,0,1,0.3281
1011,Stephen Curry,GSW,PG,2024-12-18,39,15.21,9.0,0,1,35.68,30.45,36.03,-0.01,2,5,10,3,0,2.0,-0.227,986.8,29,1.024,103.88,0.0,0,263,0,0,0,0.1732
1011,Stephen Curry,GSW,PG,2024-12-23,38,14.44,8.0,0,1,26.43,27.07,25.69,0.029,2,6,15,0,1,2.13,0.196,660.7,28,0.795,102.73,0.042,0,328,0,0,1,0.1835
1011,Stephen Curry,GSW,PG,2024-12-26,38,14.44,8.0,0,1,29.45,27.37,24.77,0.189,3,7,11,1,1,1.01,-0.438,1044.4,34,0.735,102.02,0.0,1,26,0,0,1,0.5524
1011,Stephen Curry,GSW,PG,2024-12-26,38,14.44,8.0,0,1,20.98,24.21,25.41,-0.175,1,5,12,2,2,0.6,-0.131,833.5,34,0.614,102.69,0.01,0,126,0,0,1,0.3324
1011,Stephen Curry,GSW,PG,2024-12-31,39,15.21,9.0,0,1,17.98,17.2,20.57,-0.126,3,7,12,7,2,1.62,-0.294,660.5,36,0.756,103.3,0.08,1,80,0,0,0,0.6447
1011,Stephen Curry,GSW,PG,2025-01-03,38,14.44,8.0,0,1,25.45,26.72,26.69,-0.046,2,6,11,2,0,1.81,-0.931,920.4,34,1.229,102.69,0.0,1,34,0,0,1,0.3333
1011,Stephen Curry,GSW,PG,2025-01-05,39,15.21,9.0,0,1,28.91,29.92,31.49,-0.082,2,4,13,0,0,1.74,0.022,1228.8,40,1.027,103.45,0.0,1,66,0,1,0,0.4048
1011,Stephen Curry,GSW,PG,2025-01-06,37,13.69,7.0,0,1,36.71,29.78,33.9,0.083,3,5,14,5,2,1.22,-0.388,1090.7,34,0.833,103.41,0.011,0,382,0,0,1,0.5224
1011,Stephen Curry,GSW,PG,2025-01-09,38,14.44,8.0,0,1,33.39,29.28,27.71,0.205,4,7,16,0,2,1.96,0.397,1055.8,42,0.626,102.78,0.2,0,179,0,0,1,0.5212
1011,Stephen Curry,GSW,PG,2025-01-14,37,13.69,7.0,0,1,28.09,29.6,27.27,0.03,2,5,12,4,1,1.25,0.745,998.1,42,0.699,102.89,0.0,0,275,0,0,0,0.3138
1011,Stephen Curry,GSW,PG,2025-01-15,37,13.69,7.0,0,1,36.87,33.76,38.0,-0.03,1,5,13,3,1,1.5,-0.026,1416.4,39,0.894,103.62,0.043,1,18,0,0,1,0.6274
1011,Stephen Curry,GSW,PG,2025-01-16,37,13.69,7.0,0,1,32.74,34.05,35.14,-0.068,1,3,12,2,1,1.31,0.296,1291.9,40,0.858,103.02,0.069,0,155,0,0,0,0.3137
1011,Stephen Curry,GSW,PG,2025-01-18,39,15.21,9.0,0,1,31.7,33.06,38.0,-0.166,1,5,14,3,0,1.68,0.881,1564.3,45,0.919,102.77,0.122,0,373,0,0,0,0.2752
1011,Stephen Curry,GSW,PG,2025-01-18,39,15.21,9.0,0,1,27.9,25.41,24.63,0.133,2,4,11,4,2,1.88,-0.6,1122.9,42,1.23,103.38,0.059,2,83,0,0,1,0.7724
1011,Stephen Curry,GSW,PG,2025-01-24,38,14.44,8.0,0,1,31.07,28.58,32.7,-0.05,2,5,9,2,2,1.28,0.37,1544.5,49,0.859,103.7,0.029,0,396,0,0,0,0.3866
1011,Stephen Curry,GSW,PG,2025-01-27,39,15.21,9.0,0,1,30.28,30.77,32.0,-0.054,3,6,13,6,1,1.64,-0.436,1533.8,48,0.74,102.08,0.0,0,178,0,0,0,0.3349
1011,Stephen Curry,GSW,PG,2025-01-31,39,15.21,9.0,0,1,31.32,26.79,29.4,0.065,1,3,11,3,1,0.6,0.611,1286.1,47,0.817,102.37,0.078,0,180,0,0,0,0.3816
1011,Stephen Curry,GSW,PG,2025-02-07,37,13.69,7.0,0,1,32.46,31.45,30.6,0.061,2,4,12,1,1,1.83,-0.304,1596.3,52,0.842,102.93,0.0,0,375,0,0,0,0.2016
1011,Stephen Curry,GSW,PG,2025-02-12,39,15.21,9.0,0,1,31.0,34.21,31.0,-0.0,2,5,9,3,1,1.51,-0.039,1899.4,57,0.676,102.55,0.0,0,303,0,0,0,0.2378
1011,Stephen Curry,GSW,PG,2025-02-13,39,15.21,9.0,0,1,22.59,28.7,28.46,-0.206,1,5,10,1,1,0.6,0.425,1408.1,55,0.781,102.72,0.035,0,305,0,0,0,0.2011
1011,Stephen Curry,GSW,PG,2025-02-16,37,13.69,7.0,0,1,16.09,13.98,16.41,-0.02,1,3,8,3,0,2.78,-0.637,743.7,53,1.008,103.95,0.026,0,264,0,0,0,0.0748
1011,Stephen Curry,GSW,PG,2025-02-22,37,13.69,7.0,0,1,29.21,30.45,29.18,0.001,3,7,15,2,1,2.34,0.035,1565.1,55,0.966,102.78,0.002,0,146,0,0,0,0.2469
1011,Stephen Curry,GSW,PG,2025-02-25,37,13.69,7.0,0,1,30.14,29.46,32.69,-0.078,2,6,11,2,1,1.93,0.352,1758.4,57,0.928,102.63,0.096,1,40,0,0,0,0.5184
1011,Stephen Curry,GSW,PG,2025-02-26,39,15.21,9.0,0,1,29.31,32.25,24.35,0.203,4,6,14,0,1,1.81,0.242,1484.9,61,0.898,102.31,0.15,0,180,0,0,0,0.3331
1011,Stephen Curry,GSW,PG,2025-02-27,39,15.21,9.0,0,1,32.63,31.71,31.86,0.024,1,4,11,3,1,1.34,-0.181,2027.0,62,0.687,103.07,0.029,1,54,0,0,0,0.545
1011,Stephen Curry,GSW,PG,2025-02-27,38,14.44,8.0,0,1,30.9,30.38,34.69,-0.109,2,5,13,1,1,0.9,-0.269,1762.6,59,0.819,103.67,0.068,1,39,0,0,0,0.5083
1011,Stephen Curry,GSW,PG,2025-03-02,39,15.21,9.0,0,1,22.71,25.71,27.23,-0.166,3,7,13,3,0,1.95,0.35,1591.6,60,0.998,104.26,0.041,0,182,0,0,0,0.1715
1011,Stephen Curry,GSW,PG,2025-03-03,38,14.44,8.0,0,1,39.7,39.76,37.08,0.071,1,5,9,5,0,1.35,-0.069,2356.6,62,0.823,103.02,0.009,1,75,0,0,0,0.5094
1011,Stephen Curry,GSW,PG,2025-03-04,37,13.69,7.0,0,1,29.07,30.59,28.51,0.02,3,5,11,3,0,1.78,-0.29,1708.1,60,1.029,104.51,0.02,0,295,0,0,0,0.1521
1011,Stephen Curry,GSW,PG,2025-03-05,38,14.44,8.0,0,1,30.1,30.7,27.57,0.092,3,6,13,3,2,1.32,0.433,1669.0,61,1.045,101.59,0.0,0,261,0,0,1,0.4604
1011,Stephen Curry,GSW,PG,2025-03-06,37,13.69,7.0,0,1,30.15,29.14,28.4,0.062,3,7,15,1,1,1.75,0.026,1991.9,66,0.894,103.25,0.012,0,314,0,0,1,0.2339
1011,Stephen Curry,GSW,PG,2025-03-06,37,13.69,7.0,0,1,31.24,29.44,30.65,0.019,3,7,12,0,1,1.28,0.584,2037.4,68,0.639,102.13,0.097,0,342,0,0,0,0.2304
1011,Stephen Curry,GSW,PG,2025-03-06,38,14.44,8.0,0,1,29.3,30.39,28.57,0.025,1,5,11,1,0,2.72,-0.243,1899.1,67,0.901,103.36,0.0,0,155,0,0,0,0.1143
1011,Stephen Curry,GSW,PG,2025-03-18,39,15.21,9.0,0,1,20.48,18.5,16.1,0.272,1,4,11,1,0,2.23,-0.691,1184.2,66,0.835,103.46,0.0,1,86,0,0,0,0.292
1011,Stephen Curry,GSW,PG,2025-03-24,37,13.69,7.0,0,1,26.0,28.4,25.67,0.013,2,5,9,0,0,1.73,0.052,2050.9,72,0.941,100.92,0.015,0,232,0,0,0,0.089
1011,Stephen Curry,GSW,PG,2025-03-25,39,15.21,9.0,0,1,22.44,21.06,20.0,0.122,1,3,8,3,0,1.59,-0.423,1472.8,72,1.117,102.91,0.005,0,285,0,0,0,0.1655
1011,Stephen Curry,GSW,PG,2025-03-29,38,14.44,8.0,0,1,29.34,28.96,31.3,-0.062,2,5,10,5,0,2.48,-0.289,2275.4,72,0.858,103.4,0.0,1,68,0,0,1,0.3334
1011,Stephen Curry,GSW,PG,2025-03-29,37,13.69,7.0,0,1,33.3,30.37,32.02,0.04,1,5,11,3,2,1.18,-0.404,2223.5,72,0.873,102.27,0.0,1,30,0,0,0,0.6908
1011,Stephen Curry,GSW,PG,2025-03-29,37,13.69,7.0,0,1,27.56,27.47,29.4,-0.062,3,7,15,7,0,1.78,-0.146,1903.0,72,0.787,104.14,0.0,0,361,0,0,0,0.2219
1011,Stephen Curry,GSW,PG,2025-03-30,39,15.21,9.0,0,1,31.17,33.73,35.91,-0.132,1,3,10,0,1,1.5,-0.825,2357.0,72,1.024,102.57,0.0,0,336,0,0,0,0.1963
1045,Trae Young,ATL,PG,2024-10-26,27,7.29,0.0,0,1,27.62,25.62,24.93,0.108,2,6,14,2,0,1.38,0.461,110.7,5,0.843,102.02,0.041,1,14,0,0,0,0.4139
1045,Trae Young,ATL,PG,2024-10-28,26,6.76,0.0,0,1,21.97,25.91,25.57,-0.141,3,5,14,0,0,1.4,-0.571,241.4,9,0.886,102.19,0.012,0,377,0,0,0,0.0672
1045,Trae Young,ATL,PG,2024-11-01,27,7.29,0.0,0,1,30.87,28.13,24.84,0.243,2,6,15,5,1,1.27,0.495,248.1,8,0.884,103.58,0.155,1,18,0,1,1,0.8443
1045,Trae Young,ATL,PG,2024-11-15,26,6.76,0.0,0,1,42.0,32.49,33.36,0.259,4,7,15,0,3,0.6,1.181,385.3,14,0.857,103.6,0.251,0,362,0,0,1,0.7577
1045,Trae Young,ATL,PG,2024-11-17,27,7.29,0.0,0,1,24.99,25.07,24.15,0.035,3,5,13,3,0,1.83,0.172,344.8,16,0.875,102.7,0.054,0,174,0,0,0,0.1215
1045,Trae Young,ATL,PG,2024-12-04,28,7.84,0.0,0,1,23.26,18.17,22.23,0.047,1,4,8,3,0,2.79,-0.25,399.3,19,0.758,101.76,0.04,0,377,0,0,0,0.0633
1045,Trae Young,ATL,PG,2024-12-09,26,6.76,0.0,0,1,30.73,31.9,33.95,-0.095,3,5,9,1,1,1.69,0.019,834.4,24,0.715,102.03,0.022,0,234,0,0,0,0.1303
1045,Trae Young,ATL,PG,2024-12-09,28,7.84,0.0,0,1,31.04,30.34,30.76,0.009,1,5,14,5,1,1.65,0.035,885.7,28,0.916,102.16,0.059,0,146,0,0,0,0.3005
1045,Trae Young,ATL,PG,2024-12-10,27,7.29,0.0,0,1,30.76,32.24,30.74,0.0,1,5,10,1,2,1.57,-0.158,817.8,26,1.002,102.76,0.071,0,318,0,0,0,0.2406
1045,Trae Young,ATL,PG,2024-12-12,26,6.76,0.0,0,1,33.14,28.63,23.01,0.44,3,7,13,3,1,1.62,1.019,591.1,23,0.9,102.66,0.211,1,24,0,1,1,0.85
1045,Trae Young,ATL,PG,2024-12-13,27,7.29,0.0,0,1,39.93,34.45,31.39,0.272,4,6,12,2,2,1.04,0.253,883.5,26,0.927,102.97,0.17,0,341,0,0,0,0.5132
1045,Trae Young,ATL,PG,2024-12-17,28,7.84,0.0,0,1,29.44,31.06,36.76,-0.199,3,7,12,3,1,1.72,-0.327,1029.8,32,0.779,103.2,0.0,1,65,0,1,1,0.4864
1045,Trae Young,ATL,PG,2024-12-19,26,6.76,0.0,0,1,36.53,36.87,31.89,0.146,3,6,15,0,0,2.14,0.549,953.6,29,0.775,102.15,0.143,0,339,0,0,0,0.1633
1045,Trae Young,ATL,PG,2024-12-24,27,7.29,0.0,0,1,29.63,31.03,24.46,0.211,4,7,15,2,2,1.3,0.303,918.1,32,0.803,103.31,0.143,1,41,0,0,0,0.7325
1045,Trae Young,ATL,PG,2024-12-25,28,7.84,0.0,0,1,33.25,34.11,29.81,0.116,3,7,15,4,0,1.5,0.522,954.0,30,0.838,104.1,0.165,0,161,0,0,0,0.3117
1045,Trae Young,ATL,PG,2024-12-28,28,7.84,0.0,0,1,27.99,23.79,22.54,0.242,2,5,11,0,2,1.38,-0.102,887.0,35,0.9,102.76,0.0,0,364,0,0,1,0.2769
1045,Trae Young,ATL,PG,2024-12-29,26,6.76,0.0,0,1,31.26,31.2,32.48,-0.038,2,6,15,4,1,0.7,-0.337,1055.8,33,0.915,103.39,0.003,1,18,0,0,1,0.546
1045,Trae Young,ATL,PG,2025-01-01,27,7.29,0.0,0,1,42.0,40.0,33.54,0.252,4,7,14,2,1,1.89,0.04,1254.2,34,0.936,102.0,0.165,0,268,0,0,0,0.3489
1045,Trae Young,ATL,PG,2025-01-03,26,6.76,0.0,0,1,28.15,27.83,32.16,-0.124,3,5,14,4,0,1.67,0.347,929.8,33,0.758,101.77,0.027,1,49,0,1,0,0.4601
1045,Trae Young,ATL,PG,2025-01-07,26,6.76,0.0,0,1,28.22,28.1,31.59,-0.107,1,3,8,3,3,1.28,0.48,1006.7,35,0.594,101.83,0.036,0,274,0,0,1,0.4072
1045,Trae Young,ATL,PG,2025-01-14,26,6.76,0.0,0,1,33.27,28.88,26.7,0.246,4,7,13,7,0,2.09,-0.112,1246.2,43,0.892,101.66,0.126,0,232,0,0,0,0.2538
1045,Trae Young,ATL,PG,2025-01-15,28,7.84,0.0,0,1,28.01,29.09,29.11,-0.038,1,4,12,0,1,1.7,0.458,1196.4,41,0.714,102.22,0.159,0,300,0,0,0,0.1507
1045,Trae Young,ATL,PG,2025-01-17,26,6.76,0.0,0,1,23.69,26.79,28.3,-0.163,3,7,14,7,1,1.83,0.112,1143.3,43,0.657,102.26,0.068,0,367,0,0,0,0.2242
1045,Trae Young,ATL,PG,2025-01-22,27,7.29,0.0,0,1,36.03,33.99,32.93,0.094,1,4,11,0,1,1.26,-0.101,1264.1,41,0.813,102.33,0.0,2,17,0,0,1,0.5436
1045,Trae Young,ATL,PG,2025-01-26,26,6.76,0.0,0,1,16.05,18.14,18.73,-0.143,3,5,12,0,0,2.03,-0.279,864.7,45,0.912,103.16,0.0,0,217,0,0,0,0.0441
1045,Trae Young,ATL,PG,2025-01-28,28,7.84,0.0,0,1,27.58,25.64,24.94,0.106,3,5,14,0,0,1.86,-0.268,1122.2,44,0.594,102.08,0.025,2,39,0,1,1,0.4285
1045,Trae Young,ATL,PG,2025-01-29,26,6.76,0.0,0,1,23.93,26.31,27.22,-0.121,2,6,13,2,0,2.56,-0.433,1398.4,51,0.878,103.75,0.038,0,298,0,0,0,0.0668
1045,Trae Young,ATL,PG,2025-01-29,28,7.84,0.0,0,1,29.09,32.3,30.54,-0.047,1,4,9,1,1,1.9,-0.167,1415.1,48,0.515,102.06,0.045,0,140,0,0,0,0.1505
1045,Trae Young,ATL,PG,2025-02-02,28,7.84,0.0,0,1,30.74,30.97,29.41,0.045,1,4,13,4,1,1.7,-0.178,1599.1,53,0.774,102.38,0.0,0,202,0,0,0,0.1993
1045,Trae Young,ATL,PG,2025-02-09,26,6.76,0.0,0,1,33.63,33.76,32.33,0.04,2,5,9,5,0,2.24,0.742,1612.9,56,0.77,103.21,0.158,1,86,0,1,1,0.528
1045,Trae Young,ATL,PG,2025-02-09,26,6.76,0.0,0,1,24.02,25.28,25.27,-0.049,2,4,12,3,3,0.6,-0.632,1207.3,51,0.911,103.42,0.036,0,268,0,0,0,0.3562
1045,Trae Young,ATL,PG,2025-02-18,28,7.84,0.0,0,1,25.94,30.4,28.99,-0.105,3,5,9,3,0,2.47,-0.144,1643.6,58,1.066,101.78,0.122,1,15,0,0,1,0.2657
1045,Trae Young,ATL,PG,2025-02-26,26,6.76,0.0,0,1,33.02,30.63,35.37,-0.067,2,4,12,1,0,1.56,0.518,1878.9,60,0.694,103.19,0.092,3,84,1,0,1,0.5649
1045,Trae Young,ATL,PG,2025-02-26,27,7.29,0.0,0,1,27.27,25.73,28.61,-0.047,3,5,13,0,0,2.33,-0.103,1541.9,57,0.812,103.73,0.012,1,37,0,0,0,0.1867
1045,Trae Young,ATL,PG,2025-02-27,28,7.84,0.0,0,1,27.73,27.29,27.28,0.017,1,4,11,1,2,0.9,-0.099,1743.1,60,1.126,102.81,0.0,0,298,0,0,1,0.2263
1045,Trae Young,ATL,PG,2025-02-28,27,7.29,0.0,0,1,31.24,32.58,35.72,-0.126,3,5,11,3,0,2.19,0.708,2221.0,63,0.881,102.96,0.059,0,393,0,0,0,0.1325
1045,Trae Young,ATL,PG,2025-02-28,28,7.84,0.0,0,1,23.69,27.84,26.3,-0.099,3,5,11,2,2,1.55,-0.163,1709.7,62,0.891,102.88,0.031,0,367,0,0,0,0.2109
1045,Trae Young,ATL,PG,2025-03-01,28,7.84,0.0,0,1,39.68,38.89,38.0,0.044,2,4,13,3,0,1.88,-0.099,2395.2,62,0.889,104.04,0.064,1,22,0,0,0,0.4238
1045,Trae Young,ATL,PG,2025-03-01,26,6.76,0.0,0,1,26.45,26.14,24.37,0.086,1,4,12,2,1,1.45,-0.214,1715.6,64,1.259,103.83,0.048,0,264,0,0,0,0.1933
1045,Trae Young,ATL,PG,2025-03-01,26,6.76,0.0,0,1,25.9,26.0,23.8,0.088,1,3,12,3,0,2.09,-0.466,1639.2,63,0.859,102.67,0.031,0,272,0,0,1,0.0958
1045,Trae Young,ATL,PG,2025-03-02,26,6.76,0.0,0,1,33.38,33.16,36.05,-0.074,2,4,8,3,0,2.11,0.253,2083.4,62,0.997,102.45,0.0,1,85,0,1,0,0.3655
1045,Trae Young,ATL,PG,2025-03-04,26,6.76,0.0,0,1,28.74,25.43,21.27,0.351,2,6,11,2,1,1.87,-0.566,1638.3,62,0.683,102.06,0.0,1,17,0,1,1,0.6566
1045,Trae Young,ATL,PG,2025-03-04,27,7.29,0.0,0,1,28.85,28.21,28.21,0.023,2,5,12,2,1,2.16,0.292,1845.1,65,0.785,102.38,0.069,0,322,0,0,0,0.1517
1045,Trae Young,ATL,PG,2025-03-09,27,7.29,0.0,0,1,29.34,26.83,28.31,0.036,1,4,11,1,1,1.18,-0.212,1750.8,63,1.191,102.28,0.03,1,79,0,1,1,0.4723
1045,Trae Young,ATL,PG,2025-03-10,27,7.29,0.0,0,1,26.13,27.1,27.63,-0.054,3,7,11,1,1,1.14,0.267,1913.0,66,0.82,102.87,0.0,0,271,0,0,0,0.1395
1045,Trae Young,ATL,PG,2025-03-12,27,7.29,0.0,0,1,37.12,32.36,31.68,0.172,4,7,12,5,0,1.7,0.488,2125.5,67,1.052,102.91,0.162,1,49,0,0,1,0.5772
1045,Trae Young,ATL,PG,2025-03-14,28,7.84,0.0,0,1,29.92,28.44,28.67,0.044,3,7,13,2,2,0.96,-1.064,1949.7,67,0.738,103.44,0.0,1,18,0,0,1,0.5902
1045,Trae Young,ATL,PG,2025-03-18,26,6.76,0.0,0,1,22.54,22.46,22.05,0.022,1,3,9,2,0,1.56,-0.12,1668.6,71,0.973,101.37,0.037,0,268,0,0,0,0.0798
1045,Trae Young,ATL,PG,2025-03-20,27,7.29,0.0,0,1,29.23,29.52,36.75,-0.205,3,7,13,5,2,1.71,-0.153,2157.2,71,0.986,101.77,0.012,0,219,0,0,1,0.3074
1045,Trae Young,ATL,PG,2025-03-21,26,6.76,0.0,0,1,39.93,33.96,29.08,0.373,4,7,13,7,1,1.66,0.347,2261.7,72,1.138,102.9,0.17,1,31,0,1,1,0.85
1045,Trae Young,ATL,PG,2025-03-24,27,7.29,0.0,0,1,30.11,34.07,32.31,-0.068,2,4,12,3,1,2.23,-0.435,2105.8,72,0.691,101.52,0.018,0,183,0,0,0,0.1421
1045,Trae Young,ATL,PG,2025-03-24,26,6.76,0.0,0,1,20.18,21.86,23.0,-0.123,1,3,9,1,1,0.81,0.071,1667.9,72,0.921,102.91,0.0,2,87,0,1,0,0.4515
1033,Tyler Herro,MIA,SG,2024-10-26,26,6.76,0.0,0,1,28.34,31.85,28.1,0.009,1,4,10,3,1,1.66,0.251,167.6,3,0.969,96.82,0.037,0,227,0,0,0,0.1651
1033,Tyler Herro,MIA,SG,2024-11-01,26,6.76,0.0,0,1,19.67,22.25,22.3,-0.118,3,6,14,4,2,1.67,0.45,168.1,10,1.22,97.48,0.045,0,277,0,0,0,0.2798
1033,Tyler Herro,MIA,SG,2024-11-03,26,6.76,0.0,0,1,24.36,21.3,24.68,-0.013,1,4,10,3,0,2.38,0.135,226.8,12,0.832,96.97,0.021,0,219,0,0,1,0.0653
1033,Tyler Herro,MIA,SG,2024-11-03,24,5.76,0.0,0,1,21.89,23.86,22.88,-0.043,1,4,12,3,0,2.08,0.109,269.8,11,0.986,97.91,0.058,1,16,0,0,0,0.2354
1033,Tyler Herro,MIA,SG,2024-11-05,26,6.76,0.0,0,1,23.18,29.1,25.24,-0.081,2,5,11,2,2,1.57,0.124,311.0,11,1.087,96.15,0.028,0,232,0,0,0,0.2006
1033,Tyler Herro,MIA,SG,2024-11-08,24,5.76,0.0,0,1,31.1,32.71,28.03,0.11,3,5,9,1,0,1.42,-0.495,262.9,8,0.86,96.63,0.0,0,359,0,0,0,0.0939
1033,Tyler Herro,MIA,SG,2024-11-08,26,6.76,0.0,0,1,36.15,33.5,34.2,0.057,3,6,10,0,1,2.06,-0.253,264.4,8,0.806,96.06,0.032,1,73,0,0,0,0.2968
1033,Tyler Herro,MIA,SG,2024-11-11,25,6.25,0.0,0,1,41.63,40.0,32.39,0.285,4,7,12,4,0,1.56,-0.018,506.8,13,0.68,97.57,0.063,1,45,0,1,1,0.6249
1033,Tyler Herro,MIA,SG,2024-11-22,26,6.76,0.0,0,1,19.34,25.97,22.47,-0.139,1,3,10,1,0,1.43,0.155,462.1,21,0.931,97.45,0.017,0,166,0,0,0,0.0719
1033,Tyler Herro,MIA,SG,2024-11-23,25,6.25,0.0,0,1,31.97,29.9,29.2,0.095,4,7,16,6,3,1.49,0.454,384.8,14,0.97,97.11,0.168,1,79,0,0,1,0.8469
1033,Tyler Herro,MIA,SG,2024-11-24,25,6.25,0.0,0,1,25.64,21.63,24.89,0.03,1,3,10,0,0,1.57,-0.017,534.0,20,0.681,96.85,0.0,2,89,0,1,1,0.2836
1033,Tyler Herro,MIA,SG,2024-11-24,25,6.25,0.0,0,1,20.72,21.8,21.62,-0.042,2,6,10,1,0,1.54,-0.136,419.7,18,0.977,97.49,0.101,0,130,0,0,1,0.0912
1033,Tyler Herro,MIA,SG,2024-11-27,24,5.76,0.0,0,1,26.72,29.25,26.24,0.018,1,5,11,2,1,1.6,0.102,483.5,18,0.934,96.32,0.0,0,274,0,0,0,0.1324
1033,Tyler Herro,MIA,SG,2024-11-29,25,6.25,0.0,0,1,32.8,32.55,30.46,0.077,2,4,9,1,2,2.45,-1.026,494.3,17,1.132,97.2,0.0,0,232,0,0,0,0.1976
1033,Tyler Herro,MIA,SG,2024-11-30,25,6.25,0.0,0,1,35.13,33.45,29.87,0.176,4,7,16,4,1,2.0,-0.181,714.5,23,0.669,96.81,0.214,0,170,0,0,0,0.3381
1033,Tyler Herro,MIA,SG,2024-12-03,24,5.76,0.0,0,1,31.89,34.9,33.17,-0.039,2,5,9,5,0,1.77,-0.389,684.2,20,0.819,97.52,0.064,0,320,0,0,0,0.1183
1033,Tyler Herro,MIA,SG,2024-12-10,24,5.76,0.0,0,1,35.73,32.41,27.61,0.294,4,7,13,0,1,2.11,1.226,770.2,25,0.83,96.52,0.203,2,56,0,0,1,0.7156
1033,Tyler Herro,MIA,SG,2024-12-16,25,6.25,0.0,0,1,18.88,17.84,16.82,0.122,2,5,14,4,1,2.23,-0.27,466.0,25,1.221,96.33,0.053,0,190,0,0,0,0.166
1033,Tyler Herro,MIA,SG,2024-12-25,24,5.76,0.0,0,1,29.44,29.01,25.35,0.162,4,6,15,3,1,1.0,-0.119,783.5,32,0.894,96.59,0.092,0,319,0,0,0,0.2432
1033,Tyler Herro,MIA,SG,2024-12-26,26,6.76,0.0,0,1,24.17,27.59,26.43,-0.085,1,4,10,0,0,1.4,0.184,865.8,33,0.877,97.97,0.022,2,11,0,1,0,0.3994
1033,Tyler Herro,MIA,SG,2024-12-26,24,5.76,0.0,0,1,33.49,29.88,30.57,0.095,2,5,10,0,2,0.9,0.753,933.7,33,1.081,98.66,0.249,1,55,0,0,0,0.6581
1033,Tyler Herro,MIA,SG,2024-12-27,25,6.25,0.0,0,1,27.83,29.67,28.02,-0.007,3,6,10,5,0,1.45,0.462,928.8,36,0.937,97.69,0.008,0,363,0,0,0,0.1361
1033,Tyler Herro,MIA,SG,2024-12-27,24,5.76,0.0,0,1,22.87,24.76,24.0,-0.047,1,5,11,4,0,1.9,0.086,773.1,33,0.949,96.23,0.05,2,83,0,0,1,0.2709
1033,Tyler Herro,MIA,SG,2024-12-28,26,6.76,0.0,0,1,30.59,33.36,27.96,0.094,1,5,14,3,0,1.46,-0.038,979.3,31,0.926,98.71,0.006,1,69,0,0,1,0.3041
1033,Tyler Herro,MIA,SG,2024-12-29,25,6.25,0.0,0,1,36.45,30.31,31.46,0.158,4,7,11,6,3,0.8,-0.074,1032.1,35,0.683,97.41,0.134,0,147,0,0,0,0.6539
1033,Tyler Herro,MIA,SG,2024-12-31,24,5.76,0.0,0,1,28.68,31.19,28.29,0.014,3,7,14,6,1,1.31,0.103,965.1,34,0.687,96.88,0.007,0,197,0,0,0,0.2239
1033,Tyler Herro,MIA,SG,2025-01-03,24,5.76,0.0,0,1,23.47,22.33,22.62,0.037,1,5,12,3,1,1.14,0.346,693.1,34,0.971,97.23,0.07,1,55,0,1,1,0.5237
1033,Tyler Herro,MIA,SG,2025-01-07,26,6.76,0.0,0,1,28.03,29.61,29.58,-0.052,2,6,13,1,1,1.23,0.248,991.1,39,0.638,95.95,0.085,0,272,0,0,0,0.1389
1033,Tyler Herro,MIA,SG,2025-01-13,26,6.76,0.0,0,1,25.55,24.88,20.71,0.234,1,5,10,3,1,1.52,-0.325,1027.4,42,1.039,99.32,0.022,0,319,0,0,1,0.2101
1033,Tyler Herro,MIA,SG,2025-01-14,24,5.76,0.0,0,1,30.88,29.78,31.32,-0.014,3,7,11,1,1,2.12,-1.037,1282.3,45,0.8,97.21,0.036,0,276,0,0,0,0.107
1033,Tyler Herro,MIA,SG,2025-01-25,24,5.76,0.0,0,1,26.42,28.8,33.95,-0.222,2,4,8,1,0,2.21,0.159,1364.2,43,0.745,97.43,0.038,0,304,0,0,0,0.0587
1033,Tyler Herro,MIA,SG,2025-01-28,25,6.25,0.0,0,1,23.82,24.23,23.76,0.003,3,6,15,1,1,2.14,0.278,1175.2,50,0.823,96.22,0.0,2,53,0,0,1,0.3794
1033,Tyler Herro,MIA,SG,2025-02-01,26,6.76,0.0,0,1,34.25,36.06,38.0,-0.099,3,7,16,0,0,2.32,-0.178,1849.6,50,0.995,96.77,0.0,1,88,0,0,0,0.1837
1033,Tyler Herro,MIA,SG,2025-02-02,24,5.76,0.0,0,1,20.52,18.48,19.42,0.056,3,7,16,1,1,1.65,-0.867,1027.9,51,0.685,95.03,0.061,0,320,0,0,0,0.1238
1033,Tyler Herro,MIA,SG,2025-02-03,25,6.25,0.0,0,1,38.01,35.89,35.18,0.08,3,6,10,4,2,1.64,0.254,1644.9,49,0.952,96.94,0.125,0,354,0,0,1,0.4017
1033,Tyler Herro,MIA,SG,2025-02-03,25,6.25,0.0,0,1,31.44,34.89,33.14,-0.051,1,3,9,0,0,2.21,-0.391,1670.4,53,0.85,96.55,0.011,1,10,0,0,0,0.1995
1033,Tyler Herro,MIA,SG,2025-02-04,26,6.76,0.0,0,1,27.73,24.68,24.17,0.147,1,5,13,0,0,2.38,0.262,1165.6,47,0.888,97.56,0.0,0,326,0,0,0,0.0756
1033,Tyler Herro,MIA,SG,2025-02-11,26,6.76,0.0,0,1,29.15,30.6,23.44,0.243,2,5,12,0,1,0.94,-0.193,1331.6,53,0.582,96.56,0.065,1,11,0,0,1,0.4441
1033,Tyler Herro,MIA,SG,2025-02-16,24,5.76,0.0,0,1,26.07,25.79,24.39,0.069,3,5,10,0,0,2.33,-0.629,1593.5,60,0.756,97.15,0.043,2,34,0,0,0,0.2306
1033,Tyler Herro,MIA,SG,2025-02-17,26,6.76,0.0,0,1,35.83,30.8,27.92,0.283,4,7,15,6,0,2.19,0.032,1692.0,59,0.787,96.33,0.155,0,322,0,0,0,0.2604
1033,Tyler Herro,MIA,SG,2025-02-19,24,5.76,0.0,0,1,40.02,32.45,27.63,0.449,4,7,16,6,0,2.87,-0.3,1773.9,55,0.92,96.53,0.078,0,382,0,0,1,0.3106
1033,Tyler Herro,MIA,SG,2025-02-21,25,6.25,0.0,0,1,30.67,28.94,31.38,-0.023,3,5,12,2,0,1.88,0.046,1785.5,59,0.965,97.42,0.0,1,72,0,0,0,0.2035
1033,Tyler Herro,MIA,SG,2025-02-22,26,6.76,0.0,0,1,40.17,40.0,33.97,0.182,4,7,13,4,1,1.57,-0.264,2129.6,61,0.978,96.81,0.08,1,48,0,1,0,0.7223
1033,Tyler Herro,MIA,SG,2025-03-02,25,6.25,0.0,0,1,28.75,26.86,23.74,0.211,4,7,13,2,3,1.07,-0.105,1677.6,66,0.961,97.43,0.123,1,86,0,1,1,0.7962
1033,Tyler Herro,MIA,SG,2025-03-02,26,6.76,0.0,0,1,29.31,30.46,31.45,-0.068,2,4,12,0,0,2.4,0.157,1842.6,62,1.02,97.75,0.025,0,152,0,0,0,0.0736
1033,Tyler Herro,MIA,SG,2025-03-03,25,6.25,0.0,0,1,28.6,26.45,27.61,0.036,2,4,12,2,0,2.36,-0.588,1473.7,59,0.745,96.79,0.04,0,192,0,0,0,0.0692
1033,Tyler Herro,MIA,SG,2025-03-15,24,5.76,0.0,0,1,25.98,25.41,22.39,0.16,2,5,12,2,0,2.19,-0.505,1624.4,67,0.706,96.43,0.0,0,322,0,0,1,0.0774
1033,Tyler Herro,MIA,SG,2025-03-22,24,5.76,0.0,0,1,36.65,31.5,28.82,0.272,2,4,10,1,1,1.28,0.256,2139.1,71,0.633,97.25,0.108,0,133,0,0,0,0.3388
1033,Tyler Herro,MIA,SG,2025-03-27,26,6.76,0.0,0,1,30.14,29.2,24.47,0.232,3,6,10,5,1,1.06,-0.117,1822.8,72,0.845,96.61,0.169,2,22,0,0,1,0.7102
1033,Tyler Herro,MIA,SG,2025-03-28,26,6.76,0.0,0,1,30.57,29.86,25.04,0.221,2,6,12,1,1,2.34,-0.036,1819.1,72,0.722,96.19,0.135,0,193,0,0,0,0.1633
1033,Tyler Herro,MIA,SG,2025-03-28,24,5.76,0.0,0,1,31.26,28.59,29.76,0.051,3,5,11,0,1,1.66,-0.148,2201.7,72,0.846,97.04,0.019,1,50,0,0,0,0.3145
1033,Tyler Herro,MIA,SG,2025-03-30,26,6.76,0.0,0,1,29.26,32.92,28.36,0.032,1,4,9,4,0,1.52,-0.198,2100.2,72,1.016,96.36,0.064,1,36,0,0,1,0.3254
1039,Tyrese Haliburton,IND,PG,2024-10-28,26,6.76,0.0,0,1,20.0,23.19,18.95,0.055,3,5,14,1,1,1.07,0.408,201.9,5,0.674,105.27,0.108,1,22,0,0,1,0.4539
1039,Tyrese Haliburton,IND,PG,2024-10-28,26,6.76,0.0,0,1,30.45,31.48,29.97,0.016,3,6,15,5,0,1.15,-0.02,254.4,9,0.935,103.21,0.0,2,16,0,0,0,0.5366
1039,Tyrese Haliburton,IND,PG,2024-10-31,26,6.76,0.0,0,1,24.33,26.24,26.96,-0.098,1,4,11,4,0,2.14,-1.173,255.5,9,0.957,103.92,0.01,1,51,0,0,1,0.2474
1039,Tyrese Haliburton,IND,PG,2024-11-01,25,6.25,0.0,0,1,23.59,24.51,25.85,-0.087,2,4,8,1,1,1.54,-0.431,132.6,5,1.081,103.88,0.0,1,23,0,1,0,0.4814
1039,Tyrese Haliburton,IND,PG,2024-11-05,27,7.29,0.0,0,1,27.89,24.39,20.97,0.33,4,7,13,6,2,1.91,0.088,119.4,8,0.916,103.66,0.093,0,204,0,0,1,0.5123
1039,Tyrese Haliburton,IND,PG,2024-11-08,27,7.29,0.0,0,1,32.17,33.99,31.44,0.023,1,3,10,0,1,1.76,0.07,200.8,7,0.682,103.37,0.098,0,125,0,0,0,0.2005
1039,Tyrese Haliburton,IND,PG,2024-11-09,26,6.76,0.0,0,1,42.0,35.29,33.0,0.273,4,7,16,5,1,1.73,-0.284,288.5,9,1.253,103.27,0.197,0,225,0,0,0,0.5268
1039,Tyrese Haliburton,IND,PG,2024-11-11,26,6.76,0.0,0,1,23.78,23.31,23.94,-0.006,2,5,14,5,0,1.96,0.067,274.3,10,0.625,103.36,0.042,0,162,0,0,0,0.133
1039,Tyrese Haliburton,IND,PG,2024-11-13,27,7.29,0.0,0,1,32.09,31.62,31.94,0.005,3,6,13,3,0,2.03,-0.132,387.4,14,0.742,103.96,0.0,0,345,0,0,0,0.1042
1039,Tyrese Haliburton,IND,PG,2024-11-16,26,6.76,0.0,0,1,28.3,29.12,27.74,0.021,3,5,13,3,1,1.64,-0.627,406.8,15,0.808,101.95,0.0,1,25,0,0,0,0.429
1039,Tyrese Haliburton,IND,PG,2024-11-30,25,6.25,0.0,0,1,20.98,22.15,26.68,-0.214,1,3,9,0,1,0.6,-0.279,450.4,21,0.98,104.96,0.0,0,158,0,0,0,0.1329
1039,Tyrese Haliburton,IND,PG,2024-12-02,27,7.29,0.0,0,1,29.47,30.61,26.44,0.114,3,7,13,6,0,1.28,-0.278,538.6,19,0.831,105.25,0.012,0,199,0,0,0,0.1993
1039,Tyrese Haliburton,IND,PG,2024-12-11,25,6.25,0.0,0,1,33.45,32.34,32.83,0.019,3,5,14,0,0,1.94,-0.33,909.6,27,1.109,105.09,0.03,0,323,0,0,0,0.1032
1039,Tyrese Haliburton,IND,PG,2024-12-11,26,6.76,0.0,0,1,34.46,32.43,35.46,-0.028,3,5,14,4,0,2.29,0.339,914.6,25,0.944,103.45,0.098,0,342,0,0,0,0.1582
1039,Tyrese Haliburton,IND,PG,2024-12-16,27,7.29,0.0,0,1,32.27,31.32,36.45,-0.115,1,5,14,3,0,1.74,0.168,1006.5,31,0.834,104.67,0.008,0,376,0,0,1,0.1353
1039,Tyrese Haliburton,IND,PG,2024-12-20,25,6.25,0.0,0,1,31.4,30.43,31.27,0.004,1,5,9,1,2,0.89,-0.577,901.9,30,0.694,103.45,0.02,0,398,0,0,0,0.2281
1039,Tyrese Haliburton,IND,PG,2024-12-23,27,7.29,0.0,0,1,28.23,28.42,31.57,-0.106,2,5,12,1,0,2.06,0.578,730.3,28,0.918,104.18,0.108,0,148,0,0,0,0.1372
1039,Tyrese Haliburton,IND,PG,2024-12-24,26,6.76,0.0,0,1,31.94,33.83,33.02,-0.033,1,5,10,4,0,2.1,-0.353,1145.5,35,0.89,104.71,0.047,1,17,0,0,1,0.3507
1039,Tyrese Haliburton,IND,PG,2024-12-27,25,6.25,0.0,0,1,39.98,36.71,32.66,0.224,1,4,10,2,3,1.77,0.098,1085.9,29,0.853,104.95,0.089,1,69,0,0,1,0.8042
1039,Tyrese Haliburton,IND,PG,2024-12-29,26,6.76,0.0,0,1,33.6,32.93,32.93,0.02,2,4,13,4,0,2.31,0.009,1251.9,35,0.977,102.88,0.0,0,122,0,0,0,0.1707
1039,Tyrese Haliburton,IND,PG,2025-01-01,25,6.25,0.0,0,1,29.0,28.25,24.29,0.194,3,6,10,0,3,1.42,-0.682,911.0,33,0.751,105.54,0.065,0,145,0,0,0,0.4917
1039,Tyrese Haliburton,IND,PG,2025-01-03,27,7.29,0.0,0,1,25.3,21.01,21.27,0.189,3,5,13,3,0,1.3,-0.082,854.7,35,0.631,103.31,0.099,0,388,0,0,0,0.1441
1039,Tyrese Haliburton,IND,PG,2025-01-05,27,7.29,0.0,0,1,34.84,37.8,37.74,-0.077,1,5,12,3,3,1.05,0.232,1416.3,38,1.187,103.23,0.012,2,51,0,0,0,0.8175
1039,Tyrese Haliburton,IND,PG,2025-01-14,27,7.29,0.0,0,1,29.99,31.92,29.79,0.007,1,5,13,1,0,2.33,-0.496,1315.4,39,0.997,102.39,0.031,1,18,0,0,1,0.2454
1039,Tyrese Haliburton,IND,PG,2025-01-17,25,6.25,0.0,0,1,37.72,36.52,29.53,0.278,3,6,12,2,2,1.36,0.597,1486.0,46,0.907,102.9,0.134,1,39,0,0,1,0.7994
1039,Tyrese Haliburton,IND,PG,2025-01-21,26,6.76,0.0,0,1,35.92,35.9,32.2,0.115,3,5,13,2,0,1.71,0.067,1614.8,48,0.93,104.33,0.052,1,62,0,0,1,0.3717
1039,Tyrese Haliburton,IND,PG,2025-01-29,26,6.76,0.0,0,1,26.04,24.71,22.33,0.166,3,7,16,1,0,1.58,0.641,1163.2,47,0.712,104.48,0.061,0,205,0,0,0,0.1763
1039,Tyrese Haliburton,IND,PG,2025-01-29,26,6.76,0.0,0,1,29.19,29.61,28.63,0.02,2,6,11,2,1,2.34,0.191,1409.2,49,1.13,104.75,0.081,0,209,0,0,0,0.1661
1039,Tyrese Haliburton,IND,PG,2025-01-31,27,7.29,0.0,0,1,34.06,30.91,32.37,0.052,1,5,12,1,0,1.71,-0.418,1655.1,45,1.108,103.34,0.0,0,278,0,0,1,0.1085
1039,Tyrese Haliburton,IND,PG,2025-01-31,25,6.25,0.0,0,1,22.97,25.13,23.2,-0.01,1,4,8,3,0,2.01,-0.184,1276.5,50,0.633,104.05,0.0,1,21,0,0,0,0.2366
1039,Tyrese Haliburton,IND,PG,2025-02-03,27,7.29,0.0,0,1,37.23,37.1,38.0,-0.02,3,5,9,2,1,1.53,-0.064,1703.6,48,1.107,103.2,0.0,0,143,0,0,1,0.2543
1039,Tyrese Haliburton,IND,PG,2025-02-04,25,6.25,0.0,0,1,26.67,26.57,28.02,-0.048,1,5,10,2,0,2.04,-0.569,1435.8,53,0.749,103.53,0.017,0,189,0,0,1,0.0791
1039,Tyrese Haliburton,IND,PG,2025-02-13,26,6.76,0.0,0,1,32.52,35.26,32.26,0.008,1,3,9,2,1,1.21,0.281,1804.3,54,0.912,102.48,0.062,1,25,0,0,0,0.4876
1039,Tyrese Haliburton,IND,PG,2025-02-14,25,6.25,0.0,0,1,25.42,25.19,23.41,0.086,1,4,10,2,0,1.52,-0.127,1455.0,59,0.859,104.14,0.009,1,64,0,0,0,0.2609
1039,Tyrese Haliburton,IND,PG,2025-02-17,27,7.29,0.0,0,1,35.25,35.49,33.16,0.063,2,5,9,5,2,1.94,-0.228,2146.4,60,0.762,104.47,0.016,1,41,0,0,0,0.6621
1039,Tyrese Haliburton,IND,PG,2025-02-17,25,6.25,0.0,0,1,33.41,38.13,34.42,-0.03,1,4,8,4,1,1.68,-1.035,2032.1,57,1.021,103.66,0.066,0,120,0,0,0,0.307
1039,Tyrese Haliburton,IND,PG,2025-02-19,27,7.29,0.0,0,1,24.21,24.74,23.3,0.039,3,5,14,1,0,2.23,0.273,1256.8,58,0.759,102.48,0.055,1,22,0,1,0,0.3597
1039,Tyrese Haliburton,IND,PG,2025-02-20,25,6.25,0.0,0,1,21.51,29.03,27.67,-0.223,2,5,11,4,0,1.71,-0.426,1557.5,59,0.685,104.91,0.013,1,23,0,0,0,0.2789
1039,Tyrese Haliburton,IND,PG,2025-02-21,25,6.25,0.0,0,1,33.59,32.78,29.25,0.148,2,6,15,4,0,2.28,-0.549,1755.9,58,0.854,103.51,0.103,0,189,0,0,1,0.1873
1039,Tyrese Haliburton,IND,PG,2025-02-22,25,6.25,0.0,0,1,25.95,23.07,26.74,-0.03,3,6,10,4,2,0.89,-0.137,1356.9,59,0.842,103.1,0.029,0,163,0,0,0,0.3106
1039,Tyrese Haliburton,IND,PG,2025-02-23,25,6.25,0.0,0,1,38.21,37.59,37.59,0.016,2,6,15,2,0,1.29,0.209,2328.4,60,0.99,104.46,0.032,2,39,0,1,0,0.6492
1039,Tyrese Haliburton,IND,PG,2025-02-27,27,7.29,0.0,0,1,42.0,40.0,36.6,0.148,3,5,11,5,2,1.64,0.636,2422.9,64,0.904,103.93,0.147,2,60,0,1,0,0.85
1039,Tyrese Haliburton,IND,PG,2025-02-28,25,6.25,0.0,0,1,26.01,25.54,25.05,0.038,3,6,14,6,2,1.97,0.046,1438.9,61,0.859,103.95,0.0,0,237,0,0,0,0.3358
1039,Tyrese Haliburton,IND,PG,2025-02-28,26,6.76,0.0,0,1,26.1,27.02,22.61,0.155,1,5,14,0,0,2.82,0.016,1633.2,61,0.941,104.78,0.0,1,61,0,0,1,0.2056
1039,Tyrese Haliburton,IND,PG,2025-03-01,26,6.76,0.0,0,1,26.34,24.79,27.76,-0.051,2,6,14,5,0,2.47,0.158,1776.2,63,0.886,105.43,0.059,1,12,0,1,1,0.4938
1039,Tyrese Haliburton,IND,PG,2025-03-01,26,6.76,0.0,0,1,24.91,24.89,21.19,0.175,2,5,12,0,1,1.18,-0.934,1575.4,61,0.904,104.46,0.0,0,336,0,0,0,0.1581
1039,Tyrese Haliburton,IND,PG,2025-03-05,27,7.29,0.0,0,1,25.72,28.88,26.13,-0.015,1,3,10,2,1,1.22,-0.159,1769.6,66,0.531,103.34,0.019,0,202,0,0,0,0.1308
1039,Tyrese Haliburton,IND,PG,2025-03-20,26,6.76,0.0,0,1,38.32,33.82,28.95,0.324,3,5,9,0,1,1.66,-0.125,2159.9,68,0.726,104.1,0.16,1,19,0,1,1,0.7282
1039,Tyrese Haliburton,IND,PG,2025-03-24,27,7.29,0.0,0,1,32.63,32.77,36.73,-0.112,2,4,8,1,0,1.98,0.075,2418.7,72,0.962,103.66,0.0,0,291,0,0,0,0.088
1039,Tyrese Haliburton,IND,PG,2025-03-26,25,6.25,0.0,0,1,35.5,30.06,27.51,0.291,4,7,11,7,3,1.13,0.408,1912.0,70,1.051,103.06,0.139,0,260,0,0,1,0.7653
1039,Tyrese Haliburton,IND,PG,2025-03-28,27,7.29,0.0,0,1,24.68,21.96,20.74,0.19,2,5,13,4,1,1.29,-0.391,1555.0,72,0.946,104.95,0.0,1,32,0,1,0,0.6739
1039,Tyrese Haliburton,IND,PG,2025-03-30,27,7.29,0.0,0,1,36.42,34.05,38.0,-0.042,2,4,12,1,0,1.9,0.925,2529.5,72,0.86,103.88,0.084,1,46,0,1,0,0.5079
1026,Tyrese Maxey,PHI,PG,2024-10-30,25,6.25,0.0,0,1,28.99,32.18,26.59,0.09,2,6,14,1,1,2.15,-0.29,155.6,6,0.778,96.86,0.034,0,253,0,0,0,0.1301
1026,Tyrese Maxey,PHI,PG,2024-10-31,26,6.76,0.0,0,1,31.31,25.78,25.98,0.205,2,5,11,4,0,1.92,0.363,158.4,7,0.821,96.67,0.088,3,71,1,0,1,0.673
1026,Tyrese Maxey,PHI,PG,2024-11-05,25,6.25,0.0,0,1,25.73,28.36,26.54,-0.031,1,3,10,0,1,2.39,-0.36,189.9,8,1.123,98.4,0.054,0,343,0,0,0,0.0852
1026,Tyrese Maxey,PHI,PG,2024-11-07,26,6.76,0.0,0,1,32.45,33.62,33.36,-0.027,1,5,9,1,0,1.27,-0.815,204.9,7,0.661,96.99,0.0,0,158,0,0,0,0.0934
1026,Tyrese Maxey,PHI,PG,2024-11-07,26,6.76,0.0,0,1,29.38,30.26,30.55,-0.038,2,6,10,4,1,2.48,-0.115,182.1,7,0.782,98.33,0.0,0,203,0,0,0,0.1226
1026,Tyrese Maxey,PHI,PG,2024-11-07,24,5.76,0.0,0,1,28.57,25.87,28.28,0.01,1,3,10,2,1,2.32,0.878,195.6,10,0.645,96.83,0.099,2,37,0,0,1,0.4999
1026,Tyrese Maxey,PHI,PG,2024-11-09,24,5.76,0.0,0,1,22.0,24.15,25.63,-0.142,1,5,13,2,0,1.73,-0.268,229.0,8,0.993,96.42,0.055,0,211,0,0,0,0.0709
1026,Tyrese Maxey,PHI,PG,2024-11-11,24,5.76,0.0,0,1,31.36,32.57,35.81,-0.124,3,5,10,5,3,1.13,0.502,259.3,9,0.875,97.04,0.048,0,327,0,0,0,0.4901
1026,Tyrese Maxey,PHI,PG,2024-11-13,24,5.76,0.0,0,1,31.03,29.66,32.34,-0.04,3,5,13,0,2,2.27,-0.412,311.2,12,1.072,97.54,0.008,1,60,0,0,0,0.3841
1026,Tyrese Maxey,PHI,PG,2024-11-17,25,6.25,0.0,0,1,26.1,27.03,25.23,0.035,3,6,12,5,2,1.33,-0.639,259.7,11,0.98,95.49,0.005,0,317,0,0,0,0.2778
1026,Tyrese Maxey,PHI,PG,2024-11-17,24,5.76,0.0,0,1,20.59,23.09,26.79,-0.231,3,5,11,0,0,1.84,-0.486,410.6,17,0.908,98.13,0.069,0,269,0,0,0,0.0492
1026,Tyrese Maxey,PHI,PG,2024-11-21,26,6.76,0.0,0,1,40.34,38.43,32.83,0.229,3,6,13,5,0,1.91,0.397,577.1,15,0.812,98.76,0.069,0,357,0,0,0,0.2564
1026,Tyrese Maxey,PHI,PG,2024-11-21,26,6.76,0.0,0,1,13.62,18.74,20.09,-0.322,1,3,9,1,2,1.87,-0.518,322.6,16,0.727,98.31,0.036,0,370,0,0,1,0.1125
1026,Tyrese Maxey,PHI,PG,2024-11-26,25,6.25,0.0,0,1,30.1,26.04,24.42,0.232,2,6,14,0,2,1.15,-0.246,455.4,17,0.904,97.42,0.062,0,275,0,0,0,0.2947
1026,Tyrese Maxey,PHI,PG,2024-11-28,25,6.25,0.0,0,1,34.58,33.37,35.38,-0.022,1,3,8,3,1,1.92,-0.673,619.4,18,1.039,96.92,0.11,0,336,0,0,0,0.1757
1026,Tyrese Maxey,PHI,PG,2024-12-03,26,6.76,0.0,0,1,25.98,27.82,30.69,-0.154,2,5,14,3,1,1.85,-0.194,683.0,24,0.705,97.68,0.0,0,315,0,0,0,0.1303
1026,Tyrese Maxey,PHI,PG,2024-12-05,25,6.25,0.0,0,1,29.02,29.35,31.24,-0.071,3,6,15,0,0,2.03,0.076,711.2,24,0.986,98.96,0.063,1,25,0,1,0,0.3371
1026,Tyrese Maxey,PHI,PG,2024-12-12,24,5.76,0.0,0,1,29.9,27.72,27.19,0.1,3,5,10,4,1,1.48,-0.177,684.1,24,0.741,96.38,0.041,0,326,0,0,0,0.1969
1026,Tyrese Maxey,PHI,PG,2024-12-13,25,6.25,0.0,0,1,21.99,23.13,27.1,-0.189,3,7,12,5,1,2.13,-0.462,657.6,30,0.778,96.63,0.0,0,399,0,0,0,0.122
1026,Tyrese Maxey,PHI,PG,2024-12-23,25,6.25,0.0,0,1,32.67,32.44,30.42,0.074,2,6,14,3,0,1.56,-0.229,963.9,30,1.004,98.06,0.017,0,255,0,0,0,0.1316
1026,Tyrese Maxey,PHI,PG,2024-12-28,26,6.76,0.0,0,1,32.39,29.54,30.44,0.064,2,6,10,3,1,1.5,0.149,1027.3,35,1.07,97.41,0.124,1,61,0,0,0,0.4726
1026,Tyrese Maxey,PHI,PG,2025-01-04,25,6.25,0.0,0,1,18.87,21.13,20.38,-0.074,1,5,11,2,1,1.83,0.11,688.2,34,1.117,97.76,0.005,0,175,0,0,1,0.1153
1026,Tyrese Maxey,PHI,PG,2025-01-07,26,6.76,0.0,0,1,32.32,28.73,31.75,0.018,3,5,10,2,1,2.33,-1.103,978.5,34,0.721,96.88,0.017,0,226,0,0,0,0.1161
1026,Tyrese Maxey,PHI,PG,2025-01-09,24,5.76,0.0,0,1,26.81,29.8,24.33,0.102,2,5,10,0,1,1.99,-0.033,1118.1,39,1.056,96.05,0.051,2,10,0,1,0,0.5678
1026,Tyrese Maxey,PHI,PG,2025-01-11,26,6.76,0.0,0,1,29.21,30.93,29.02,0.006,2,6,15,4,1,1.9,0.263,1139.1,39,0.995,96.5,0.007,1,47,0,0,0,0.4569
1026,Tyrese Maxey,PHI,PG,2025-01-14,26,6.76,0.0,0,1,32.25,31.99,33.25,-0.03,2,6,12,3,0,2.12,-0.375,1260.3,44,0.753,97.53,0.098,1,86,0,0,0,0.2101
1026,Tyrese Maxey,PHI,PG,2025-01-18,25,6.25,0.0,0,1,22.53,26.34,29.42,-0.234,2,6,15,5,2,1.32,0.872,1008.7,44,0.75,96.96,0.087,2,54,0,1,1,0.8264
1026,Tyrese Maxey,PHI,PG,2025-01-22,26,6.76,0.0,0,1,24.83,25.85,27.57,-0.1,2,5,12,1,2,1.21,-0.72,1183.6,44,0.741,97.05,0.0,2,78,0,0,1,0.4521
1026,Tyrese Maxey,PHI,PG,2025-01-26,25,6.25,0.0,0,1,17.4,19.9,17.21,0.011,2,4,10,3,1,1.45,-0.633,971.7,50,1.099,97.06,0.0,1,28,0,1,0,0.4464
1026,Tyrese Maxey,PHI,PG,2025-01-28,25,6.25,0.0,0,1,23.18,22.51,20.65,0.122,3,6,14,6,0,2.16,-0.09,1203.3,50,0.655,96.26,0.017,1,74,0,1,0,0.3878
1026,Tyrese Maxey,PHI,PG,2025-01-28,26,6.76,0.0,0,1,35.72,35.61,38.0,-0.06,2,4,11,2,1,1.84,-0.311,1924.5,51,0.639,97.14,0.0,2,63,0,0,1,0.4178
1026,Tyrese Maxey,PHI,PG,2025-01-31,26,6.76,0.0,0,1,28.99,24.81,26.43,0.097,3,7,12,7,1,2.16,-0.1,1351.4,48,0.601,97.75,0.0,0,399,0,0,1,0.2013
1026,Tyrese Maxey,PHI,PG,2025-02-04,25,6.25,0.0,0,1,16.11,15.97,19.32,-0.166,2,4,10,3,1,1.24,0.324,962.3,50,0.671,97.36,0.09,2,50,0,1,0,0.5282
1026,Tyrese Maxey,PHI,PG,2025-02-04,25,6.25,0.0,0,1,19.54,22.49,19.15,0.021,1,4,11,3,1,1.19,0.015,1087.9,54,0.878,96.17,0.0,0,397,0,0,0,0.1179
1026,Tyrese Maxey,PHI,PG,2025-02-08,25,6.25,0.0,0,1,26.95,25.47,26.08,0.033,2,6,11,6,0,1.6,0.431,1353.7,55,0.803,97.63,0.086,1,15,0,0,0,0.4267
1026,Tyrese Maxey,PHI,PG,2025-02-08,26,6.76,0.0,0,1,39.39,40.0,35.86,0.098,2,5,10,2,0,1.74,-0.169,1976.2,54,0.704,98.04,0.042,0,209,0,0,0,0.121
1026,Tyrese Maxey,PHI,PG,2025-02-16,26,6.76,0.0,0,1,19.15,21.45,20.8,-0.079,2,6,14,4,0,2.45,0.166,1108.1,59,0.683,96.47,0.027,1,20,0,0,0,0.2201
1026,Tyrese Maxey,PHI,PG,2025-02-19,26,6.76,0.0,0,1,33.86,29.7,33.39,0.014,3,6,12,5,2,1.59,0.462,1564.7,55,1.032,97.14,0.165,1,51,0,0,1,0.6992
1026,Tyrese Maxey,PHI,PG,2025-02-19,25,6.25,0.0,0,1,31.48,29.45,27.4,0.149,2,6,13,6,0,2.37,-0.549,1591.4,55,0.878,97.36,0.0,0,344,0,0,0,0.1431
1026,Tyrese Maxey,PHI,PG,2025-02-24,26,6.76,0.0,0,1,23.94,22.44,16.97,0.411,3,6,10,4,0,2.11,-0.694,1326.6,60,0.822,98.33,0.0,1,63,0,0,0,0.3523
1026,Tyrese Maxey,PHI,PG,2025-02-25,24,5.76,0.0,0,1,38.78,32.44,32.52,0.192,2,5,10,4,0,1.65,1.134,1796.0,59,0.811,99.46,0.263,0,375,0,0,0,0.3354
1026,Tyrese Maxey,PHI,PG,2025-02-27,26,6.76,0.0,0,1,34.84,32.74,35.36,-0.015,2,6,10,4,0,1.78,0.337,2064.3,60,0.757,95.53,0.0,0,288,0,0,0,0.1237
1026,Tyrese Maxey,PHI,PG,2025-03-01,24,5.76,0.0,0,1,20.25,19.21,21.24,-0.047,2,6,15,5,0,0.78,-0.315,1342.9,65,0.927,97.85,0.0,1,74,0,1,0,0.3587
1026,Tyrese Maxey,PHI,PG,2025-03-08,26,6.76,0.0,0,1,41.18,36.29,28.3,0.455,3,7,11,7,1,1.86,-0.352,2371.7,68,0.837,98.13,0.134,0,228,0,0,1,0.5105
1026,Tyrese Maxey,PHI,PG,2025-03-09,25,6.25,0.0,0,1,38.74,36.65,38.0,0.02,2,4,8,2,0,1.78,0.108,2430.4,64,0.743,96.88,0.01,1,23,0,1,0,0.4283
1026,Tyrese Maxey,PHI,PG,2025-03-09,25,6.25,0.0,0,1,25.53,24.77,27.63,-0.076,1,4,13,2,0,2.09,-0.72,1616.7,63,0.936,96.81,0.145,1,18,0,0,0,0.2477
1026,Tyrese Maxey,PHI,PG,2025-03-10,24,5.76,0.0,0,1,33.54,38.23,32.27,0.039,2,6,11,3,1,1.23,0.21,2018.1,63,1.012,97.68,0.095,2,68,0,0,1,0.5499
1026,Tyrese Maxey,PHI,PG,2025-03-11,26,6.76,0.0,0,1,34.46,35.67,33.3,0.035,2,5,10,3,0,1.5,-0.237,2271.1,68,0.737,96.47,0.0,0,281,0,0,0,0.1083
1026,Tyrese Maxey,PHI,PG,2025-03-15,26,6.76,0.0,0,1,36.81,32.03,32.56,0.131,2,6,11,6,0,1.85,-0.009,2101.3,68,0.606,98.22,0.084,0,274,0,0,0,0.1766
1026,Tyrese Maxey,PHI,PG,2025-03-17,24,5.76,0.0,0,1,32.5,29.23,27.51,0.182,1,4,9,2,0,1.7,-0.252,2009.0,68,0.735,96.75,0.0,1,53,0,1,0,0.4083
1026,Tyrese Maxey,PHI,PG,2025-03-21,26,6.76,0.0,0,1,18.83,19.03,14.75,0.277,2,5,10,0,2,1.55,-0.814,1190.6,72,0.966,99.72,0.032,0,326,0,0,0,0.2199
1026,Tyrese Maxey,PHI,PG,2025-03-28,26,6.76,0.0,0,1,37.72,37.98,33.58,0.123,1,4,11,1,0,1.27,0.125,2490.3,72,0.686,97.86,0.113,1,26,0,1,1,0.4858
1042,Victor Wembanyama,SAS,C,2024-10-23,23,5.29,0.0,1,0,31.23,32.82,31.82,-0.019,3,7,11,2,0,1.51,-0.172,170.2,7,0.419,98.92,0.01,1,83,0,0,0,0.2968
1042,Victor Wembanyama,SAS,C,2024-10-27,23,5.29,0.0,1,0,34.13,34.58,36.29,-0.06,2,6,15,6,1,1.72,0.097,325.8,8,0.533,100.67,0.075,0,377,0,0,0,0.3944
1042,Victor Wembanyama,SAS,C,2024-10-27,22,4.84,0.0,1,0,30.77,35.84,35.81,-0.141,2,6,10,0,1,1.56,0.72,273.3,8,0.753,99.92,0.0,2,51,0,0,1,0.6127
1042,Victor Wembanyama,SAS,C,2024-11-03,23,5.29,0.0,1,0,42.0,40.0,37.69,0.114,3,7,14,6,0,1.92,0.155,394.4,10,0.576,100.36,0.166,0,246,0,0,0,0.379
1042,Victor Wembanyama,SAS,C,2024-11-04,22,4.84,0.0,1,0,39.27,33.4,34.37,0.143,3,6,13,3,2,1.49,-0.585,442.9,12,0.714,98.05,0.0,0,326,0,0,1,0.504
1042,Victor Wembanyama,SAS,C,2024-11-06,23,5.29,0.0,1,0,33.31,31.95,30.94,0.077,4,7,14,2,2,0.6,0.323,295.3,10,0.689,99.84,0.112,1,69,0,0,0,0.7399
1042,Victor Wembanyama,SAS,C,2024-11-07,22,4.84,0.0,1,0,36.12,32.85,30.47,0.186,3,5,11,4,2,1.38,0.39,285.9,7,0.724,99.87,0.171,0,161,0,0,1,0.6675
1042,Victor Wembanyama,SAS,C,2024-11-07,23,5.29,0.0,1,0,29.27,27.19,34.28,-0.146,1,3,12,1,0,2.01,-0.614,239.7,12,0.908,99.66,0.0,0,141,0,0,0,0.1487
1042,Victor Wembanyama,SAS,C,2024-11-08,23,5.29,0.0,1,0,32.7,33.08,30.95,0.057,4,6,15,1,2,1.12,1.077,164.5,8,0.735,99.69,0.185,0,181,0,0,1,0.5975
1042,Victor Wembanyama,SAS,C,2024-11-15,22,4.84,0.0,1,0,34.9,32.66,30.7,0.137,3,6,12,1,0,1.64,0.885,470.7,17,0.613,100.36,0.122,2,83,0,0,1,0.6042
1042,Victor Wembanyama,SAS,C,2024-11-17,22,4.84,0.0,1,0,30.29,31.54,32.29,-0.062,3,6,14,3,1,0.6,-0.178,336.2,11,0.745,99.82,0.029,1,14,0,0,1,0.6061
1042,Victor Wembanyama,SAS,C,2024-11-19,22,4.84,0.0,1,0,35.65,34.67,36.0,-0.01,1,3,12,0,3,0.96,-0.062,657.4,19,0.71,99.34,0.043,0,138,0,0,1,0.5363
1042,Victor Wembanyama,SAS,C,2024-11-19,22,4.84,0.0,1,0,30.71,30.63,31.5,-0.025,3,6,11,6,0,1.58,0.116,404.2,14,1.008,99.2,0.0,0,345,0,0,1,0.2289
1042,Victor Wembanyama,SAS,C,2024-11-22,22,4.84,0.0,1,0,26.22,25.4,26.86,-0.024,1,5,10,4,0,2.01,-0.035,530.9,20,0.89,99.47,0.0,0,174,0,0,0,0.1577
1042,Victor Wembanyama,SAS,C,2024-11-22,21,4.41,0.0,1,0,30.26,32.95,31.76,-0.047,1,5,12,0,1,0.92,-0.148,517.2,16,0.434,99.38,0.064,0,169,0,0,0,0.205
1042,Victor Wembanyama,SAS,C,2024-11-25,22,4.84,0.0,1,0,29.76,31.26,32.51,-0.084,2,5,9,3,1,0.8,-0.444,686.5,20,0.454,100.78,0.0,0,271,0,0,0,0.2332
1042,Victor Wembanyama,SAS,C,2024-11-26,22,4.84,0.0,1,0,29.4,28.36,30.02,-0.021,3,5,10,4,1,1.8,0.525,424.6,15,0.741,99.66,0.003,0,327,0,0,0,0.2952
1042,Victor Wembanyama,SAS,C,2024-11-29,21,4.41,0.0,1,0,39.5,37.49,31.87,0.239,2,5,13,2,3,0.69,0.501,781.4,24,0.692,99.15,0.164,2,12,0,1,1,0.85
1042,Victor Wembanyama,SAS,C,2024-12-01,21,4.41,0.0,1,0,38.58,40.0,36.46,0.058,1,5,10,3,2,1.5,-0.164,960.3,25,0.503,100.23,0.042,0,267,0,0,0,0.4494
1042,Victor Wembanyama,SAS,C,2024-12-08,21,4.41,0.0,1,0,37.9,35.2,34.0,0.115,1,3,8,1,0,1.13,0.175,970.8,27,0.561,98.35,0.013,0,196,0,0,1,0.1969
1042,Victor Wembanyama,SAS,C,2024-12-14,21,4.41,0.0,1,0,35.4,33.46,31.29,0.131,4,7,13,3,1,1.06,0.194,883.1,31,0.658,101.71,0.152,0,354,0,0,1,0.4192
1042,Victor Wembanyama,SAS,C,2024-12-14,23,5.29,0.0,1,0,22.09,21.33,24.03,-0.081,1,4,10,0,1,1.77,-0.893,684.6,30,0.854,100.11,0.04,1,86,0,0,0,0.3233
1042,Victor Wembanyama,SAS,C,2024-12-18,23,5.29,0.0,1,0,25.69,27.12,25.12,0.023,1,3,8,1,1,1.88,-0.128,785.8,29,0.562,100.46,0.009,1,27,0,0,0,0.4315
1042,Victor Wembanyama,SAS,C,2024-12-20,23,5.29,0.0,1,0,27.61,29.23,30.13,-0.084,2,4,11,0,0,2.34,0.187,941.3,33,0.496,100.34,0.044,0,250,0,0,0,0.091
1042,Victor Wembanyama,SAS,C,2024-12-24,22,4.84,0.0,1,0,33.54,35.45,35.69,-0.06,2,5,10,2,1,1.59,-0.915,947.2,28,0.782,99.82,0.03,0,349,0,0,0,0.2453
1042,Victor Wembanyama,SAS,C,2024-12-24,23,5.29,0.0,1,0,26.58,26.43,28.8,-0.077,2,6,10,4,2,2.22,0.103,932.2,31,0.808,99.36,0.072,0,181,0,0,0,0.3619
1042,Victor Wembanyama,SAS,C,2024-12-25,23,5.29,0.0,1,0,30.91,33.81,28.16,0.098,4,6,12,6,1,1.57,0.93,884.5,34,0.995,99.25,0.125,0,296,0,0,1,0.521
1042,Victor Wembanyama,SAS,C,2024-12-28,22,4.84,0.0,1,0,27.3,24.42,26.98,0.012,3,6,14,4,1,1.62,-0.377,745.9,30,0.926,100.55,0.027,0,253,0,0,1,0.293
1042,Victor Wembanyama,SAS,C,2024-12-29,23,5.29,0.0,1,0,42.0,38.37,35.31,0.189,3,6,12,0,1,1.6,0.2,1143.2,33,0.686,100.95,0.217,0,287,0,0,0,0.4018
1042,Victor Wembanyama,SAS,C,2024-12-31,21,4.41,0.0,1,0,29.8,27.49,28.13,0.059,2,6,11,1,0,1.86,-0.096,834.4,31,0.731,99.96,0.079,0,390,0,0,0,0.1374
1042,Victor Wembanyama,SAS,C,2025-01-07,22,4.84,0.0,1,0,36.93,34.25,30.33,0.218,3,6,10,5,1,1.53,-0.38,1237.9,38,0.698,98.24,0.1,0,175,0,0,1,0.4884
1042,Victor Wembanyama,SAS,C,2025-01-12,21,4.41,0.0,1,0,35.49,32.46,28.09,0.263,2,4,8,3,1,1.56,0.511,1241.8,44,0.509,99.43,0.105,0,328,0,0,0,0.4584
1042,Victor Wembanyama,SAS,C,2025-01-13,22,4.84,0.0,1,0,34.09,30.05,28.02,0.217,3,5,11,5,0,2.55,-0.173,997.3,39,0.704,100.02,0.115,1,47,0,0,0,0.5324
1042,Victor Wembanyama,SAS,C,2025-01-20,23,5.29,0.0,1,0,25.29,27.75,27.58,-0.083,3,7,16,4,0,1.91,0.491,1275.6,46,0.621,100.05,0.082,0,305,0,0,0,0.2148
1042,Victor Wembanyama,SAS,C,2025-01-22,21,4.41,0.0,1,0,27.46,31.47,33.16,-0.172,1,4,9,3,1,0.9,-0.487,1350.4,45,0.92,100.51,0.0,0,206,0,0,1,0.2433
1042,Victor Wembanyama,SAS,C,2025-02-01,21,4.41,0.0,1,0,33.39,34.89,31.1,0.074,2,5,10,1,0,1.19,-0.101,1475.4,51,0.552,99.53,0.035,0,281,0,0,0,0.1547
1042,Victor Wembanyama,SAS,C,2025-02-03,23,5.29,0.0,1,0,31.54,31.52,34.28,-0.08,3,5,12,2,0,1.79,-1.14,1602.7,54,0.818,100.28,0.0,0,122,0,0,0,0.2015
1042,Victor Wembanyama,SAS,C,2025-02-05,21,4.41,0.0,1,0,25.66,25.4,23.29,0.102,3,6,14,5,1,1.35,0.303,1344.1,49,0.947,100.4,0.111,0,205,0,0,0,0.4128
1042,Victor Wembanyama,SAS,C,2025-02-06,21,4.41,0.0,1,0,28.76,26.75,31.31,-0.082,2,6,15,5,2,1.94,-0.374,1309.4,49,0.506,99.79,0.073,2,61,0,0,1,0.7667
1042,Victor Wembanyama,SAS,C,2025-02-08,21,4.41,0.0,1,0,34.71,32.44,32.81,0.058,2,6,15,2,1,1.94,-0.41,1771.2,56,0.775,100.09,0.0,0,129,0,0,1,0.3689
1042,Victor Wembanyama,SAS,C,2025-02-17,22,4.84,0.0,1,0,37.23,38.04,34.51,0.079,3,6,14,1,1,1.46,-0.614,1944.3,54,0.802,99.86,0.022,0,169,0,0,0,0.3429
1042,Victor Wembanyama,SAS,C,2025-02-18,21,4.41,0.0,1,0,32.36,33.33,27.69,0.169,3,6,11,2,0,2.26,-0.574,1810.7,57,0.618,100.19,0.0,0,332,0,0,0,0.1602
1042,Victor Wembanyama,SAS,C,2025-02-18,21,4.41,0.0,1,0,33.9,33.07,33.16,0.022,3,5,13,1,2,1.5,0.65,1876.1,54,0.832,99.87,0.052,0,185,0,0,1,0.4748
1042,Victor Wembanyama,SAS,C,2025-02-19,21,4.41,0.0,1,0,31.91,29.58,29.97,0.065,2,6,11,1,0,2.01,-0.503,1647.9,55,0.719,99.63,0.011,0,383,0,0,1,0.1302
1042,Victor Wembanyama,SAS,C,2025-02-19,21,4.41,0.0,1,0,26.24,24.06,26.74,-0.019,3,6,15,3,1,1.54,-0.263,1572.4,59,0.47,99.48,0.062,0,372,0,0,1,0.2471
1042,Victor Wembanyama,SAS,C,2025-02-22,21,4.41,0.0,1,0,27.91,26.06,29.84,-0.065,1,3,12,2,2,0.73,0.38,1817.9,61,0.937,99.66,0.022,0,341,0,0,1,0.3764
1042,Victor Wembanyama,SAS,C,2025-03-06,21,4.41,0.0,1,0,40.31,36.41,33.66,0.197,4,6,14,2,2,1.54,0.148,2197.1,66,0.719,100.75,0.127,2,50,0,0,0,0.85
1042,Victor Wembanyama,SAS,C,2025-03-08,22,4.84,0.0,1,0,33.05,29.98,26.03,0.269,3,5,10,2,2,0.6,-0.097,1775.4,64,0.615,100.17,0.151,1,25,0,0,1,0.8047
1042,Victor Wembanyama,SAS,C,2025-03-16,23,5.29,0.0,1,0,38.65,37.04,35.57,0.087,1,4,11,0,2,0.96,0.251,2409.2,67,0.686,99.48,0.007,0,227,0,0,0,0.4033
1042,Victor Wembanyama,SAS,C,2025-03-17,21,4.41,0.0,1,0,34.08,34.64,35.84,-0.049,1,3,11,2,1,2.71,0.238,2386.5,70,0.974,100.59,0.038,0,161,0,0,0,0.2623
1042,Victor Wembanyama,SAS,C,2025-03-25,22,4.84,0.0,1,0,35.43,38.82,37.38,-0.052,1,5,14,4,1,1.81,-0.081,2681.3,72,0.683,99.86,0.011,1,14,0,1,1,0.7462
1042,Victor Wembanyama,SAS,C,2025-03-29,21,4.41,0.0,1,0,23.28,19.93,28.16,-0.173,1,3,12,1,0,1.84,-0.154,1682.6,72,0.675,100.29,0.032,0,175,0,0,0,0.1115
1028,Zion Williamson,NOP,PF,2024-10-23,25,6.25,0.0,1,0,42.0,40.0,36.72,0.144,4,7,16,4,0,1.12,0.838,230.0,4,0.59,101.89,0.172,3,47,1,1,1,0.85
1028,Zion Williamson,NOP,PF,2024-10-30,24,5.76,0.0,1,0,32.31,31.16,36.02,-0.103,2,6,12,0,0,1.31,-0.1,117.8,3,0.886,99.44,0.043,0,229,1,0,1,0.1906
1028,Zion Williamson,NOP,PF,2024-10-30,24,5.76,0.0,1,0,32.83,36.49,35.48,-0.074,3,5,13,0,1,1.25,0.253,260.9,7,0.596,100.61,0.005,2,89,1,1,1,0.7495
1028,Zion Williamson,NOP,PF,2024-10-31,24,5.76,0.0,1,0,36.28,35.97,38.0,-0.045,1,3,9,2,0,1.49,-0.05,356.7,11,0.683,101.26,0.064,1,16,1,1,0,0.7004
1028,Zion Williamson,NOP,PF,2024-11-02,25,6.25,0.0,1,0,28.61,29.52,26.19,0.093,2,4,10,0,0,2.3,-0.528,118.9,4,0.453,101.59,0.032,3,33,1,1,1,0.7046
1028,Zion Williamson,NOP,PF,2024-11-05,26,6.76,0.0,1,0,36.63,36.66,33.49,0.094,1,4,12,3,0,1.63,-0.701,361.2,12,0.432,99.66,0.0,0,284,1,0,1,0.2736
1028,Zion Williamson,NOP,PF,2024-11-08,26,6.76,0.0,1,0,34.66,31.43,34.26,0.012,3,7,14,7,1,2.57,-0.58,219.7,10,0.8,99.0,0.0,1,35,1,1,1,0.8201
1028,Zion Williamson,NOP,PF,2024-11-08,25,6.25,0.0,1,0,31.75,29.88,27.92,0.137,2,4,12,2,1,2.03,0.928,288.1,9,1.112,100.5,0.113,0,160,1,0,1,0.5748
1028,Zion Williamson,NOP,PF,2024-11-19,25,6.25,0.0,1,0,36.09,35.45,38.0,-0.05,1,5,12,4,0,1.13,0.416,646.6,18,0.688,99.9,0.0,2,27,1,1,0,0.8156
1028,Zion Williamson,NOP,PF,2024-11-23,25,6.25,0.0,1,0,42.0,36.62,33.22,0.264,3,6,13,1,0,2.15,0.14,583.4,18,0.618,100.56,0.118,0,192,1,0,0,0.384
1028,Zion Williamson,NOP,PF,2024-12-03,26,6.76,0.0,1,0,34.99,35.88,30.81,0.136,2,6,11,2,3,1.58,0.147,775.0,26,0.391,101.53,0.106,1,61,1,1,1,0.85
1028,Zion Williamson,NOP,PF,2024-12-04,25,6.25,0.0,1,0,31.01,26.2,31.13,-0.004,1,5,14,1,0,2.86,0.611,645.5,24,0.715,100.37,0.117,4,88,1,1,1,0.7903
1028,Zion Williamson,NOP,PF,2024-12-07,25,6.25,0.0,1,0,33.41,34.22,31.04,0.077,3,6,14,3,0,1.98,-0.357,729.9,23,0.539,100.22,0.0,5,20,1,1,1,0.85
1028,Zion Williamson,NOP,PF,2024-12-11,25,6.25,0.0,1,0,37.26,37.47,38.0,-0.019,3,7,11,2,0,2.39,0.429,933.7,25,0.635,99.12,0.058,2,70,1,1,1,0.6873
1028,Zion Williamson,NOP,PF,2024-12-12,26,6.76,0.0,1,0,34.1,33.24,35.66,-0.044,3,7,12,0,0,1.53,-0.01,786.2,24,0.684,100.16,0.025,1,28,1,1,0,0.5932
1028,Zion Williamson,NOP,PF,2024-12-17,24,5.76,0.0,1,0,28.06,24.13,24.07,0.166,1,3,11,3,0,1.83,0.445,818.6,31,0.673,100.41,0.072,0,164,1,0,1,0.3617
1028,Zion Williamson,NOP,PF,2024-12-18,26,6.76,0.0,1,0,25.67,25.58,26.55,-0.033,2,5,10,0,2,0.66,-0.07,675.3,30,0.724,100.8,0.04,4,79,1,1,1,0.85
1028,Zion Williamson,NOP,PF,2024-12-21,25,6.25,0.0,1,0,38.54,33.85,31.66,0.217,4,7,11,1,1,1.56,-0.305,825.6,28,0.501,99.68,0.131,3,27,1,1,1,0.85
1028,Zion Williamson,NOP,PF,2024-12-25,24,5.76,0.0,1,0,34.12,35.62,36.07,-0.054,2,6,12,1,0,1.42,0.172,1239.9,36,0.591,100.98,0.028,0,310,1,0,0,0.2272
1028,Zion Williamson,NOP,PF,2024-12-25,25,6.25,0.0,1,0,29.03,30.58,30.79,-0.057,3,6,13,6,1,1.26,0.177,961.1,34,0.976,101.24,0.109,2,42,1,1,1,0.85
1028,Zion Williamson,NOP,PF,2024-12-28,25,6.25,0.0,1,0,31.73,30.11,29.61,0.071,2,6,14,5,1,1.8,-0.445,1102.6,36,0.498,99.92,0.03,3,67,1,1,1,0.85
1028,Zion Williamson,NOP,PF,2024-12-28,26,6.76,0.0,1,0,30.34,33.24,30.63,-0.009,1,3,10,2,1,1.58,-0.13,1165.7,33,0.674,98.48,0.012,1,50,1,1,0,0.6996
1028,Zion Williamson,NOP,PF,2024-12-31,24,5.76,0.0,1,0,36.22,36.45,33.88,0.069,2,4,8,0,0,1.88,-0.535,1147.3,35,0.766,99.25,0.023,1,29,1,1,1,0.6112
1028,Zion Williamson,NOP,PF,2025-01-05,26,6.76,0.0,1,0,26.56,26.23,29.6,-0.103,1,5,10,3,0,1.14,-0.036,1140.9,39,0.729,100.11,0.093,1,75,1,1,0,0.5824
1028,Zion Williamson,NOP,PF,2025-01-13,26,6.76,0.0,1,0,31.34,31.63,33.79,-0.073,1,3,11,1,0,1.41,0.252,1189.9,39,0.914,100.51,0.076,3,38,1,1,1,0.8002
1028,Zion Williamson,NOP,PF,2025-01-14,25,6.25,0.0,1,0,26.17,26.9,23.64,0.107,1,4,13,4,0,2.47,-0.316,1150.3,45,0.692,98.69,0.029,1,36,1,1,1,0.6208
1028,Zion Williamson,NOP,PF,2025-01-18,24,5.76,0.0,1,0,42.0,39.52,31.98,0.313,4,6,11,1,3,1.03,1.127,1467.8,44,0.628,102.81,0.243,2,18,1,1,1,0.85
1028,Zion Williamson,NOP,PF,2025-01-23,26,6.76,0.0,1,0,18.96,18.7,18.57,0.021,3,6,12,4,1,1.2,0.668,898.8,49,0.783,100.74,0.255,4,37,1,1,1,0.85
1028,Zion Williamson,NOP,PF,2025-01-23,24,5.76,0.0,1,0,19.32,23.12,20.74,-0.069,1,5,11,5,1,1.87,-0.24,1038.8,46,0.57,99.87,0.052,2,62,1,1,1,0.7544
1028,Zion Williamson,NOP,PF,2025-01-24,25,6.25,0.0,1,0,27.38,22.09,22.18,0.235,2,5,10,2,0,1.95,0.43,1106.8,43,0.697,101.96,0.0,2,39,1,1,1,0.7894
1028,Zion Williamson,NOP,PF,2025-01-27,26,6.76,0.0,1,0,25.85,25.46,23.51,0.099,2,4,11,0,0,1.24,0.149,1129.4,46,0.748,100.56,0.007,1,37,1,1,0,0.5892
1028,Zion Williamson,NOP,PF,2025-01-28,25,6.25,0.0,1,0,26.73,32.03,29.44,-0.092,3,5,11,1,1,1.11,-0.007,1398.4,46,0.646,100.59,0.023,4,24,1,1,1,0.85
1028,Zion Williamson,NOP,PF,2025-01-31,24,5.76,0.0,1,0,41.2,39.28,36.02,0.144,2,6,11,4,1,1.9,0.472,1571.8,45,0.546,99.42,0.152,1,30,1,1,1,0.85
1028,Zion Williamson,NOP,PF,2025-02-01,26,6.76,0.0,1,0,28.18,25.64,26.23,0.074,3,7,11,3,0,1.75,-0.138,1320.7,49,0.933,99.35,0.0,4,23,1,1,1,0.85
1028,Zion Williamson,NOP,PF,2025-02-03,24,5.76,0.0,1,0,24.44,22.27,23.12,0.057,3,7,15,6,1,1.45,0.413,1171.3,54,0.702,100.5,0.063,1,57,1,1,1,0.85
1028,Zion Williamson,NOP,PF,2025-02-06,25,6.25,0.0,1,0,42.0,38.96,33.55,0.252,3,7,16,1,1,2.18,-0.301,1751.6,51,0.737,100.42,0.095,2,10,1,1,1,0.85
1028,Zion Williamson,NOP,PF,2025-02-07,24,5.76,0.0,1,0,35.09,34.45,35.76,-0.019,1,5,10,1,2,1.58,0.123,2034.3,55,0.739,100.17,0.034,0,388,1,0,0,0.4691
1028,Zion Williamson,NOP,PF,2025-02-08,25,6.25,0.0,1,0,39.84,35.52,35.78,0.113,2,6,12,3,1,2.06,0.442,1946.4,56,0.649,98.36,0.051,2,64,1,1,1,0.85
1028,Zion Williamson,NOP,PF,2025-02-08,25,6.25,0.0,1,0,33.38,32.58,30.58,0.092,4,7,13,4,2,0.6,0.998,1488.4,49,0.701,100.74,0.2,1,22,1,1,1,0.85
1028,Zion Williamson,NOP,PF,2025-02-10,26,6.76,0.0,1,0,31.89,33.04,27.94,0.141,2,6,11,4,1,1.44,-0.023,1619.3,54,0.622,100.79,0.0,2,63,1,1,1,0.85
1028,Zion Williamson,NOP,PF,2025-02-17,24,5.76,0.0,1,0,28.09,28.68,26.63,0.055,4,7,12,6,0,1.58,-0.002,1460.2,57,0.79,101.24,0.041,2,79,1,1,0,0.7669
1028,Zion Williamson,NOP,PF,2025-02-19,24,5.76,0.0,1,0,32.7,34.93,31.59,0.035,1,5,13,0,0,2.24,-0.426,1877.7,58,0.454,100.91,0.0,0,346,1,0,0,0.1599
1028,Zion Williamson,NOP,PF,2025-02-24,25,6.25,0.0,1,0,29.71,29.95,30.12,-0.013,2,4,12,1,1,0.85,-0.144,1749.0,56,0.653,100.87,0.0,1,25,1,1,1,0.7158
1028,Zion Williamson,NOP,PF,2025-03-08,24,5.76,0.0,1,0,38.12,32.66,28.86,0.321,4,7,12,6,1,2.0,-0.14,1977.6,68,0.729,100.54,0.127,4,73,1,1,1,0.85
1028,Zion Williamson,NOP,PF,2025-03-11,25,6.25,0.0,1,0,33.22,34.7,31.87,0.042,2,5,9,4,1,1.52,0.377,2095.4,64,0.79,100.15,0.0,2,69,1,1,0,0.85
1028,Zion Williamson,NOP,PF,2025-03-15,25,6.25,0.0,1,0,39.6,35.32,33.14,0.195,4,7,12,6,0,1.8,0.813,2228.7,67,0.552,101.45,0.243,2,38,1,1,1,0.85
1028,Zion Williamson,NOP,PF,2025-03-22,24,5.76,0.0,1,0,39.78,36.13,35.83,0.11,2,6,12,5,0,0.83,0.548,2733.3,72,0.547,101.45,0.059,0,396,1,0,0,0.4712
1028,Zion Williamson,NOP,PF,2025-03-22,25,6.25,0.0,1,0,34.98,36.19,35.05,-0.002,2,5,11,1,0,1.79,-0.14,2529.0,72,0.774,100.69,0.054,0,187,1,0,0,0.2258
1028,Zion Williamson,NOP,PF,2025-03-25,26,6.76,0.0,1,0,35.76,36.26,33.57,0.065,3,5,9,3,1,2.22,-0.092,2704.0,72,0.697,99.63,0.0,3,41,1,1,1,0.85
1028,Zion Williamson,NOP,PF,2025-03-30,25,6.25,0.0,1,0,36.81,31.85,29.93,0.23,3,7,14,0,2,1.58,0.186,2078.2,72,0.333,100.24,0.135,1,29,1,1,0,0.85
1028,Zion Williamson,NOP,PF,2025-03-30,24,5.76,0.0,1,0,34.46,38.1,37.38,-0.078,3,5,9,0,0,1.41,-0.036,2689.4,72,0.651,99.94,0.0,0,322,1,0,0,0.1863
1028,Zion Williamson,NOP,PF,2025-03-30,26,6.76,0.0,1,0,28.21,31.58,30.44,-0.073,3,6,11,0,0,1.62,-0.234,2189.2,72,0.551,100.52,0.009,1,81,1,1,1,0.4561
